﻿<?xml version="1.0" encoding="utf-8"?>
<InterlinearData ScrTextName="zz_SUR" GlossLanguage="en-US" BookId="GEN">
  <Verses>
    <item>
      <string>GEN 1:1</string>
      <VerseData>
        <Cluster>
          <Range Index="5" Length="6" />
          <Lexeme Id="Word:pugyet" GlossId="F1d2fUVw" />
        </Cluster>
        <Cluster>
          <Range Index="12" Length="2" />
          <Lexeme Id="Word:ɗi" GlossId="GFIxrJOg" />
        </Cluster>
        <Cluster>
          <Range Index="15" Length="5" />
          <Lexeme Id="Word:nshee" GlossId="QaBjVxAQ" />
        </Cluster>
        <Cluster>
          <Range Index="22" Length="2" />
          <Lexeme Id="Word:ɓe" GlossId="ml77xXgE" />
        </Cluster>
        <Cluster>
          <Range Index="25" Length="4" />
          <Lexeme Id="Word:naan" GlossId="SiFJNbI1" />
        </Cluster>
        <Cluster>
          <Range Index="30" Length="4" />
          <Lexeme Id="Word:wuri" GlossId="SfYJnm79" />
        </Cluster>
        <Cluster>
          <Range Index="35" Length="2" />
          <Lexeme Id="Word:le" GlossId="FUbrBljs" />
        </Cluster>
        <Cluster>
          <Range Index="38" Length="4" />
          <Lexeme Id="Word:ɗeng" GlossId="87Pj53S5" />
        </Cluster>
        <Cluster>
          <Range Index="43" Length="2" />
          <Lexeme Id="Word:kɨ" GlossId="P2dicVfz" />
        </Cluster>
        <Cluster>
          <Range Index="46" Length="3" />
          <Lexeme Id="Word:yil" GlossId="50S1K9fG" />
        </Cluster>
        <Cluster>
          <Range Index="38" Length="11" />
          <Lexeme Id="Phrase:ɗeng kɨ yil" GlossId="7wkXyyVU" />
        </Cluster>
        <Cluster>
          <Range Index="12" Length="2" />
          <Lexeme Id="Stem:ɗi" GlossId="Y0tT7mr2" />
        </Cluster>
        <Cluster>
          <Range Index="15" Length="5" />
          <Lexeme Id="Prefix:n" GlossId="zfKSBrfz" />
          <Lexeme Id="Stem:shee" GlossId="yvF6qPAU" />
        </Cluster>
        <Cluster>
          <Range Index="22" Length="2" />
          <Lexeme Id="Stem:ɓe" GlossId="mheV5mDo" />
        </Cluster>
        <Cluster>
          <Range Index="25" Length="4" />
          <Lexeme Id="Stem:naan" GlossId="xfpCYsoL" />
        </Cluster>
        <Cluster>
          <Range Index="30" Length="4" />
          <Lexeme Id="Stem:wuri" GlossId="Q6awZQvm" />
        </Cluster>
        <Cluster>
          <Range Index="35" Length="2" />
          <Lexeme Id="Stem:le" GlossId="z5XD/MVj" />
        </Cluster>
        <Cluster>
          <Range Index="38" Length="4" />
          <Lexeme Id="Stem:ɗeng" GlossId="z8RUU2Eo" />
        </Cluster>
        <Cluster>
          <Range Index="43" Length="2" />
          <Lexeme Id="Stem:kɨ" GlossId="aaEqCk31" />
        </Cluster>
        <Cluster>
          <Range Index="46" Length="3" />
          <Lexeme Id="Stem:yil" GlossId="qrtkSWQV" />
        </Cluster>
      </VerseData>
    </item>
    <item>
      <string>GEN 1:7</string>
      <VerseData />
    </item>
    <item>
      <string>GEN 1:0</string>
      <VerseData />
    </item>
    <item>
      <string>GEN 1:2</string>
      <VerseData>
        <Cluster>
          <Range Index="5" Length="3" />
          <Lexeme Id="Word:yil" GlossId="50S1K9fG" />
        </Cluster>
        <Cluster>
          <Range Index="9" Length="2" />
          <Lexeme Id="Word:ni" GlossId="psk9WmNA" />
        </Cluster>
        <Cluster>
          <Range Index="12" Length="4" />
          <Lexeme Id="Word:aasi" GlossId="Xkh+dhkY" />
        </Cluster>
        <Cluster>
          <Range Index="17" Length="3" />
          <Lexeme Id="Word:buu" GlossId="zD18HwHx" />
        </Cluster>
        <Cluster>
          <Range Index="9" Length="2" />
          <Lexeme Id="Stem:ni" GlossId="CNjEF48G" />
        </Cluster>
      </VerseData>
    </item>
    <item>
      <string>GEN 1:3</string>
      <VerseData />
    </item>
    <item>
      <string>GEN 1:4</string>
      <VerseData />
    </item>
    <item>
      <string>GEN 1:5</string>
      <VerseData />
    </item>
    <item>
      <string>GEN 1:6</string>
      <VerseData />
    </item>
    <item>
      <string>GEN 1:8</string>
      <VerseData />
    </item>
    <item>
      <string>GEN 1:9</string>
      <VerseData />
    </item>
    <item>
      <string>GEN 1:10</string>
      <VerseData />
    </item>
    <item>
      <string>GEN 1:11</string>
      <VerseData />
    </item>
    <item>
      <string>GEN 1:12</string>
      <VerseData />
    </item>
    <item>
      <string>GEN 1:13</string>
      <VerseData />
    </item>
    <item>
      <string>GEN 1:14</string>
      <VerseData />
    </item>
    <item>
      <string>GEN 1:15</string>
      <VerseData />
    </item>
    <item>
      <string>GEN 1:16</string>
      <VerseData />
    </item>
    <item>
      <string>GEN 1:17</string>
      <VerseData />
    </item>
    <item>
      <string>GEN 1:18</string>
      <VerseData />
    </item>
    <item>
      <string>GEN 1:19</string>
      <VerseData />
    </item>
    <item>
      <string>GEN 1:20</string>
      <VerseData />
    </item>
    <item>
      <string>GEN 1:21</string>
      <VerseData />
    </item>
    <item>
      <string>GEN 1:22</string>
      <VerseData />
    </item>
    <item>
      <string>GEN 1:23</string>
      <VerseData />
    </item>
    <item>
      <string>GEN 1:24</string>
      <VerseData />
    </item>
    <item>
      <string>GEN 1:25</string>
      <VerseData />
    </item>
    <item>
      <string>GEN 1:26</string>
      <VerseData />
    </item>
    <item>
      <string>GEN 1:27</string>
      <VerseData />
    </item>
    <item>
      <string>GEN 1:28</string>
      <VerseData />
    </item>
    <item>
      <string>GEN 1:29</string>
      <VerseData />
    </item>
    <item>
      <string>GEN 1:30</string>
      <VerseData />
    </item>
    <item>
      <string>GEN 1:31</string>
      <VerseData />
    </item>
  </Verses>
</InterlinearData>