﻿<?xml version="1.0" encoding="utf-8"?>
<InterlinearData ScrTextName="zz_SUR" GlossLanguage="ha" BookId="PRO">
  <Verses>
    <item>
      <string>PRO 2:4</string>
      <VerseData />
    </item>
    <item>
      <string>PRO 2:5</string>
      <VerseData />
    </item>
    <item>
      <string>PRO 2:6</string>
      <VerseData />
    </item>
    <item>
      <string>PRO 2:7</string>
      <VerseData />
    </item>
    <item>
      <string>PRO 2:1</string>
      <VerseData />
    </item>
    <item>
      <string>PRO 1:1</string>
      <VerseData />
    </item>
    <item>
      <string>PRO 1:2</string>
      <VerseData />
    </item>
    <item>
      <string>PRO 1:3</string>
      <VerseData />
    </item>
    <item>
      <string>PRO 2:2</string>
      <VerseData />
    </item>
    <item>
      <string>PRO 2:3</string>
      <VerseData />
    </item>
    <item>
      <string>PRO 2:8</string>
      <VerseData />
    </item>
    <item>
      <string>PRO 1:4</string>
      <VerseData />
    </item>
    <item>
      <string>PRO 2:9</string>
      <VerseData />
    </item>
    <item>
      <string>PRO 2:10</string>
      <VerseData />
    </item>
    <item>
      <string>PRO 2:11</string>
      <VerseData />
    </item>
    <item>
      <string>PRO 2:12</string>
      <VerseData />
    </item>
    <item>
      <string>PRO 2:13</string>
      <VerseData />
    </item>
    <item>
      <string>PRO 1:5</string>
      <VerseData />
    </item>
    <item>
      <string>PRO 2:14</string>
      <VerseData />
    </item>
    <item>
      <string>PRO 2:15</string>
      <VerseData />
    </item>
    <item>
      <string>PRO 2:16</string>
      <VerseData>
        <Cluster>
          <Range Index="32" Length="2" />
          <Lexeme Id="Word:ar" GlossId="0" />
        </Cluster>
        <Cluster>
          <Range Index="10" Length="4" />
          <Lexeme Id="Word:mɓam" GlossId="0" />
        </Cluster>
        <Cluster>
          <Range Index="35" Length="3" />
          <Lexeme Id="Word:kɨ̀" GlossId="1" />
        </Cluster>
        <Cluster>
          <Range Index="60" Length="5" />
          <Lexeme Id="Word:wuraa" GlossId="1" />
        </Cluster>
        <Cluster>
          <Range Index="72" Length="11" />
          <Lexeme Id="Phrase:shang shang" GlossId="1" />
        </Cluster>
      </VerseData>
    </item>
    <item>
      <string>PRO 2:17</string>
      <VerseData />
    </item>
    <item>
      <string>PRO 2:18</string>
      <VerseData />
    </item>
    <item>
      <string>PRO 2:19</string>
      <VerseData />
    </item>
    <item>
      <string>PRO 2:20</string>
      <VerseData />
    </item>
  </Verses>
</InterlinearData>