﻿<?xml version="1.0" encoding="utf-8"?>
<InterlinearData ScrTextName="zz_SUR" GlossLanguage="ha" BookId="GEN">
  <Verses>
    <item>
      <string>GEN 49:1</string>
      <VerseData />
    </item>
    <item>
      <string>GEN 49:6</string>
      <VerseData />
    </item>
    <item>
      <string>GEN 49:7</string>
      <VerseData />
    </item>
    <item>
      <string>GEN 49:8</string>
      <VerseData>
        <Cluster>
          <Range Index="87" Length="10" />
          <Lexeme Id="Word:dyemnɨghɨn" GlossId="0" />
        </Cluster>
      </VerseData>
    </item>
  </Verses>
</InterlinearData>