﻿<?xml version="1.0" encoding="utf-8"?>
<CheckingStatuses>
  <CheckingStatus>
    <BookName>2SA</BookName>
    <Check>Marker</Check>
    <MD5>4CE6DD0EB232A1E14861776FF63FBD13</MD5>
    <Date>2014-10-02T11:12:01.8488881+01:00</Date>
    <Errors>0</Errors>
    <DeniedErrors>0</DeniedErrors>
  </CheckingStatus>
  <CheckingStatus>
    <BookName>2SA</BookName>
    <Check>RepeatedWord</Check>
    <MD5>4CE6DD0EB232A1E14861776FF63FBD13</MD5>
    <Date>2014-10-02T11:12:01.9148918+01:00</Date>
    <Errors>42</Errors>
    <DeniedErrors>0</DeniedErrors>
  </CheckingStatus>
  <CheckingStatus>
    <BookName>2SA</BookName>
    <Check>Character</Check>
    <MD5>4CE6DD0EB232A1E14861776FF63FBD13</MD5>
    <Date>2014-10-02T11:12:01.9918962+01:00</Date>
    <Errors>63</Errors>
    <DeniedErrors>0</DeniedErrors>
  </CheckingStatus>
  <CheckingStatus>
    <BookName>2SA</BookName>
    <Check>Capitalization</Check>
    <MD5>4CE6DD0EB232A1E14861776FF63FBD13</MD5>
    <Date>2014-10-02T11:12:02.0498996+01:00</Date>
    <Errors>3</Errors>
    <DeniedErrors>0</DeniedErrors>
  </CheckingStatus>
  <CheckingStatus>
    <BookName>2SA</BookName>
    <Check>Punctuation</Check>
    <MD5>4CE6DD0EB232A1E14861776FF63FBD13</MD5>
    <Date>2014-10-02T11:12:02.091902+01:00</Date>
    <Errors>193</Errors>
    <DeniedErrors>0</DeniedErrors>
  </CheckingStatus>
  <CheckingStatus>
    <BookName>2SA</BookName>
    <Check>Quotation</Check>
    <MD5>4CE6DD0EB232A1E14861776FF63FBD13</MD5>
    <Date>2014-10-02T11:12:02.1889075+01:00</Date>
    <Errors>97</Errors>
    <DeniedErrors>0</DeniedErrors>
  </CheckingStatus>
  <CheckingStatus>
    <BookName>ECC</BookName>
    <Check>Capitalization</Check>
    <MD5>12D3F7088C2F6AD9E0661234CCA59E3C</MD5>
    <Date>2015-02-16T07:46:02.6971074+01:00</Date>
    <Errors>104</Errors>
    <DeniedErrors>0</DeniedErrors>
  </CheckingStatus>
  <CheckingStatus>
    <BookName>ECC</BookName>
    <Check>Marker</Check>
    <MD5>12D3F7088C2F6AD9E0661234CCA59E3C</MD5>
    <Date>2015-02-16T07:46:02.6981075+01:00</Date>
    <Errors>0</Errors>
    <DeniedErrors>-92</DeniedErrors>
  </CheckingStatus>
  <CheckingStatus>
    <BookName>ECC</BookName>
    <Check>RepeatedWord</Check>
    <MD5>12D3F7088C2F6AD9E0661234CCA59E3C</MD5>
    <Date>2015-02-16T07:46:02.6991075+01:00</Date>
    <Errors>0</Errors>
    <DeniedErrors>-11</DeniedErrors>
  </CheckingStatus>
  <CheckingStatus>
    <BookName>ECC</BookName>
    <Check>Character</Check>
    <MD5>12D3F7088C2F6AD9E0661234CCA59E3C</MD5>
    <Date>2015-02-16T07:46:02.7051079+01:00</Date>
    <Errors>9</Errors>
    <DeniedErrors>0</DeniedErrors>
  </CheckingStatus>
  <CheckingStatus>
    <BookName>ECC</BookName>
    <Check>MatchedPairs</Check>
    <MD5>12D3F7088C2F6AD9E0661234CCA59E3C</MD5>
    <Date>2015-02-16T07:46:02.707108+01:00</Date>
    <Errors>0</Errors>
    <DeniedErrors>-11</DeniedErrors>
  </CheckingStatus>
  <CheckingStatus>
    <BookName>ECC</BookName>
    <Check>Punctuation</Check>
    <MD5>12D3F7088C2F6AD9E0661234CCA59E3C</MD5>
    <Date>2015-02-16T07:46:02.7121083+01:00</Date>
    <Errors>28</Errors>
    <DeniedErrors>0</DeniedErrors>
  </CheckingStatus>
  <CheckingStatus>
    <BookName>ECC</BookName>
    <Check>Quotation</Check>
    <MD5>12D3F7088C2F6AD9E0661234CCA59E3C</MD5>
    <Date>2015-02-16T07:46:02.7131083+01:00</Date>
    <Errors>0</Errors>
    <DeniedErrors>-28</DeniedErrors>
  </CheckingStatus>
  <CheckingStatus>
    <BookName>ECC</BookName>
    <Check>Numbers</Check>
    <MD5>12D3F7088C2F6AD9E0661234CCA59E3C</MD5>
    <Date>2015-02-16T07:46:02.7141084+01:00</Date>
    <Errors>0</Errors>
    <DeniedErrors>0</DeniedErrors>
  </CheckingStatus>
  <CheckingStatus>
    <BookName>ISA</BookName>
    <Check>Capitalization</Check>
    <MD5>2D161F9E8326837E53E1E53274424DF2</MD5>
    <Date>2015-05-18T12:04:37.8923221+01:00</Date>
    <Errors>1044</Errors>
    <DeniedErrors>0</DeniedErrors>
  </CheckingStatus>
  <CheckingStatus>
    <BookName>ISA</BookName>
    <Check>RepeatedWord</Check>
    <MD5>2D161F9E8326837E53E1E53274424DF2</MD5>
    <Date>2015-05-18T12:04:37.9153234+01:00</Date>
    <Errors>36</Errors>
    <DeniedErrors>0</DeniedErrors>
  </CheckingStatus>
  <CheckingStatus>
    <BookName>ISA</BookName>
    <Check>MatchedPairs</Check>
    <MD5>2D161F9E8326837E53E1E53274424DF2</MD5>
    <Date>2015-05-18T12:04:38.0363303+01:00</Date>
    <Errors>0</Errors>
    <DeniedErrors>-116</DeniedErrors>
  </CheckingStatus>
  <CheckingStatus>
    <BookName>ISA</BookName>
    <Check>Punctuation</Check>
    <MD5>2D161F9E8326837E53E1E53274424DF2</MD5>
    <Date>2015-05-18T12:04:38.065332+01:00</Date>
    <Errors>543</Errors>
    <DeniedErrors>0</DeniedErrors>
  </CheckingStatus>
  <CheckingStatus>
    <BookName>ISA</BookName>
    <Check>Quotation</Check>
    <MD5>2D161F9E8326837E53E1E53274424DF2</MD5>
    <Date>2015-05-18T12:04:38.0963337+01:00</Date>
    <Errors>0</Errors>
    <DeniedErrors>-398</DeniedErrors>
  </CheckingStatus>
  <CheckingStatus>
    <BookName>ISA</BookName>
    <Check>Numbers</Check>
    <MD5>2D161F9E8326837E53E1E53274424DF2</MD5>
    <Date>2015-05-18T12:04:38.1283356+01:00</Date>
    <Errors>0</Errors>
    <DeniedErrors>-145</DeniedErrors>
  </CheckingStatus>
  <CheckingStatus>
    <BookName>ISA</BookName>
    <Check>Character</Check>
    <MD5>1127733D37EB8B2F730B79C2DCB2D643</MD5>
    <Date>2015-06-16T07:18:25.827281+01:00</Date>
    <Errors>214</Errors>
    <DeniedErrors>0</DeniedErrors>
  </CheckingStatus>
  <CheckingStatus>
    <BookName>ISA</BookName>
    <Check>Marker</Check>
    <MD5>A2E7308DE0FD237E7740351347460ABF</MD5>
    <Date>2015-08-04T15:31:52.9701708+01:00</Date>
    <Errors>0</Errors>
    <DeniedErrors>0</DeniedErrors>
  </CheckingStatus>
  <CheckingStatus>
    <BookName>2CH</BookName>
    <Check>Capitalization</Check>
    <MD5>ECF83688BBABA20AA140021E94408916</MD5>
    <Date>2015-06-22T08:53:52.0963218+01:00</Date>
    <Errors>934</Errors>
    <DeniedErrors>0</DeniedErrors>
  </CheckingStatus>
  <CheckingStatus>
    <BookName>2CH</BookName>
    <Check>Marker</Check>
    <MD5>57CE65D3F39922F121C5C78E61991AE3</MD5>
    <Date>2015-08-04T18:02:40.1246384+01:00</Date>
    <Errors>3</Errors>
    <DeniedErrors>0</DeniedErrors>
  </CheckingStatus>
  <CheckingStatus>
    <BookName>2CH</BookName>
    <Check>RepeatedWord</Check>
    <MD5>ECF83688BBABA20AA140021E94408916</MD5>
    <Date>2015-06-22T08:53:52.1613255+01:00</Date>
    <Errors>15</Errors>
    <DeniedErrors>0</DeniedErrors>
  </CheckingStatus>
  <CheckingStatus>
    <BookName>2CH</BookName>
    <Check>Character</Check>
    <MD5>ECF83688BBABA20AA140021E94408916</MD5>
    <Date>2015-06-22T08:53:52.379338+01:00</Date>
    <Errors>29</Errors>
    <DeniedErrors>0</DeniedErrors>
  </CheckingStatus>
  <CheckingStatus>
    <BookName>2CH</BookName>
    <Check>MatchedPairs</Check>
    <MD5>ECF83688BBABA20AA140021E94408916</MD5>
    <Date>2015-06-22T08:53:52.4393414+01:00</Date>
    <Errors>0</Errors>
    <DeniedErrors>-76</DeniedErrors>
  </CheckingStatus>
  <CheckingStatus>
    <BookName>2CH</BookName>
    <Check>Punctuation</Check>
    <MD5>ECF83688BBABA20AA140021E94408916</MD5>
    <Date>2015-06-22T08:53:52.5113456+01:00</Date>
    <Errors>221</Errors>
    <DeniedErrors>0</DeniedErrors>
  </CheckingStatus>
  <CheckingStatus>
    <BookName>2CH</BookName>
    <Check>Quotation</Check>
    <MD5>ECF83688BBABA20AA140021E94408916</MD5>
    <Date>2015-06-22T08:53:52.5763493+01:00</Date>
    <Errors>0</Errors>
    <DeniedErrors>-183</DeniedErrors>
  </CheckingStatus>
  <CheckingStatus>
    <BookName>2CH</BookName>
    <Check>Numbers</Check>
    <MD5>ECF83688BBABA20AA140021E94408916</MD5>
    <Date>2015-06-22T08:53:52.6833554+01:00</Date>
    <Errors>0</Errors>
    <DeniedErrors>-40</DeniedErrors>
  </CheckingStatus>
  <CheckingStatus>
    <BookName>GEN</BookName>
    <Check>ChapterVerse</Check>
    <MD5>0EB13B01B8D332692DE45CC5D5A5F168</MD5>
    <Date>2015-07-01T17:03:21.8923328+01:00</Date>
    <Errors>0</Errors>
    <DeniedErrors>0</DeniedErrors>
  </CheckingStatus>
  <CheckingStatus>
    <BookName>EXO</BookName>
    <Check>ChapterVerse</Check>
    <MD5>1F801F3E5A563DBE3A0B1072658B6651</MD5>
    <Date>2015-07-01T17:03:22.3135335+01:00</Date>
    <Errors>857</Errors>
    <DeniedErrors>0</DeniedErrors>
  </CheckingStatus>
  <CheckingStatus>
    <BookName>LEV</BookName>
    <Check>ChapterVerse</Check>
    <MD5>C64F7AA2F64BCBE6D0CD84F8A2B35396</MD5>
    <Date>2015-07-01T17:03:22.3603336+01:00</Date>
    <Errors>20</Errors>
    <DeniedErrors>0</DeniedErrors>
  </CheckingStatus>
  <CheckingStatus>
    <BookName>NUM</BookName>
    <Check>ChapterVerse</Check>
    <MD5>E9FCE4910FA6EA645B67076C52007946</MD5>
    <Date>2015-07-01T17:03:22.4539338+01:00</Date>
    <Errors>0</Errors>
    <DeniedErrors>0</DeniedErrors>
  </CheckingStatus>
  <CheckingStatus>
    <BookName>DEU</BookName>
    <Check>ChapterVerse</Check>
    <MD5>E1841F0007564EA40E984189CFA2E9CD</MD5>
    <Date>2015-07-01T17:03:22.5319339+01:00</Date>
    <Errors>0</Errors>
    <DeniedErrors>0</DeniedErrors>
  </CheckingStatus>
  <CheckingStatus>
    <BookName>JOS</BookName>
    <Check>ChapterVerse</Check>
    <MD5>179C6726FF29F39695A46E5A9501BFC4</MD5>
    <Date>2015-07-01T17:03:22.5319339+01:00</Date>
    <Errors>1</Errors>
    <DeniedErrors>0</DeniedErrors>
  </CheckingStatus>
  <CheckingStatus>
    <BookName>JDG</BookName>
    <Check>ChapterVerse</Check>
    <MD5>7BE080714AAFA1AA6C41A5727E7A80ED</MD5>
    <Date>2015-07-01T17:03:22.594334+01:00</Date>
    <Errors>1</Errors>
    <DeniedErrors>0</DeniedErrors>
  </CheckingStatus>
  <CheckingStatus>
    <BookName>RUT</BookName>
    <Check>ChapterVerse</Check>
    <MD5>24D36BB11526AE09D7741E0431EE0D9D</MD5>
    <Date>2015-07-01T17:03:22.594334+01:00</Date>
    <Errors>2</Errors>
    <DeniedErrors>0</DeniedErrors>
  </CheckingStatus>
  <CheckingStatus>
    <BookName>1SA</BookName>
    <Check>ChapterVerse</Check>
    <MD5>051F7BCA75801079CD298C3AC2FBD383</MD5>
    <Date>2015-07-01T17:03:22.6879342+01:00</Date>
    <Errors>0</Errors>
    <DeniedErrors>0</DeniedErrors>
  </CheckingStatus>
  <CheckingStatus>
    <BookName>2SA</BookName>
    <Check>ChapterVerse</Check>
    <MD5>8085E5F0B36871506A400AADDB6DC211</MD5>
    <Date>2015-07-01T17:03:22.7659343+01:00</Date>
    <Errors>0</Errors>
    <DeniedErrors>0</DeniedErrors>
  </CheckingStatus>
  <CheckingStatus>
    <BookName>1KI</BookName>
    <Check>ChapterVerse</Check>
    <MD5>C5A33D6AAA914A489F6DD414B4AF6C61</MD5>
    <Date>2015-07-01T17:03:22.8751345+01:00</Date>
    <Errors>0</Errors>
    <DeniedErrors>0</DeniedErrors>
  </CheckingStatus>
  <CheckingStatus>
    <BookName>2KI</BookName>
    <Check>ChapterVerse</Check>
    <MD5>511A2B0B4EFA0449971E2A0CF0A2156B</MD5>
    <Date>2015-07-01T17:03:23.0623348+01:00</Date>
    <Errors>0</Errors>
    <DeniedErrors>0</DeniedErrors>
  </CheckingStatus>
  <CheckingStatus>
    <BookName>1CH</BookName>
    <Check>ChapterVerse</Check>
    <MD5>C699F6B90B9C0330415AC711E78D6D86</MD5>
    <Date>2015-08-06T09:00:53.4254349+01:00</Date>
    <Errors>0</Errors>
    <DeniedErrors>0</DeniedErrors>
  </CheckingStatus>
  <CheckingStatus>
    <BookName>2CH</BookName>
    <Check>ChapterVerse</Check>
    <MD5>19E0098CD0787B8573C71B5509BD7787</MD5>
    <Date>2015-08-26T10:33:46.1523105+01:00</Date>
    <Errors>0</Errors>
    <DeniedErrors>0</DeniedErrors>
  </CheckingStatus>
  <CheckingStatus>
    <BookName>EZR</BookName>
    <Check>ChapterVerse</Check>
    <MD5>8D39750D13FE7BC33734D1FEA6F66A8B</MD5>
    <Date>2015-07-01T17:03:23.2027351+01:00</Date>
    <Errors>90</Errors>
    <DeniedErrors>0</DeniedErrors>
  </CheckingStatus>
  <CheckingStatus>
    <BookName>NEH</BookName>
    <Check>ChapterVerse</Check>
    <MD5>11F60985EBD216881B8620A88130767B</MD5>
    <Date>2015-07-01T17:03:23.2339351+01:00</Date>
    <Errors>340</Errors>
    <DeniedErrors>0</DeniedErrors>
  </CheckingStatus>
  <CheckingStatus>
    <BookName>EST</BookName>
    <Check>ChapterVerse</Check>
    <MD5>B393C9367BA7751927DE571E2D3897D7</MD5>
    <Date>2015-07-01T17:03:23.2339351+01:00</Date>
    <Errors>2</Errors>
    <DeniedErrors>0</DeniedErrors>
  </CheckingStatus>
  <CheckingStatus>
    <BookName>PSA</BookName>
    <Check>ChapterVerse</Check>
    <MD5>E064D3AFED98CA4F2B55E65217D25479</MD5>
    <Date>2015-07-01T17:03:23.4991356+01:00</Date>
    <Errors>0</Errors>
    <DeniedErrors>0</DeniedErrors>
  </CheckingStatus>
  <CheckingStatus>
    <BookName>ECC</BookName>
    <Check>ChapterVerse</Check>
    <MD5>3D554CC90B73478205D7E5DFA8F221A2</MD5>
    <Date>2015-07-01T17:03:23.6083358+01:00</Date>
    <Errors>0</Errors>
    <DeniedErrors>0</DeniedErrors>
  </CheckingStatus>
  <CheckingStatus>
    <BookName>SNG</BookName>
    <Check>ChapterVerse</Check>
    <MD5>808601D6FCA9BD91787DCE154A78B442</MD5>
    <Date>2015-08-17T14:42:30.2279977+01:00</Date>
    <Errors>0</Errors>
    <DeniedErrors>0</DeniedErrors>
  </CheckingStatus>
  <CheckingStatus>
    <BookName>JER</BookName>
    <Check>ChapterVerse</Check>
    <MD5>C4EB18DEE9F329B892331F4B427A12E0</MD5>
    <Date>2015-07-01T17:03:23.9203363+01:00</Date>
    <Errors>1</Errors>
    <DeniedErrors>0</DeniedErrors>
  </CheckingStatus>
  <CheckingStatus>
    <BookName>LAM</BookName>
    <Check>ChapterVerse</Check>
    <MD5>9B9504B28E200F44BA81C696D4611179</MD5>
    <Date>2015-07-01T17:03:23.9359364+01:00</Date>
    <Errors>1</Errors>
    <DeniedErrors>0</DeniedErrors>
  </CheckingStatus>
  <CheckingStatus>
    <BookName>EZK</BookName>
    <Check>ChapterVerse</Check>
    <MD5>DA7A6D7B4F5410C527CD6DD6F3AFE2E3</MD5>
    <Date>2015-07-01T17:03:23.9515364+01:00</Date>
    <Errors>1</Errors>
    <DeniedErrors>0</DeniedErrors>
  </CheckingStatus>
  <CheckingStatus>
    <BookName>DAN</BookName>
    <Check>ChapterVerse</Check>
    <MD5>4ADDDE83AC5CE834D7F0F8D893D4CB51</MD5>
    <Date>2015-07-01T17:03:23.9827365+01:00</Date>
    <Errors>2</Errors>
    <DeniedErrors>0</DeniedErrors>
  </CheckingStatus>
  <CheckingStatus>
    <BookName>JOL</BookName>
    <Check>ChapterVerse</Check>
    <MD5>10E9AD6E16CE6964F78C0F7B131ECA3D</MD5>
    <Date>2015-07-01T17:03:23.9983365+01:00</Date>
    <Errors>0</Errors>
    <DeniedErrors>0</DeniedErrors>
  </CheckingStatus>
  <CheckingStatus>
    <BookName>OBA</BookName>
    <Check>ChapterVerse</Check>
    <MD5>B28A2A165B64E7303783E9A5A9BB8B57</MD5>
    <Date>2015-07-01T17:03:24.0139365+01:00</Date>
    <Errors>1</Errors>
    <DeniedErrors>0</DeniedErrors>
  </CheckingStatus>
  <CheckingStatus>
    <BookName>JON</BookName>
    <Check>ChapterVerse</Check>
    <MD5>FA2426341D4D18822EBF7C0FDDDBEBFB</MD5>
    <Date>2015-07-01T17:03:24.0139365+01:00</Date>
    <Errors>48</Errors>
    <DeniedErrors>0</DeniedErrors>
  </CheckingStatus>
  <CheckingStatus>
    <BookName>MIC</BookName>
    <Check>ChapterVerse</Check>
    <MD5>04A838E1200633F6514E25343987BAAD</MD5>
    <Date>2015-07-01T17:03:24.0295365+01:00</Date>
    <Errors>106</Errors>
    <DeniedErrors>0</DeniedErrors>
  </CheckingStatus>
  <CheckingStatus>
    <BookName>NAM</BookName>
    <Check>ChapterVerse</Check>
    <MD5>6FD46F992EA3153F726DBC8E42DBEFCD</MD5>
    <Date>2015-07-01T17:03:24.0295365+01:00</Date>
    <Errors>46</Errors>
    <DeniedErrors>0</DeniedErrors>
  </CheckingStatus>
  <CheckingStatus>
    <BookName>HAB</BookName>
    <Check>ChapterVerse</Check>
    <MD5>897A9F441D96C791C8473E37DC59C62F</MD5>
    <Date>2015-07-01T17:03:24.0295365+01:00</Date>
    <Errors>1</Errors>
    <DeniedErrors>0</DeniedErrors>
  </CheckingStatus>
  <CheckingStatus>
    <BookName>ZEP</BookName>
    <Check>ChapterVerse</Check>
    <MD5>6168A60EA20C6B9C4362E38E70692581</MD5>
    <Date>2015-07-01T17:03:24.0451366+01:00</Date>
    <Errors>28</Errors>
    <DeniedErrors>0</DeniedErrors>
  </CheckingStatus>
  <CheckingStatus>
    <BookName>HAG</BookName>
    <Check>ChapterVerse</Check>
    <MD5>F0592129C0581A9B0FE9D11FB2DD57F6</MD5>
    <Date>2015-07-01T17:03:24.0451366+01:00</Date>
    <Errors>3</Errors>
    <DeniedErrors>0</DeniedErrors>
  </CheckingStatus>
  <CheckingStatus>
    <BookName>ZEC</BookName>
    <Check>ChapterVerse</Check>
    <MD5>325F95500D1D45056F54037D29800E6F</MD5>
    <Date>2015-07-01T17:03:24.0607366+01:00</Date>
    <Errors>1</Errors>
    <DeniedErrors>0</DeniedErrors>
  </CheckingStatus>
  <CheckingStatus>
    <BookName>MAL</BookName>
    <Check>ChapterVerse</Check>
    <MD5>21EF93E9BD47179FD59532B8CDB4C05A</MD5>
    <Date>2015-07-01T17:03:24.0607366+01:00</Date>
    <Errors>1</Errors>
    <DeniedErrors>0</DeniedErrors>
  </CheckingStatus>
  <CheckingStatus>
    <BookName>AMO</BookName>
    <Check>ChapterVerse</Check>
    <MD5>12E97AAD2515FDD2B647A8C10938658F</MD5>
    <Date>2015-08-06T17:31:15.7591274+01:00</Date>
    <Errors>0</Errors>
    <DeniedErrors>0</DeniedErrors>
  </CheckingStatus>
  <CheckingStatus>
    <BookName>ISA</BookName>
    <Check>ChapterVerse</Check>
    <MD5>A2E7308DE0FD237E7740351347460ABF</MD5>
    <Date>2015-08-04T15:31:52.9531698+01:00</Date>
    <Errors>0</Errors>
    <DeniedErrors>0</DeniedErrors>
  </CheckingStatus>
  <CheckingStatus>
    <BookName>PRO</BookName>
    <Check>ChapterVerse</Check>
    <MD5>7D75AEE90727C633D08CDFBB9F18591F</MD5>
    <Date>2015-09-20T22:11:56.9168088+01:00</Date>
    <Errors>0</Errors>
    <DeniedErrors>0</DeniedErrors>
  </CheckingStatus>
  <CheckingStatus>
    <BookName>HOS</BookName>
    <Check>ChapterVerse</Check>
    <MD5>FE31144F9CDADFB6598D4DC0C0C4B8BF</MD5>
    <Date>2016-01-18T21:20:31.9721406+01:00</Date>
    <Errors>0</Errors>
    <DeniedErrors>0</DeniedErrors>
  </CheckingStatus>
  <CheckingStatus>
    <BookName>HOS</BookName>
    <Check>Marker</Check>
    <MD5>FE31144F9CDADFB6598D4DC0C0C4B8BF</MD5>
    <Date>2016-01-18T21:20:32.1871529+01:00</Date>
    <Errors>0</Errors>
    <DeniedErrors>0</DeniedErrors>
  </CheckingStatus>
  <CheckingStatus>
    <BookName>HOS</BookName>
    <Check>Character</Check>
    <MD5>FE31144F9CDADFB6598D4DC0C0C4B8BF</MD5>
    <Date>2016-01-18T21:20:32.2011537+01:00</Date>
    <Errors>29</Errors>
    <DeniedErrors>0</DeniedErrors>
  </CheckingStatus>
  <CheckingStatus>
    <BookName>JOB</BookName>
    <Check>Capitalization</Check>
    <MD5>3C15C69317559EDD305FC1D42E3C4B18</MD5>
    <Date>2016-05-25T21:48:33.6183383+01:00</Date>
    <Errors>608</Errors>
    <DeniedErrors>0</DeniedErrors>
  </CheckingStatus>
  <CheckingStatus>
    <BookName>JOB</BookName>
    <Check>RepeatedWord</Check>
    <MD5>3C15C69317559EDD305FC1D42E3C4B18</MD5>
    <Date>2016-05-25T21:48:33.6363393+01:00</Date>
    <Errors>86</Errors>
    <DeniedErrors>0</DeniedErrors>
  </CheckingStatus>
  <CheckingStatus>
    <BookName>JOB</BookName>
    <Check>Character</Check>
    <MD5>3C15C69317559EDD305FC1D42E3C4B18</MD5>
    <Date>2016-05-25T21:48:33.7053433+01:00</Date>
    <Errors>194</Errors>
    <DeniedErrors>0</DeniedErrors>
  </CheckingStatus>
  <CheckingStatus>
    <BookName>JOB</BookName>
    <Check>MatchedPairs</Check>
    <MD5>3C15C69317559EDD305FC1D42E3C4B18</MD5>
    <Date>2016-05-25T21:48:33.7203441+01:00</Date>
    <Errors>0</Errors>
    <DeniedErrors>-293</DeniedErrors>
  </CheckingStatus>
  <CheckingStatus>
    <BookName>JOB</BookName>
    <Check>Punctuation</Check>
    <MD5>3C15C69317559EDD305FC1D42E3C4B18</MD5>
    <Date>2016-05-25T21:48:33.7333449+01:00</Date>
    <Errors>729</Errors>
    <DeniedErrors>0</DeniedErrors>
  </CheckingStatus>
  <CheckingStatus>
    <BookName>JOB</BookName>
    <Check>Quotation</Check>
    <MD5>3C15C69317559EDD305FC1D42E3C4B18</MD5>
    <Date>2016-05-25T21:48:33.7583463+01:00</Date>
    <Errors>0</Errors>
    <DeniedErrors>-625</DeniedErrors>
  </CheckingStatus>
  <CheckingStatus>
    <BookName>JOB</BookName>
    <Check>Numbers</Check>
    <MD5>3C15C69317559EDD305FC1D42E3C4B18</MD5>
    <Date>2016-05-25T21:48:33.7653467+01:00</Date>
    <Errors>0</Errors>
    <DeniedErrors>-104</DeniedErrors>
  </CheckingStatus>
  <CheckingStatus>
    <BookName>JOB</BookName>
    <Check>ChapterVerse</Check>
    <MD5>C173DFF5119733BD70CCF975A4ECD040</MD5>
    <Date>2016-07-15T07:24:34.9217862+01:00</Date>
    <Errors>0</Errors>
    <DeniedErrors>0</DeniedErrors>
  </CheckingStatus>
  <CheckingStatus>
    <BookName>JOB</BookName>
    <Check>Marker</Check>
    <MD5>C173DFF5119733BD70CCF975A4ECD040</MD5>
    <Date>2016-07-15T07:24:34.9337868+01:00</Date>
    <Errors>0</Errors>
    <DeniedErrors>0</DeniedErrors>
  </CheckingStatus>
</CheckingStatuses>