<?xml version="1.0" encoding="utf-8"?>
<ldml>
	<identity>
		<version number="" />
		<generation date="0001-01-01T00:00:00Z" />
		<language type="en" />
	</identity>
	<characters>
		<exemplarCharacters>[A-Za-z]</exemplarCharacters>
		<exemplarCharacters type="punctuation">[!'-),.&lt;&gt;]</exemplarCharacters>
		<special xmlns:sil="urn://www.sil.org/ldml/0.1">
			<sil:exemplarCharacters type="footnotes">[]</sil:exemplarCharacters>
		</special>
	</characters>
	<delimiters>
		<special xmlns:sil="urn://www.sil.org/ldml/0.1">
			<sil:matched-pairs>
				<sil:matched-pair open="(" close=")" paraClose="false" />
				<sil:matched-pair open="{" close="}" paraClose="false" />
				<sil:matched-pair open="[" close="]" paraClose="false" />
			</sil:matched-pairs>
			<sil:punctuation-patterns>
				<sil:punctuation-pattern pattern="!_" context="final" />
				<sil:punctuation-pattern pattern="'" context="medial" />
				<sil:punctuation-pattern pattern="_&lt;" context="init" />
				<sil:punctuation-pattern pattern="&gt;_" context="final" />
				<sil:punctuation-pattern pattern="_(" context="init" />
				<sil:punctuation-pattern pattern=",_" context="final" />
				<sil:punctuation-pattern pattern="._" context="final" />
				<sil:punctuation-pattern pattern=")_" context="final" />
			</sil:punctuation-patterns>
			<sil:quotation-marks paraContinueType="all">
				<sil:quotationContinue>&lt;&lt;</sil:quotationContinue>
				<sil:alternateQuotationContinue>&lt;</sil:alternateQuotationContinue>
				<sil:quotation open="&lt;&lt;" close="&gt;&gt;" continue="&lt;&lt;" level="3" />
			</sil:quotation-marks>
		</special>
		<quotationStart>&lt;&lt;</quotationStart>
		<quotationEnd>&gt;&gt;</quotationEnd>
		<alternateQuotationStart>&lt;</alternateQuotationStart>
		<alternateQuotationEnd>&gt;</alternateQuotationEnd>
	</delimiters>
	<layout>
		<orientation>
			<characterOrder>left-to-right</characterOrder>
		</orientation>
	</layout>
	<collations>
		<defaultCollation>standard</defaultCollation>
		<collation type="standard">
			<cr><![CDATA[&[before 1] [first regular] < a\/A < b\/B < c\/C < d\/D < e\/E < f\/F < g\/G < h\/H < i\/I < j\/J < k\/K < l\/L < m\/M < n\/N < o\/O < p\/P < q\/Q < r\/R < s\/S < t\/T < u\/U < v\/V < w\/W < x\/X < y\/Y < z\/Z]]></cr>
			<special xmlns:sil="urn://www.sil.org/ldml/0.1">
				<sil:simple><![CDATA[a/A
b/B
c/C
d/D
e/E
f/F
g/G
h/H
i/I
j/J
k/K
l/L
m/M
n/N
o/O
p/P
q/Q
r/R
s/S
t/T
u/U
v/V
w/W
x/X
y/Y
z/Z]]></sil:simple>
			</special>
		</collation>
	</collations>
	<special xmlns:sil="urn://www.sil.org/ldml/0.1">
		<sil:external-resources>
			<sil:font name="Calibri" />
		</sil:external-resources>
	</special>
</ldml>