﻿<?xml version="1.0" encoding="utf-8"?>
<CommentList>
  <Comment Thread="d4262d2f" User="Sunday Jakes" VerseRef="2CH 9:0" Language="" Date="2014-08-13T14:56:10.1734624+01:00">
    <SelectedText />
    <StartPosition>0</StartPosition>
    <ContextBefore />
    <ContextAfter />
    <Status>todo</Status>
    <Type>conflict</Type>
    <ConflictType>unknownConflictType</ConflictType>
    <Verse />
    <HideInTextWindow>false</HideInTextWindow>
    <Contents>Ambiguous verse order in Sunday Jakes's copy of chapter 9. Kept Jacob Bess's version of chapter.</Contents>
  </Comment>
  <Comment Thread="6e811de" User="Sunday Jakes" VerseRef="2CH 25:1" Language="" Date="2015-03-31T16:10:00.6732040+01:00">
    <SelectedText />
    <StartPosition>0</StartPosition>
    <ContextBefore />
    <ContextAfter />
    <Status>todo</Status>
    <Type>conflict</Type>
    <ConflictType>unknownConflictType</ConflictType>
    <Verse>\v 1 When Amasiah he became king then age he is tweenty five. He became king for age of tweenty nine and he lives at Jrusalem. Name of Mother he is Jehowadin. She a daughter Jerusalem. </Verse>
    <AcceptedChangeXml>&lt;p&gt;&lt;language name="ENGLISH"&gt;&lt;p&gt;\v 1 &lt;bold&gt;&lt;color name="red"&gt;When Amasiah he became king then age he is tweenty five. He became king for age of tweenty nine and he lives at Jrusalem. Name of Mother he is Jehowadin. She a daughter Jerusalem. &lt;/color&gt;&lt;/bold&gt;&lt;/p&gt;&lt;/language&gt;&lt;/p&gt;</AcceptedChangeXml>
    <HideInTextWindow>false</HideInTextWindow>
    <Contents>Two different people made conflicting changes in this verse. The rejected change is shown below.<p><language name="en"><p>\v 1 <bold><color name="red">Those days Amaziah he became a king then years born his was twenty five. He became a king it for years twenty nine and he sit in Jerusalem. Name of mother his was Jehoadin. She was daughter from Jerusalem. </color></bold></p></language></p></Contents>
  </Comment>
  <Comment Thread="44e039ce" User="Sunday Jakes" VerseRef="2CH 25:2" Language="" Date="2015-03-31T16:10:00.8282042+01:00">
    <SelectedText />
    <StartPosition>0</StartPosition>
    <ContextBefore />
    <ContextAfter />
    <Status>todo</Status>
    <Type>conflict</Type>
    <ConflictType>unknownConflictType</ConflictType>
    <Verse>\v 2 He did things right then eyes of Lord, but then not he did it with heart one not. </Verse>
    <AcceptedChangeXml>&lt;p&gt;&lt;language name="ENGLISH"&gt;&lt;p&gt;\v 2 &lt;bold&gt;&lt;color name="red"&gt;He did things right then eyes of Lord, but then not he did it with heart one not. &lt;/color&gt;&lt;/bold&gt;&lt;/p&gt;&lt;/language&gt;&lt;/p&gt;</AcceptedChangeXml>
    <HideInTextWindow>false</HideInTextWindow>
    <Contents>Two different people made conflicting changes in this verse. The rejected change is shown below.<p><language name="en"><p>\v 2 <bold><color name="red">He do something good them in eye of Yaawe, then no he do with heart one not. </color></bold></p></language></p></Contents>
  </Comment>
  <Comment Thread="b009ab8c" User="Sunday Jakes" VerseRef="2CH 25:3" Language="" Date="2015-03-31T16:10:00.8282042+01:00">
    <SelectedText />
    <StartPosition>0</StartPosition>
    <ContextBefore />
    <ContextAfter />
    <Status>todo</Status>
    <Type>conflict</Type>
    <ConflictType>unknownConflictType</ConflictType>
    <Verse>\v 3 After the kingdom is stand hand him right then he killed those that we killed father him king that they. </Verse>
    <AcceptedChangeXml>&lt;p&gt;&lt;language name="ENGLISH"&gt;&lt;p&gt;\v 3 &lt;bold&gt;&lt;color name="red"&gt;After the kingdom is stand hand him right then he killed those that we killed father him king that they. &lt;/color&gt;&lt;/bold&gt;&lt;/p&gt;&lt;/language&gt;&lt;/p&gt;</AcceptedChangeXml>
    <HideInTextWindow>false</HideInTextWindow>
    <Contents>Two different people made conflicting changes in this verse. The rejected change is shown below.<p><language name="en"><p>\v 3 <bold><color name="red">After that kindom it stay in hand his good goood then he kill those that before they kill father his king that them. </color></bold></p></language></p></Contents>
  </Comment>
  <Comment Thread="66456e80" User="Sunday Jakes" VerseRef="2CH 25:4" Language="" Date="2015-03-31T16:10:00.8332042+01:00">
    <SelectedText />
    <StartPosition>0</StartPosition>
    <ContextBefore />
    <ContextAfter />
    <Status>todo</Status>
    <Type>conflict</Type>
    <ConflictType>unknownConflictType</ConflictType>
    <Verse>\v 4 But then not they killed children of those moderer that is they not, as Lord he of already said in laws him that when he gave them writing hand of Moses that: &lt;&lt;No we killed father for sin that son him did not, and no we killed son for sin tha father him did not every one els die for sin his.&gt;&gt; </Verse>
    <AcceptedChangeXml>&lt;p&gt;&lt;language name="ENGLISH"&gt;&lt;p&gt;\v 4 &lt;bold&gt;&lt;color name="red"&gt;But then not they killed children of those moderer that is they not, as Lord he of already said in laws him that when he gave them writing hand of Moses that: &amp;lt;&amp;lt;No we killed father for sin that son him did not, and no we killed son for sin tha father him did not every one els die for sin his.&amp;gt;&amp;gt; &lt;/color&gt;&lt;/bold&gt;&lt;/p&gt;&lt;/language&gt;&lt;/p&gt;</AcceptedChangeXml>
    <HideInTextWindow>false</HideInTextWindow>
    <Contents>Two different people made conflicting changes in this verse. The rejected change is shown below.<p><language name="en"><p>\v 4 <bold><color name="red">And then no they kill children of those killers that them not, when Yawe he have said inside of law his that those he give to them was standing in hand of Mosis si nee:&lt;&lt; no we will kill father for sin that son his do not, and no we will kill son for sin that father his do not; even person each will die for sin his own. </color></bold><bold><color name="red">\ </color></bold><bold><color name="red">5 Amaziah he call those land of Judah they came together, and he choise them household household he make them </color></bold></p></language></p></Contents>
  </Comment>
  <Comment Thread="f86da787" User="Sunday Jakes" VerseRef="2CH 25:6" Language="" Date="2015-03-31T16:10:00.8332042+01:00">
    <SelectedText />
    <StartPosition>0</StartPosition>
    <ContextBefore />
    <ContextAfter />
    <Status>todo</Status>
    <Type>conflict</Type>
    <ConflictType>unknownConflictType</ConflictType>
    <Verse>\v 6 He went go took another soldier they again land Isreal at money shakel talent. one hundred. </Verse>
    <AcceptedChangeXml>&lt;p&gt;&lt;language name="ENGLISH"&gt;&lt;p&gt;\v 6 &lt;bold&gt;&lt;color name="red"&gt;He went go took another soldier they again land Isreal at money shakel talent. one hundred. &lt;/color&gt;&lt;/bold&gt;&lt;/p&gt;&lt;/language&gt;&lt;/p&gt;</AcceptedChangeXml>
    <HideInTextWindow>false</HideInTextWindow>
    <Contents>Two different people made conflicting changes in this verse. The rejected change is shown below.<p><language name="en"><p>\v 6 <bold><color name="red">He also went cary some fighter them again in land of Israel on Money silver talent hundred one. </color></bold></p></language></p></Contents>
  </Comment>
  <Comment Thread="839674fa" User="Sunday Jakes" VerseRef="2CH 25:7" Language="" Date="2015-03-31T16:10:00.8332042+01:00">
    <SelectedText />
    <StartPosition>0</StartPosition>
    <ContextBefore />
    <ContextAfter />
    <Status>todo</Status>
    <Type>conflict</Type>
    <ConflictType>unknownConflictType</ConflictType>
    <Verse>\v 7 But man of God go to him and told him that, &lt;&lt;Do not let soldier of those Isrel they go to you at battle not, because no Lord he together and those land Isreal they not, and no his help those phirem they no. </Verse>
    <AcceptedChangeXml>&lt;p&gt;&lt;language name="ENGLISH"&gt;&lt;p&gt;\v 7 &lt;bold&gt;&lt;color name="red"&gt;But man of God go to him and told him that, &amp;lt;&amp;lt;Do not let soldier of those Isrel they go to you at battle not, because no Lord he together and those land Isreal they not, and no his help those phirem they no. &lt;/color&gt;&lt;/bold&gt;&lt;/p&gt;&lt;/language&gt;&lt;/p&gt;</AcceptedChangeXml>
    <HideInTextWindow>false</HideInTextWindow>
    <Contents>Two different people made conflicting changes in this verse. The rejected change is shown below.<p><language name="en"><p>\v 7 <bold><color name="red">But any person of God went to him that he said to him that, &lt;&lt; don't live fighter of those Israel them went then you in mouth of fight not, because no Yaawe he together and those land Israel them not, and no he will help those Epheraim them not. </color></bold></p></language></p></Contents>
  </Comment>
  <Comment Thread="5081ad08" User="Sunday Jakes" VerseRef="2CH 25:8" Language="" Date="2015-03-31T16:10:00.8332042+01:00">
    <SelectedText />
    <StartPosition>0</StartPosition>
    <ContextBefore />
    <ContextAfter />
    <Status>todo</Status>
    <Type>conflict</Type>
    <ConflictType>unknownConflictType</ConflictType>
    <Verse>\v 8 Even though you went to fought with you heart they God he put enemies you they victory on you. Because is God he able put you Have victory or he put enemies you they have victor on you.&gt;&gt; </Verse>
    <AcceptedChangeXml>&lt;p&gt;&lt;language name="ENGLISH"&gt;&lt;p&gt;\v 8 &lt;bold&gt;&lt;color name="red"&gt;Even though you went to fought with you heart they God he put enemies you they victory on you. Because is God he able put you Have victory or he put enemies you they have victor on you.&amp;gt;&amp;gt; &lt;/color&gt;&lt;/bold&gt;&lt;/p&gt;&lt;/language&gt;&lt;/p&gt;</AcceptedChangeXml>
    <HideInTextWindow>false</HideInTextWindow>
    <Contents>Two different people made conflicting changes in this verse. The rejected change is shown below.<p><language name="en"><p>\v 8 <bold><color name="red">Even that you went and do fight it with heart then God he will put fighters yours them eat victory on you. because God he reach to put you eat victory, even he put fighters you them eat victory on you.&gt;&gt; </color></bold></p></language></p></Contents>
  </Comment>
  <Comment Thread="c6fca242" User="Sunday Jakes" VerseRef="2CH 25:9" Language="" Date="2015-03-31T16:10:00.8332042+01:00">
    <SelectedText />
    <StartPosition>0</StartPosition>
    <ContextBefore />
    <ContextAfter />
    <Status>todo</Status>
    <Type>conflict</Type>
    <ConflictType>unknownConflictType</ConflictType>
    <Verse>\v 9 Then amasiah asked from man of God he that. &lt;&lt;Then money Shekel talent one hundred that I already paid for take soldier of Isreal they?&gt;&gt; </Verse>
    <AcceptedChangeXml>&lt;p&gt;&lt;language name="ENGLISH"&gt;&lt;p&gt;\v 9 &lt;bold&gt;&lt;color name="red"&gt;Then amasiah asked from man of God he that. &amp;lt;&amp;lt;Then money Shekel talent one hundred that I already paid for take soldier of Isreal they?&amp;gt;&amp;gt; &lt;/color&gt;&lt;/bold&gt;&lt;/p&gt;&lt;/language&gt;&lt;/p&gt;</AcceptedChangeXml>
    <HideInTextWindow>false</HideInTextWindow>
    <Contents>Two different people made conflicting changes in this verse. The rejected change is shown below.<p><language name="en"><p>\v 9 <bold><color name="red">Then Amziah asked the man of God he that,&lt;&lt; then money Silver hunderd one that i have already paid because know fighters of Israel them that ?&gt;&gt; </color></bold></p></language></p></Contents>
  </Comment>
  <Comment Thread="c7d55f60" User="Sunday Jakes" VerseRef="2CH 25:10" Language="" Date="2015-03-31T16:10:00.8332042+01:00">
    <SelectedText />
    <StartPosition>0</StartPosition>
    <ContextBefore />
    <ContextAfter />
    <Status>todo</Status>
    <Type>conflict</Type>
    <ConflictType>unknownConflictType</ConflictType>
    <Verse>\v 10 It is then Amasiah he accopnied soldier that they live land of those Efrem they came the went home. It more disturb of those land Judah they enough and they went home with furious more. </Verse>
    <AcceptedChangeXml>&lt;p&gt;&lt;language name="ENGLISH"&gt;&lt;p&gt;\v 10 &lt;bold&gt;&lt;color name="red"&gt;It is then Amasiah he accopnied soldier that they live land of those Efrem they came the went home. It more disturb of those land Judah they enough and they went home with furious more. &lt;/color&gt;&lt;/bold&gt;&lt;/p&gt;&lt;/language&gt;&lt;/p&gt;</AcceptedChangeXml>
    <HideInTextWindow>false</HideInTextWindow>
    <Contents>Two different people made conflicting changes in this verse. The rejected change is shown below.<p><language name="en"><p>\v 10 <bold><color name="red">It is so then Amaziah he dismise fighter that they sit in land of those Epheraim them come went also. it make wound to them and those land of Judah they and went also with heart greatly. </color></bold></p></language></p></Contents>
  </Comment>
  <Comment Thread="d188a46d" User="Sunday Jakes" VerseRef="2CH 25:11" Language="" Date="2015-03-31T16:10:00.8332042+01:00">
    <SelectedText />
    <StartPosition>0</StartPosition>
    <ContextBefore />
    <ContextAfter />
    <Status>todo</Status>
    <Type>conflict</Type>
    <ConflictType>unknownConflictType</ConflictType>
    <Verse>\v 11 Amasiah he did heart men, and he went at front of soldier him they and they go the Dan of kin. Then they went killed soldier of those Edom they ten thousan. </Verse>
    <AcceptedChangeXml>&lt;p&gt;&lt;language name="ENGLISH"&gt;&lt;p&gt;\v 11 &lt;bold&gt;&lt;color name="red"&gt;Amasiah he did heart men, and he went at front of soldier him they and they go the Dan of kin. Then they went killed soldier of those Edom they ten thousan. &lt;/color&gt;&lt;/bold&gt;&lt;/p&gt;&lt;/language&gt;&lt;/p&gt;</AcceptedChangeXml>
    <HideInTextWindow>false</HideInTextWindow>
    <Contents>Two different people made conflicting changes in this verse. The rejected change is shown below.<p><language name="en"><p>\v 11 <bold><color name="red">Amaziah he do heart son male, and he led of fighter his they and that of valey of salt. then they went kill fighter of those Edom of thousand ten. </color></bold></p></language></p></Contents>
  </Comment>
  <Comment Thread="468dcf17" User="Sunday Jakes" VerseRef="2CH 25:12" Language="" Date="2015-03-31T16:10:00.8332042+01:00">
    <SelectedText />
    <StartPosition>0</StartPosition>
    <ContextBefore />
    <ContextAfter />
    <Status>todo</Status>
    <Type>conflict</Type>
    <ConflictType>unknownConflictType</ConflictType>
    <Verse>\v 12 Soldier of those land Judah the they were captive some men they again ten thousand. There they went of them at top kill and they stone them down all of them, they down died at stone they. </Verse>
    <AcceptedChangeXml>&lt;p&gt;&lt;language name="ENGLISH"&gt;&lt;p&gt;\v 12 &lt;bold&gt;&lt;color name="red"&gt;Soldier of those land Judah the they were captive some men they again ten thousand. There they went of them at top kill and they stone them down all of them, they down died at stone they. &lt;/color&gt;&lt;/bold&gt;&lt;/p&gt;&lt;/language&gt;&lt;/p&gt;</AcceptedChangeXml>
    <HideInTextWindow>false</HideInTextWindow>
    <Contents>Two different people made conflicting changes in this verse. The rejected change is shown below.<p><language name="en"><p>\v 12 <bold><color name="red">Fighter of those land of Judah them again catch another Men them then thousand Ten again. then they took and them up another cliff and they </color></bold></p></language></p></Contents>
  </Comment>
  <Comment Thread="e7762e4b" User="Sunday Jakes" VerseRef="2CH 25:13" Language="" Date="2015-03-31T16:10:00.8332042+01:00">
    <SelectedText />
    <StartPosition>0</StartPosition>
    <ContextBefore />
    <ContextAfter />
    <Status>todo</Status>
    <Type>conflict</Type>
    <ConflictType>unknownConflictType</ConflictType>
    <Verse>\v 13 They on that they soldier that amasiah sent them back home and not he let them go battle not they have attacked land that Judah they and they and the carried wealth theirs they from Samariah to Bet Horon. They killed people they three thousand and they palked pleinty wealth they they so he go them empty. </Verse>
    <AcceptedChangeXml>&lt;p&gt;&lt;language name="ENGLISH"&gt;&lt;p&gt;\v 13 &lt;bold&gt;&lt;color name="red"&gt;They on that they soldier that amasiah sent them back home and not he let them go battle not they have attacked land that Judah they and they and the carried wealth theirs they from Samariah to Bet Horon. They killed people they three thousand and they palked pleinty wealth they they so he go them empty. &lt;/color&gt;&lt;/bold&gt;&lt;/p&gt;&lt;/language&gt;&lt;/p&gt;</AcceptedChangeXml>
    <HideInTextWindow>false</HideInTextWindow>
    <Contents>Two different people made conflicting changes in this verse. The rejected change is shown below.<p><language name="en"><p>\v 13 <bold><color name="red">they are doing that then fighter that </color></bold></p></language></p></Contents>
  </Comment>
  <Comment Thread="da942b80" User="Sunday Jakes" VerseRef="2CH 25:14" Language="" Date="2015-03-31T16:10:00.8332042+01:00">
    <SelectedText />
    <StartPosition>0</StartPosition>
    <ContextBefore />
    <ContextAfter />
    <Status>todo</Status>
    <Type>conflict</Type>
    <ConflictType>unknownConflictType</ConflictType>
    <Verse>\v 14 As Amasiah is way back home after that he eat victory on those Edom the they then he sweet theirs they with. He go put Idol they so he worship that them. He burned sacrifice them. </Verse>
    <AcceptedChangeXml>&lt;p&gt;&lt;language name="ENGLISH"&gt;&lt;p&gt;\v 14 &lt;bold&gt;&lt;color name="red"&gt;As Amasiah is way back home after that he eat victory on those Edom the they then he sweet theirs they with. He go put Idol they so he worship that them. He burned sacrifice them. &lt;/color&gt;&lt;/bold&gt;&lt;/p&gt;&lt;/language&gt;&lt;/p&gt;</AcceptedChangeXml>
    <HideInTextWindow>false</HideInTextWindow>
    <Contents>Two different people made conflicting changes in this verse. The rejected change is shown below.<p><language name="en"><p>\v 14 <bold><color name="red">When Amaziah returned after that he eat victory on those Edom it they he carry Idols theirs when with it. He went put Idols them and he worship them. He burn sacrifice to them. </color></bold></p></language></p></Contents>
  </Comment>
  <Comment Thread="7b8132ff" User="Sunday Jakes" VerseRef="2CH 25:15" Language="" Date="2015-03-31T16:10:00.8382042+01:00">
    <SelectedText />
    <StartPosition>0</StartPosition>
    <ContextBefore />
    <ContextAfter />
    <Status>todo</Status>
    <Type>conflict</Type>
    <ConflictType>unknownConflictType</ConflictType>
    <Verse>\v 15 Lord he furiou and Amasiah enough and he sent some one speak word god go tells him that, &lt;&lt;What put then you go seek help from Idol and those that no idol their the they enought help them on hand yours not?&gt;&gt; </Verse>
    <AcceptedChangeXml>&lt;p&gt;&lt;language name="ENGLISH"&gt;&lt;p&gt;\v 15 &lt;bold&gt;&lt;color name="red"&gt;Lord he furiou and Amasiah enough and he sent some one speak word god go tells him that, &amp;lt;&amp;lt;What put then you go seek help from Idol and those that no idol their the they enought help them on hand yours not?&amp;gt;&amp;gt; &lt;/color&gt;&lt;/bold&gt;&lt;/p&gt;&lt;/language&gt;&lt;/p&gt;</AcceptedChangeXml>
    <HideInTextWindow>false</HideInTextWindow>
    <Contents>Two different people made conflicting changes in this verse. The rejected change is shown below.<p><language name="en"><p>\v 15 <bold><color name="red">Yaawe he became angry with Amaziah and he sent someone that said the word of God wnet said to him that,&lt;&lt; why do you wnet for help from gods of men that no Idols theirs it them could help them from your handsnot?&gt;&gt; </color></bold></p></language></p></Contents>
  </Comment>
  <Comment Thread="2cdfe1f4" User="Sunday Jakes" VerseRef="2CH 25:16" Language="" Date="2015-03-31T16:10:00.8382042+01:00">
    <SelectedText />
    <StartPosition>0</StartPosition>
    <ContextBefore />
    <ContextAfter />
    <Status>todo</Status>
    <Type>conflict</Type>
    <ConflictType>unknownConflictType</ConflictType>
    <Verse>\v 16 As he was spoken then king told him that, &gt;&gt; We put you be a given advice us went? The enough that? Oh then dead is what?&gt;&gt; The therefore then man speak word God the he stand then the told king that,&gt;&gt; I know that God and want to kill you surely, because you done thing that you did those the they, and no you give ear for listen advice I not.&gt;&gt; Those land Judah they do fight and those land Isreal they. </Verse>
    <AcceptedChangeXml>&lt;p&gt;&lt;language name="ENGLISH"&gt;&lt;p&gt;\v 16 &lt;bold&gt;&lt;color name="red"&gt;As he was spoken then king told him that, &amp;gt;&amp;gt; We put you be a given advice us went? The enough that? Oh then dead is what?&amp;gt;&amp;gt; The therefore then man speak word God the he stand then the told king that,&amp;gt;&amp;gt; I know that God and want to kill you surely, because you done thing that you did those the they, and no you give ear for listen advice I not.&amp;gt;&amp;gt; Those land Judah they do fight and those land Isreal they. &lt;/color&gt;&lt;/bold&gt;&lt;/p&gt;&lt;/language&gt;&lt;/p&gt;</AcceptedChangeXml>
    <HideInTextWindow>false</HideInTextWindow>
    <Contents>Two different people made conflicting changes in this verse. The rejected change is shown below.<p><language name="en"><p>\v 16 <bold><color name="red">As he was sill speaking then king said to him that,&lt;&lt; they put you became person that advise them went? It is enough! you begg dead for what?&gt;&gt; it is so then person that said the word of God he sop then he said to king ,&lt;&lt; Iknow that God determine to destroy you all, because you do what you have done this them, and no listened and hear advise mind that not.&gt;&gt; </color></bold></p></language></p></Contents>
  </Comment>
  <Comment Thread="7874ee0a" User="Sunday Jakes" VerseRef="2CH 25:17" Language="" Date="2015-03-31T16:10:00.8382042+01:00">
    <SelectedText />
    <StartPosition>0</StartPosition>
    <ContextBefore />
    <ContextAfter />
    <Status>todo</Status>
    <Type>conflict</Type>
    <ConflictType>unknownConflictType</ConflictType>
    <Verse>\v 17 Ater that amasiah to advice and those given advices him then he send them go take heart Jehowash son of Jehowas grand of Jehu king Isreal with word this that.&gt;&gt; You come us we meet eye and eye&gt;&gt; </Verse>
    <AcceptedChangeXml>&lt;p&gt;&lt;language name="ENGLISH"&gt;&lt;p&gt;\v 17 &lt;bold&gt;&lt;color name="red"&gt;Ater that amasiah to advice and those given advices him then he send them go take heart Jehowash son of Jehowas grand of Jehu king Isreal with word this that.&amp;gt;&amp;gt; You come us we meet eye and eye&amp;gt;&amp;gt; &lt;/color&gt;&lt;/bold&gt;&lt;/p&gt;&lt;/language&gt;&lt;/p&gt;</AcceptedChangeXml>
    <HideInTextWindow>false</HideInTextWindow>
    <Contents>Two different people made conflicting changes in this verse. The rejected change is shown below.<p><language name="en"><p>\v 17 <bold><color name="red">After that Amaziah do consult adviser and those give sdvise his them then he sent them went challenge to J ehoash son of Jehoahaz the son of Jehu king of Israel with this mouth that:&lt;&lt; Come meet me eye to eye.&gt;&gt; </color></bold></p></language></p></Contents>
  </Comment>
  <Comment Thread="bd073e9b" User="Sunday Jakes" VerseRef="2CH 25:18" Language="" Date="2015-03-31T16:10:00.8382042+01:00">
    <SelectedText />
    <StartPosition>0</StartPosition>
    <ContextBefore />
    <ContextAfter />
    <Status>todo</Status>
    <Type>conflict</Type>
    <ConflictType>unknownConflictType</ConflictType>
    <Verse>\v 18 But Jehowash king Isreal answer Amasiah king Judah that:&gt;&gt; A thorn (...) there on top stone lebanon says a tree Seda that,&gt; You give doughter yours, my son wife.&gt; There a wild animals is road past road, then the came matching thorn the withfoot. </Verse>
    <AcceptedChangeXml>&lt;p&gt;&lt;language name="ENGLISH"&gt;&lt;p&gt;\v 18 &lt;bold&gt;&lt;color name="red"&gt;But Jehowash king Isreal answer Amasiah king Judah that:&amp;gt;&amp;gt; A thorn (...) there on top stone lebanon says a tree Seda that,&amp;gt; You give doughter yours, my son wife.&amp;gt; There a wild animals is road past road, then the came matching thorn the withfoot. &lt;/color&gt;&lt;/bold&gt;&lt;/p&gt;&lt;/language&gt;&lt;/p&gt;</AcceptedChangeXml>
    <HideInTextWindow>false</HideInTextWindow>
    <Contents>Two different people made conflicting changes in this verse. The rejected change is shown below.<p><language name="en"><p>\v 18 <bold><color name="red">But Jehoash king of Israel answer to Amaziah king of Judah,&lt; Give your daughter son mind in marriage. Then a wild beast in way to pass, then it came match the thistle with his leg. </color></bold></p></language></p></Contents>
  </Comment>
  <Comment Thread="c059463c" User="Sunday Jakes" VerseRef="2CH 25:19" Language="" Date="2015-03-31T16:10:00.8382042+01:00">
    <SelectedText />
    <StartPosition>0</StartPosition>
    <ContextBefore />
    <ContextAfter />
    <Status>todo</Status>
    <Type>conflict</Type>
    <ConflictType>unknownConflictType</ConflictType>
    <Verse>\v 19 You victory over those Edom them then the up you head it'nt? You sit yours home and joy of greates that the, so you boast with yourself! You a seeking word that would bring course on you and those Judah they again why?&gt;&gt; </Verse>
    <AcceptedChangeXml>&lt;p&gt;&lt;language name="ENGLISH"&gt;&lt;p&gt;\v 19 &lt;bold&gt;&lt;color name="red"&gt;You victory over those Edom them then the up you head it'nt? You sit yours home and joy of greates that the, so you boast with yourself! You a seeking word that would bring course on you and those Judah they again why?&amp;gt;&amp;gt; &lt;/color&gt;&lt;/bold&gt;&lt;/p&gt;&lt;/language&gt;&lt;/p&gt;</AcceptedChangeXml>
    <HideInTextWindow>false</HideInTextWindow>
    <Contents>Two different people made conflicting changes in this verse. The rejected change is shown below.<p><language name="en"><p>\v 19 <bold><color name="red">yousay to youself that you have defeated Edom them then it make you proud. </color></bold></p></language></p></Contents>
  </Comment>
  <Comment Thread="4149622c" User="Sunday Jakes" VerseRef="2CH 25:20" Language="" Date="2015-03-31T16:10:00.8382042+01:00">
    <SelectedText />
    <StartPosition>0</StartPosition>
    <ContextBefore />
    <ContextAfter />
    <Status>todo</Status>
    <Type>conflict</Type>
    <ConflictType>unknownConflictType</ConflictType>
    <Verse>\v 20 With all then no Amasiah he hear not, because. God put it the remain like that so he get place give them hand of Jehouwash because they serve I tol of those Edom. </Verse>
    <AcceptedChangeXml>&lt;p&gt;&lt;language name="ENGLISH"&gt;&lt;p&gt;\v 20 &lt;bold&gt;&lt;color name="red"&gt;With all then no Amasiah he hear not, because. God put it the remain like that so he get place give them hand of Jehouwash because they serve I tol of those Edom. &lt;/color&gt;&lt;/bold&gt;&lt;/p&gt;&lt;/language&gt;&lt;/p&gt;</AcceptedChangeXml>
    <HideInTextWindow>false</HideInTextWindow>
    <Contents>Two different people made conflicting changes in this verse. The rejected change is shown below.<p><language name="en"><p>\v 20 <bold><color name="red">All like that then no Amaziah he listened not, because God put it will be like that so that he might hand them over to Jehoash, </color></bold></p></language></p></Contents>
  </Comment>
</CommentList>