﻿<?xml version="1.0" encoding="utf-8"?>
<CommentList>
  <Comment Thread="e3799112" User="Plangtong Dawam Simon" VerseRef="ISA 32:0" Language="" Date="2015-06-16T11:21:16.9850397+01:00">
    <SelectedText />
    <StartPosition>0</StartPosition>
    <ContextBefore />
    <ContextAfter />
    <Status>todo</Status>
    <Type>conflict</Type>
    <ConflictType>unknownConflictType</ConflictType>
    <Verse />
    <HideInTextWindow>false</HideInTextWindow>
    <Contents>Invalid verses in Plangtong Dawam Simon's copy of chapter 32. Kept Jacob Bess's version of chapter.</Contents>
  </Comment>
</CommentList>