﻿<?xml version="1.0" encoding="utf-8"?>
<CommentList>
  <Comment Thread="c61a8b17" User="Jacob Bess" VerseRef="PSA 86:1" Language="" Date="2013-01-22T18:11:43.4735382+01:00">
    <SelectedText />
    <StartPosition>0</StartPosition>
    <ContextBefore />
    <ContextAfter />
    <Status>todo</Status>
    <Type>conflict</Type>
    <ConflictType>unknownConflictType</ConflictType>
    <Verse />
    <HideInTextWindow>false</HideInTextWindow>
    <Contents>Two different people edited this verse. One change was accepted in the text. The other change is shown in this note (in red) and is not in the current copy of the text. To see who has edited this verse, right click in the verse and click 'View History for Verse(s)'. In some cases you will need to right click in the verse and click 'View History for Verse(s)' to see exactly when and where the change was made. <p><language name="en"><p>\v 1 O Lord you listen to me and answer me<strikethrough><color name="red"></color></strikethrough><bold><color name="red">, </color></bold><bold><color name="red">\q2 </color></bold>for I am in poor of assistance. <strikethrough><color name="red">\q2 </color></strikethrough>\q1 </p></language></p></Contents>
  </Comment>
  <Comment Thread="8474a6dd" User="Jacob Bess" VerseRef="PSA 86:2" Language="" Date="2013-01-22T18:11:43.5935383+01:00">
    <SelectedText />
    <StartPosition>0</StartPosition>
    <ContextBefore />
    <ContextAfter />
    <Status>todo</Status>
    <Type>conflict</Type>
    <ConflictType>unknownConflictType</ConflictType>
    <Verse />
    <HideInTextWindow>false</HideInTextWindow>
    <Contents>Two different people edited this verse. One change was accepted in the text. The other change is shown in this note (in red) and is not in the current copy of the text. To see who has edited this verse, right click in the verse and click 'View History for Verse(s)'. In some cases you will need to right click in the verse and click 'View History for Verse(s)' to see exactly when and where the change was made. <p><language name="en"><p>\v 2 Grand my life for I am deverted to you. <bold><color name="red">\q2 </color></bold>You are my God help me your servant<strikethrough><color name="red"></color></strikethrough><bold><color name="red">, </color></bold><bold><color name="red">\q2 </color></bold>that I belive in you. <strikethrough><color name="red">\q2 </color></strikethrough><strikethrough><color name="red">\q2 </color></strikethrough>\q1 </p></language></p></Contents>
  </Comment>
  <Comment Thread="a3a0e8cc" User="Jacob Bess" VerseRef="PSA 86:3" Language="" Date="2013-01-22T18:11:43.7255409+01:00">
    <SelectedText />
    <StartPosition>0</StartPosition>
    <ContextBefore />
    <ContextAfter />
    <Status>todo</Status>
    <Type>conflict</Type>
    <ConflictType>unknownConflictType</ConflictType>
    <Verse />
    <HideInTextWindow>false</HideInTextWindow>
    <Contents>Two different people edited this verse. One change was accepted in the text. The other change is shown in this note (in red) and is not in the current copy of the text. To see who has edited this verse, right click in the verse and click 'View History for Verse(s)'. In some cases you will need to right click in the verse and click 'View History for Verse(s)' to see exactly when and where the change was made. <p><language name="en"><p>\v 3 O' Lord have mercy on me <bold><color name="red">\q2 </color></bold>for all day long have been prey in for you. <strikethrough><color name="red">\q2 </color></strikethrough>\q1 </p></language></p></Contents>
  </Comment>
  <Comment Thread="50ed22ce" User="Jacob Bess" VerseRef="PSA 86:4" Language="" Date="2013-01-22T18:11:43.8155410+01:00">
    <SelectedText />
    <StartPosition>0</StartPosition>
    <ContextBefore />
    <ContextAfter />
    <Status>todo</Status>
    <Type>conflict</Type>
    <ConflictType>unknownConflictType</ConflictType>
    <Verse />
    <HideInTextWindow>false</HideInTextWindow>
    <Contents>Two different people edited this verse. One change was accepted in the text. The other change is shown in this note (in red) and is not in the current copy of the text. To see who has edited this verse, right click in the verse and click 'View History for Verse(s)'. In some cases you will need to right click in the verse and click 'View History for Verse(s)' to see exactly when and where the change was made. <p><language name="en"><p>\v 4 <bold><color name="red">You </color></bold>bring joy to me your servant O' Lord because of my prayers. lift up to you. \q2 \q2 \b \q1 </p></language></p></Contents>
  </Comment>
  <Comment Thread="20ad17ff" User="Jacob Bess" VerseRef="PSA 68:3" Language="" Date="2013-02-25T09:42:19.6139107+01:00">
    <SelectedText />
    <StartPosition>0</StartPosition>
    <ContextBefore />
    <ContextAfter />
    <Status>todo</Status>
    <Type>conflict</Type>
    <ConflictType>unknownConflictType</ConflictType>
    <Verse />
    <HideInTextWindow>false</HideInTextWindow>
    <Contents>Two different people edited this verse. One change was accepted in the text. The other change is shown in this note (in red) and is not in the current copy of the text. To see who has edited this verse, right click in the verse and click 'View History for Verse(s)'. In some cases you will need to right click in the verse and click 'View History for Verse(s)' to see exactly when and where the change was made. <p><language name="en"><p>\v 3 <bold><color name="red">And then let people righteous them have evjoyment, </color></bold>\q2 <bold><color name="red">and they do rejoice in presence of God </color></bold>\q2 <bold><color name="red">Let them rise and jump with joy. </color></bold>\b \q1 </p></language></p></Contents>
  </Comment>
  <Comment Thread="97a66cef" User="Jacob Bess" VerseRef="PSA 91:2" Language="" Date="2013-02-25T10:10:04.8646042+01:00">
    <SelectedText />
    <StartPosition>0</StartPosition>
    <ContextBefore />
    <ContextAfter />
    <Status>todo</Status>
    <Type>conflict</Type>
    <ConflictType>unknownConflictType</ConflictType>
    <Verse />
    <HideInTextWindow>false</HideInTextWindow>
    <Contents>Two different people edited this verse. One change was accepted in the text. The other change is shown in this note (in red) and is not in the current copy of the text. To see who has edited this verse, right click in the verse and click 'View History for Verse(s)'. In some cases you will need to right click in the verse and click 'View History for Verse(s)' to see exactly when and where the change was made. <p><language name="en"><p>\v 2 and that person said to the Lord that you are my refuge and a refuge of mind \q2 <strikethrough><color name="red">???</color></strikethrough><bold><color name="red">and my God that I lean my head on him.</color></bold> \b \q1 </p></language></p></Contents>
  </Comment>
  <Comment Thread="69486705" User="Jacob Bess" VerseRef="PSA 93:1" Language="" Date="2013-02-27T16:54:12.5984375+01:00">
    <SelectedText />
    <StartPosition>0</StartPosition>
    <ContextBefore />
    <ContextAfter />
    <Status>todo</Status>
    <Type>conflict</Type>
    <ConflictType>unknownConflictType</ConflictType>
    <Verse />
    <HideInTextWindow>false</HideInTextWindow>
    <Contents>Two different people edited this verse. One change was accepted in the text. The other change is shown in this note (in red) and is not in the current copy of the text. To see who has edited this verse, right click in the verse and click 'View History for Verse(s)'. In some cases you will need to right click in the verse and click 'View History for Verse(s)' to see exactly when and where the change was made. <p><language name="en"><p>\v 1 <strikethrough><color name="red">The Lord</color></strikethrough><bold><color name="red">Yaawe</color></bold> is a King \q2 he has wear garment of King him \q2 then he has strong again \q1 earth its sit with bottoms \q2 no its no shaken \q1 </p></language></p></Contents>
  </Comment>
  <Comment Thread="a134a23d" User="Jacob Bess" VerseRef="PSA 94:5" Language="" Date="2013-02-27T16:54:12.6296376+01:00">
    <SelectedText />
    <StartPosition>0</StartPosition>
    <ContextBefore />
    <ContextAfter />
    <Status>todo</Status>
    <Type>conflict</Type>
    <ConflictType>unknownConflictType</ConflictType>
    <Verse />
    <HideInTextWindow>false</HideInTextWindow>
    <Contents>Two different people edited this verse. One change was accepted in the text. The other change is shown in this note (in red) and is not in the current copy of the text. To see who has edited this verse, right click in the verse and click 'View History for Verse(s)'. In some cases you will need to right click in the verse and click 'View History for Verse(s)' to see exactly when and where the change was made. <p><language name="en"><p>\v 5 <strikethrough><color name="red">O Lord</color></strikethrough><bold><color name="red">Daa Yaawe</color></bold> they are crushing people of yours \q2 they are crushing people that you put them. \q1 </p></language></p></Contents>
  </Comment>
  <Comment Thread="5be90046" User="Jacob Bess" VerseRef="PSA 119:0" Language="" Date="2013-04-16T15:46:02.0957459+01:00">
    <SelectedText />
    <StartPosition>0</StartPosition>
    <ContextBefore />
    <ContextAfter />
    <Status>todo</Status>
    <Type>conflict</Type>
    <ConflictType>unknownConflictType</ConflictType>
    <Verse />
    <HideInTextWindow>false</HideInTextWindow>
    <Contents>Jacob Bess edited this verse on two different machines on Tuesday, 16 April, 2013 3:46 PM and Thursday, 28 March, 2013 10:04 AM. The change shown in this note (in red) is not in the current copy of the text. <p><language name="en"><p>\c 119 \s <bold><color name="red">Song on word of God. </color></bold>\q1 </p></language></p></Contents>
  </Comment>
  <Comment Thread="1c860a59" User="Jacob Bess" VerseRef="PSA 119:4" Language="" Date="2013-04-16T15:46:02.1257459+01:00">
    <SelectedText />
    <StartPosition>0</StartPosition>
    <ContextBefore />
    <ContextAfter />
    <Status>todo</Status>
    <Type>conflict</Type>
    <ConflictType>unknownConflictType</ConflictType>
    <Verse />
    <HideInTextWindow>false</HideInTextWindow>
    <Contents>Jacob Bess edited this verse on two different machines on Tuesday, 16 April, 2013 3:46 PM and Thursday, 28 March, 2013 10:04 AM. The change shown in this note (in red) is not in the current copy of the text. <p><language name="en"><p>\v 4 <bold><color name="red">God, You've given commandment yours they us, </color></bold>\q2 <bold><color name="red">so that we follow there after they with truth </color></bold>\q1 </p></language></p></Contents>
  </Comment>
  <Comment Thread="69d5c5f2" User="Jacob Bess" VerseRef="PSA 119:5" Language="" Date="2013-04-16T15:46:02.1457459+01:00">
    <SelectedText />
    <StartPosition>0</StartPosition>
    <ContextBefore />
    <ContextAfter />
    <Status>todo</Status>
    <Type>conflict</Type>
    <ConflictType>unknownConflictType</ConflictType>
    <Verse />
    <HideInTextWindow>false</HideInTextWindow>
    <Contents>Jacob Bess edited this verse on two different machines on Tuesday, 16 April, 2013 3:46 PM and Thursday, 28 March, 2013 10:04 AM. The change shown in this note (in red) is not in the current copy of the text. <p><language name="en"><p>\v 5 <bold><color name="red">plead mine is that may habit mine they will follow </color></bold>\q2 <bold><color name="red">strickly after commandment yours they straight </color></bold>\q1 </p></language></p></Contents>
  </Comment>
  <Comment Thread="b89c3aa" User="Jacob Bess" VerseRef="PSA 119:8" Language="" Date="2013-04-16T15:46:02.1857460+01:00">
    <SelectedText />
    <StartPosition>0</StartPosition>
    <ContextBefore />
    <ContextAfter />
    <Status>todo</Status>
    <Type>conflict</Type>
    <ConflictType>unknownConflictType</ConflictType>
    <Verse />
    <HideInTextWindow>false</HideInTextWindow>
    <Contents>Jacob Bess edited this verse on two different machines on Tuesday, 16 April, 2013 3:46 PM and Thursday, 28 March, 2013 10:04 AM. The change shown in this note (in red) is not in the current copy of the text. <p><language name="en"><p>\v 8 <bold><color name="red">I will keep commandment yours they. </color></bold>\q2 <bold><color name="red">Never you leave me there all not. </color></bold>\s <bold><color name="red">Obedience to commandments of God. </color></bold>\b \q1 </p></language></p></Contents>
  </Comment>
  <Comment Thread="1d6303da" User="Jacob Bess" VerseRef="PSA 119:11" Language="" Date="2013-04-16T15:46:02.2057460+01:00">
    <SelectedText />
    <StartPosition>0</StartPosition>
    <ContextBefore />
    <ContextAfter />
    <Status>todo</Status>
    <Type>conflict</Type>
    <ConflictType>unknownConflictType</ConflictType>
    <Verse />
    <HideInTextWindow>false</HideInTextWindow>
    <Contents>Jacob Bess edited this verse on two different machines on Tuesday, 16 April, 2013 3:46 PM and Thursday, 28 March, 2013 10:04 AM. The change shown in this note (in red) is not in the current copy of the text. <p><language name="en"><p>\v 11 <bold><color name="red">I hide word yours inside heart mine </color></bold>\q2 <bold><color name="red">so that not I do sin to you </color></bold>\q1 </p></language></p></Contents>
  </Comment>
  <Comment Thread="95996a14" User="Jacob Bess" VerseRef="PSA 119:16" Language="" Date="2013-04-16T15:46:02.2357461+01:00">
    <SelectedText />
    <StartPosition>0</StartPosition>
    <ContextBefore />
    <ContextAfter />
    <Status>todo</Status>
    <Type>conflict</Type>
    <ConflictType>unknownConflictType</ConflictType>
    <Verse />
    <HideInTextWindow>false</HideInTextWindow>
    <Contents>Jacob Bess edited this verse on two different machines on Tuesday, 16 April, 2013 3:46 PM and Thursday, 28 March, 2013 10:04 AM. The change shown in this note (in red) is not in the current copy of the text. <p><language name="en"><p>\v 16 <bold><color name="red">I am hearing sweet for commandment yours they. </color></bold>\q2 <bold><color name="red">No I will ever turn with back toword yours not. </color></bold>\s <bold><color name="red">hearing sweet inside commandment of God. </color></bold>\b \q1 </p></language></p></Contents>
  </Comment>
  <Comment Thread="767bed83" User="Jacob Bess" VerseRef="PSA 119:17" Language="" Date="2013-04-16T15:46:02.2657461+01:00">
    <SelectedText />
    <StartPosition>0</StartPosition>
    <ContextBefore />
    <ContextAfter />
    <Status>todo</Status>
    <Type>conflict</Type>
    <ConflictType>unknownConflictType</ConflictType>
    <Verse />
    <HideInTextWindow>false</HideInTextWindow>
    <Contents>Jacob Bess edited this verse on two different machines on Tuesday, 16 April, 2013 3:46 PM and Thursday, 28 March, 2013 10:04 AM. The change shown in this note (in red) is not in the current copy of the text. <p><language name="en"><p>\v 17 <bold><color name="red">You do good to me servant yours </color></bold>\q2 <bold><color name="red">then I will live there with life. I will obey word yours </color></bold>\q1 </p></language></p></Contents>
  </Comment>
  <Comment Thread="5ade755a" User="Jacob Bess" VerseRef="PSA 119:18" Language="" Date="2013-04-16T15:46:02.2957462+01:00">
    <SelectedText />
    <StartPosition>0</StartPosition>
    <ContextBefore />
    <ContextAfter />
    <Status>todo</Status>
    <Type>conflict</Type>
    <ConflictType>unknownConflictType</ConflictType>
    <Verse />
    <HideInTextWindow>false</HideInTextWindow>
    <Contents>Jacob Bess edited this verse on two different machines on Tuesday, 16 April, 2013 3:46 PM and Thursday, 28 March, 2013 10:04 AM. The change shown in this note (in red) is not in the current copy of the text. <p><language name="en"><p>\v 18 <bold><color name="red">You open eye mine so that I see </color></bold>\q2 <bold><color name="red">thing surprise they that in commandment yours </color></bold>\q1 </p></language></p></Contents>
  </Comment>
  <Comment Thread="12e0451c" User="Jacob Bess" VerseRef="PSA 119:24" Language="" Date="2013-04-16T15:46:02.3257462+01:00">
    <SelectedText />
    <StartPosition>0</StartPosition>
    <ContextBefore />
    <ContextAfter />
    <Status>todo</Status>
    <Type>conflict</Type>
    <ConflictType>unknownConflictType</ConflictType>
    <Verse />
    <HideInTextWindow>false</HideInTextWindow>
    <Contents>Jacob Bess edited this verse on two different machines on Tuesday, 16 April, 2013 3:46 PM and Thursday, 28 March, 2013 10:04 AM. The change shown in this note (in red) is not in the current copy of the text. <p><language name="en"><p>\v 24 <bold><color name="red">commandment yours, it's making me find joy </color></bold>\q2 <bold><color name="red">it's they that give instruction to me. </color></bold>\s <bold><color name="red">Endeavour to keep commandments of god. </color></bold>\b \q1 </p></language></p></Contents>
  </Comment>
  <Comment Thread="5fb592cd" User="Jacob Bess" VerseRef="PSA 119:26" Language="" Date="2013-04-16T15:46:02.3657462+01:00">
    <SelectedText />
    <StartPosition>0</StartPosition>
    <ContextBefore />
    <ContextAfter />
    <Status>todo</Status>
    <Type>conflict</Type>
    <ConflictType>unknownConflictType</ConflictType>
    <Verse />
    <HideInTextWindow>false</HideInTextWindow>
    <Contents>Jacob Bess edited this verse on two different machines on Tuesday, 16 April, 2013 3:46 PM and Thursday, 28 March, 2013 10:04 AM. The change shown in this note (in red) is not in the current copy of the text. <p><language name="en"><p>\v 26 <bold><color name="red">I declared habit mine they to you then you accept for me </color></bold>\q2 <bold><color name="red">You teach commandments yours they to me </color></bold>\q1 </p></language></p></Contents>
  </Comment>
  <Comment Thread="1be2c603" User="Jacob Bess" VerseRef="PSA 119:30" Language="" Date="2013-04-16T15:46:02.3957463+01:00">
    <SelectedText />
    <StartPosition>0</StartPosition>
    <ContextBefore />
    <ContextAfter />
    <Status>todo</Status>
    <Type>conflict</Type>
    <ConflictType>unknownConflictType</ConflictType>
    <Verse />
    <HideInTextWindow>false</HideInTextWindow>
    <Contents>Jacob Bess edited this verse on two different machines on Tuesday, 16 April, 2013 3:46 PM and Thursday, 28 March, 2013 10:04 AM. The change shown in this note (in red) is not in the current copy of the text. <p><language name="en"><p>\v 30 <bold><color name="red">I have chosen it's doing truth. </color></bold>\q2 <bold><color name="red">I have kept commandment yours they front mine </color></bold>\q1 </p></language></p></Contents>
  </Comment>
  <Comment Thread="e40eae7c" User="Jacob Bess" VerseRef="PSA 119:32" Language="" Date="2013-04-16T15:46:02.4357463+01:00">
    <SelectedText />
    <StartPosition>0</StartPosition>
    <ContextBefore />
    <ContextAfter />
    <Status>todo</Status>
    <Type>conflict</Type>
    <ConflictType>unknownConflictType</ConflictType>
    <Verse />
    <HideInTextWindow>false</HideInTextWindow>
    <Contents>Jacob Bess edited this verse on two different machines on Tuesday, 16 April, 2013 3:46 PM and Thursday, 28 March, 2013 10:04 AM. The change shown in this note (in red) is not in the current copy of the text. <p><language name="en"><p>\v 32 <bold><color name="red">I am following after commandent your they it's running. </color></bold>\q2 <strikethrough><color name="red">\s </color></strikethrough><bold><color name="red">Because it's you let me find joy. </color></bold><bold><color name="red">\sPrayer </color></bold><bold><color name="red">for knowledge of thing. </color></bold>\b \q1 </p></language></p></Contents>
  </Comment>
  <Comment Thread="5fc371b5" User="Jacob Bess" VerseRef="PSA 119:40" Language="" Date="2013-04-16T15:46:02.4757464+01:00">
    <SelectedText />
    <StartPosition>0</StartPosition>
    <ContextBefore />
    <ContextAfter />
    <Status>todo</Status>
    <Type>conflict</Type>
    <ConflictType>unknownConflictType</ConflictType>
    <Verse />
    <HideInTextWindow>false</HideInTextWindow>
    <Contents>Jacob Bess edited this verse on two different machines on Tuesday, 16 April, 2013 3:46 PM and Thursday, 28 March, 2013 10:04 AM. The change shown in this note (in red) is not in the current copy of the text. <p><language name="en"><p>\v 40 <bold><color name="red">I am love keep it's commandment yours they. </color></bold>\q2 <strikethrough><color name="red">\s </color></strikethrough><bold><color name="red">You give life that new to me because you are good. </color></bold><bold><color name="red">\sDepending </color></bold><bold><color name="red">on faith to commandment of God. </color></bold>\b \q1 </p></language></p></Contents>
  </Comment>
  <Comment Thread="4268a895" User="Jacob Bess" VerseRef="PSA 119:42" Language="" Date="2013-04-16T15:46:02.5057464+01:00">
    <SelectedText />
    <StartPosition>0</StartPosition>
    <ContextBefore />
    <ContextAfter />
    <Status>todo</Status>
    <Type>conflict</Type>
    <ConflictType>unknownConflictType</ConflictType>
    <Verse />
    <HideInTextWindow>false</HideInTextWindow>
    <Contents>Jacob Bess edited this verse on two different machines on Tuesday, 16 April, 2013 3:46 PM and Thursday, 28 March, 2013 10:04 AM. The change shown in this note (in red) is not in the current copy of the text. <p><language name="en"><p>\v 42 <bold><color name="red">Then I'll have with word that I'll reply those that they are castigating me </color></bold>\q2 \q1 </p></language></p></Contents>
  </Comment>
  <Comment Thread="29f65f06" User="Jacob Bess" VerseRef="PSA 119:48" Language="" Date="2013-04-16T15:46:02.5357465+01:00">
    <SelectedText />
    <StartPosition>0</StartPosition>
    <ContextBefore />
    <ContextAfter />
    <Status>todo</Status>
    <Type>conflict</Type>
    <ConflictType>unknownConflictType</ConflictType>
    <Verse />
    <HideInTextWindow>false</HideInTextWindow>
    <Contents>Jacob Bess edited this verse on two different machines on Tuesday, 16 April, 2013 3:46 PM and Thursday, 28 March, 2013 10:04 AM. The change shown in this note (in red) is not in the current copy of the text. <p><language name="en"><p>\v 48 <bold><color name="red">I do give honour to commandment yours they and I do love them. </color></bold>\q2 <strikethrough><color name="red">\s </color></strikethrough><bold><color name="red">I'll do think upon commandment yours they </color></bold><bold><color name="red">\sTrusting </color></bold><bold><color name="red">upon commandments of God. </color></bold>\b \q1 </p></language></p></Contents>
  </Comment>
  <Comment Thread="ef65e05" User="Jacob Bess" VerseRef="PSA 119:49" Language="" Date="2013-04-16T15:46:02.5757465+01:00">
    <SelectedText />
    <StartPosition>0</StartPosition>
    <ContextBefore />
    <ContextAfter />
    <Status>todo</Status>
    <Type>conflict</Type>
    <ConflictType>unknownConflictType</ConflictType>
    <Verse />
    <HideInTextWindow>false</HideInTextWindow>
    <Contents>Jacob Bess edited this verse on two different machines on Tuesday, 16 April, 2013 3:46 PM and Thursday, 28 March, 2013 10:04 AM. The change shown in this note (in red) is not in the current copy of the text. <p><language name="en"><p>\v 49 <bold><color name="red">You think of word that you promised to me servant yours. </color></bold>\q2 <bold><color name="red">It let me have with deligency. </color></bold>\q1 </p></language></p></Contents>
  </Comment>
  <Comment Thread="2c7360ad" User="Jacob Bess" VerseRef="PSA 119:50" Language="" Date="2013-04-16T15:46:02.6057466+01:00">
    <SelectedText />
    <StartPosition>0</StartPosition>
    <ContextBefore />
    <ContextAfter />
    <Status>todo</Status>
    <Type>conflict</Type>
    <ConflictType>unknownConflictType</ConflictType>
    <Verse />
    <HideInTextWindow>false</HideInTextWindow>
    <Contents>Jacob Bess edited this verse on two different machines on Tuesday, 16 April, 2013 3:46 PM and Thursday, 28 March, 2013 10:04 AM. The change shown in this note (in red) is not in the current copy of the text. <p><language name="en"><p>\v 50 <bold><color name="red">It's thing that it's cooling heart to me in suffering that I am taking is this; </color></bold>\q2 <bold><color name="red">word that you promised it does give life to me </color></bold>\q1 </p></language></p></Contents>
  </Comment>
  <Comment Thread="e01f080a" User="Jacob Bess" VerseRef="PSA 119:54" Language="" Date="2013-04-16T15:46:02.6357466+01:00">
    <SelectedText />
    <StartPosition>0</StartPosition>
    <ContextBefore />
    <ContextAfter />
    <Status>todo</Status>
    <Type>conflict</Type>
    <ConflictType>unknownConflictType</ConflictType>
    <Verse />
    <HideInTextWindow>false</HideInTextWindow>
    <Contents>Jacob Bess edited this verse on two different machines on Tuesday, 16 April, 2013 3:46 PM and Thursday, 28 March, 2013 10:04 AM. The change shown in this note (in red) is not in the current copy of the text. <p><language name="en"><p>\v 54 <bold><color name="red">every place that I stay there </color></bold>\q2 <bold><color name="red">then I always do Psalm it's on commandment yours. </color></bold>\q1 </p></language></p></Contents>
  </Comment>
  <Comment Thread="a1c51e09" User="Jacob Bess" VerseRef="PSA 119:88" Language="" Date="2013-04-16T15:46:02.6657467+01:00">
    <SelectedText />
    <StartPosition>0</StartPosition>
    <ContextBefore />
    <ContextAfter />
    <Status>todo</Status>
    <Type>conflict</Type>
    <ConflictType>unknownConflictType</ConflictType>
    <Verse />
    <HideInTextWindow>false</HideInTextWindow>
    <Contents>Jacob Bess edited this verse on two different machines on Tuesday, 16 April, 2013 3:46 PM and Thursday, 28 March, 2013 10:04 AM. The change shown in this note (in red) is not in the current copy of the text. <p><language name="en"><p>\v 88 <bold><color name="red">You spare life mine for love withgrace your that, </color></bold>\q2 <strikethrough><color name="red">\s </color></strikethrough><bold><color name="red">so that I follow there after commandment that they come out from mouth they there yours </color></bold><bold><color name="red">\sTrustin </color></bold><bold><color name="red">you commandment of God. </color></bold>\b \q1 </p></language></p></Contents>
  </Comment>
  <Comment Thread="8d8b0f68" User="Jacob Bess" VerseRef="PSA 119:128" Language="" Date="2013-04-16T15:46:02.6957467+01:00">
    <SelectedText />
    <StartPosition>0</StartPosition>
    <ContextBefore />
    <ContextAfter />
    <Status>todo</Status>
    <Type>conflict</Type>
    <ConflictType>unknownConflictType</ConflictType>
    <Verse />
    <HideInTextWindow>false</HideInTextWindow>
    <Contents>Jacob Bess edited this verse on two different machines on Tuesday, 16 April, 2013 3:46 PM and Thursday, 28 March, 2013 10:04 AM. The change shown in this note (in red) is not in the current copy of the text. <p><language name="en"><p>\v 128 <bold><color name="red">And because I take commandment yours they all it's right, </color></bold>\q2 <strikethrough><color name="red">\s </color></strikethrough><bold><color name="red">then I hate all way that bad each. </color></bold><bold><color name="red">\sDesire </color></bold><bold><color name="red">of keeping commandment of God </color></bold>\b \q1 </p></language></p></Contents>
  </Comment>
  <Comment Thread="7781f613" User="Jacob Bess" VerseRef="PSA 119:129" Language="" Date="2013-04-16T15:46:02.7257468+01:00">
    <SelectedText />
    <StartPosition>0</StartPosition>
    <ContextBefore />
    <ContextAfter />
    <Status>todo</Status>
    <Type>conflict</Type>
    <ConflictType>unknownConflictType</ConflictType>
    <Verse />
    <HideInTextWindow>false</HideInTextWindow>
    <Contents>Jacob Bess edited this verse on two different machines on Tuesday, 16 April, 2013 3:46 PM and Thursday, 28 March, 2013 10:04 AM. The change shown in this note (in red) is not in the current copy of the text. <p><language name="en"><p>\v 129 <bold><color name="red">Teaching yours them it's thing surprise </color></bold>\q2 \q1 </p></language></p></Contents>
  </Comment>
  <Comment Thread="5aa5a0eb" User="Jacob Bess" VerseRef="PSA 74:9" Language="" Date="2013-05-01T16:12:03.6062710+01:00">
    <SelectedText />
    <StartPosition>0</StartPosition>
    <ContextBefore />
    <ContextAfter />
    <Status>todo</Status>
    <Type>conflict</Type>
    <ConflictType>unknownConflictType</ConflictType>
    <Verse />
    <HideInTextWindow>false</HideInTextWindow>
    <Contents>Two different people edited this verse. One change was accepted in the text. The other change is shown in this note (in red) and is not in the current copy of the text. To see who has edited this verse, right click in the verse and click 'View History for Verse(s)'. In some cases you will need to right click in the verse and click 'View History for Verse(s)' to see exactly when and where the change was made. <p><language name="en"><p>\v 9 Not we again we have seen any sign of thing wonder them there not. No any prophet remain not, You opened springs them and rivers them, and you made rivers that not they never dry not they dry. \q2 <bold><color name="red">\q2 </color></bold>\q1 </p></language></p></Contents>
  </Comment>
  <Comment Thread="b48edbd0" User="Jacob Bess" VerseRef="PSA 74:11" Language="" Date="2013-05-01T16:12:03.6686711+01:00">
    <SelectedText />
    <StartPosition>0</StartPosition>
    <ContextBefore />
    <ContextAfter />
    <Status>todo</Status>
    <Type>conflict</Type>
    <ConflictType>unknownConflictType</ConflictType>
    <Verse />
    <HideInTextWindow>false</HideInTextWindow>
    <Contents>Two different people edited this verse. One change was accepted in the text. The other change is shown in this note (in red) and is not in the current copy of the text. To see who has edited this verse, right click in the verse and click 'View History for Verse(s)'. In some cases you will need to right click in the verse and click 'View History for Verse(s)' to see exactly when and where the change was made. <p><language name="en"><p><bold><color name="red">\v 11 </color></bold><bold><color name="red">\q2 </color></bold><bold><color name="red">\q1 </color></bold></p></language></p></Contents>
  </Comment>
  <Comment Thread="f1106275" User="Jacob Bess" VerseRef="PSA 75:1" Language="" Date="2013-05-08T16:00:06.9739549+01:00">
    <SelectedText />
    <StartPosition>0</StartPosition>
    <ContextBefore />
    <ContextAfter />
    <Status>todo</Status>
    <Type>conflict</Type>
    <ConflictType>unknownConflictType</ConflictType>
    <Verse />
    <HideInTextWindow>false</HideInTextWindow>
    <Contents>Two different people edited this verse. One change was accepted in the text. The other change is shown in this note (in red) and is not in the current copy of the text. To see who has edited this verse, right click in the verse and click 'View History for Verse(s)'. In some cases you will need to right click in the verse and click 'View History for Verse(s)' to see exactly when and where the change was made. <p><language name="en"><p>\v 1 Lord God we thank much, we thank much, <bold><color name="red">\q2 </color></bold>because name your is there near, <bold><color name="red">\q2 </color></bold>people they are telling things great that you are doing them. <strikethrough><color name="red">\q2 </color></strikethrough><strikethrough><color name="red">\q2 </color></strikethrough>\b \q1 </p></language></p></Contents>
  </Comment>
  <Comment Thread="83d03ca1" User="Jacob Bess" VerseRef="PSA 74:14" Language="" Date="2013-05-22T17:10:55.1855131+01:00">
    <SelectedText>heads</SelectedText>
    <StartPosition>16</StartPosition>
    <ContextBefore>\v 14 You broke </ContextBefore>
    <ContextAfter> of monster that they call</ContextAfter>
    <Status>todo</Status>
    <Type></Type>
    <ConflictType>unknownConflictType</ConflictType>
    <Verse />
    <HideInTextWindow>false</HideInTextWindow>
    <Contents>mu ɗar a si</Contents>
  </Comment>
  <Comment Thread="83d03ca1" User="Jacob Bess" VerseRef="PSA 74:14" Language="" Date="2013-05-23T12:54:41.7760574+01:00">
    <SelectedText>heads</SelectedText>
    <StartPosition>16</StartPosition>
    <ContextBefore>\v 14 You broke </ContextBefore>
    <ContextAfter> of monster that they call</ContextAfter>
    <Status>deleted</Status>
    <Type></Type>
    <ConflictType>unknownConflictType</ConflictType>
    <Verse />
    <HideInTextWindow>false</HideInTextWindow>
    <Contents />
  </Comment>
  <Comment Thread="c6ff190a" User="Jacob Bess" VerseRef="PSA 78:17" Language="" Date="2013-05-29T11:17:43.5299017+01:00">
    <SelectedText />
    <StartPosition>0</StartPosition>
    <ContextBefore />
    <ContextAfter />
    <Status>todo</Status>
    <Type>conflict</Type>
    <ConflictType>unknownConflictType</ConflictType>
    <Verse />
    <HideInTextWindow>false</HideInTextWindow>
    <Contents>Two different people edited this verse. One change was accepted in the text. The other change is shown in this note (in red) and is not in the current copy of the text. To see who has edited this verse, right click in the verse and click 'View History for Verse(s)'. In some cases you will need to right click in the verse and click 'View History for Verse(s)' to see exactly when and where the change was made. <p><language name="en"><p>\v 17 Despite that then they continue doing sin to him, and they did rebell to <strikethrough><color name="red">Yaawe</color></strikethrough><bold><color name="red">Lord</color></bold> that is great pass all at wilderness. \q2 \q1 </p></language></p></Contents>
  </Comment>
  <Comment Thread="7c48853c" User="Jacob Bess" VerseRef="GEN 1:31" Language="" Date="2013-07-19T19:33:57.9761013+01:00">
    <SelectedText />
    <StartPosition>0</StartPosition>
    <ContextBefore />
    <ContextAfter />
    <Status>todo</Status>
    <Type>conflict</Type>
    <ConflictType>unknownConflictType</ConflictType>
    <Verse />
    <HideInTextWindow>false</HideInTextWindow>
    <Contents>Two different people edited this verse. One change was accepted in the text. The other change is shown in this note (in red) and is not in the current copy of the text. To see who has edited this verse, right click in the verse and click 'View History for Verse(s)'. In some cases you will need to right click in the verse and click 'View History for Verse(s)' to see exactly when and where the change was made. <p><language name="en"><p>\v 31 <bold><color name="red">Unfinished Unfinished </color></bold></p></language></p></Contents>
  </Comment>
  <Comment Thread="2db79911" User="Jacob Bess" VerseRef="GEN 2:5" Language="" Date="2013-07-19T19:33:58.0361014+01:00">
    <SelectedText />
    <StartPosition>0</StartPosition>
    <ContextBefore />
    <ContextAfter />
    <Status>todo</Status>
    <Type>conflict</Type>
    <ConflictType>unknownConflictType</ConflictType>
    <Verse />
    <HideInTextWindow>false</HideInTextWindow>
    <Contents>Two different people edited this verse. One change was accepted in the text. The other change is shown in this note (in red) and is not in the current copy of the text. To see who has edited this verse, right click in the verse and click 'View History for Verse(s)'. In some cases you will need to right click in the verse and click 'View History for Verse(s)' to see exactly when and where the change was made. <p><language name="en"><p>\v 5 Same with that then not some thing for plant them there in-ground it not not some grass them or shurbs them have go up there on head gound it not yet because not Lord God He has put so that rain come down on head ground it not yet and not some man there that he will <strikethrough><color name="red">plangh</color></strikethrough><bold><color name="red">plow</color></bold> farm there onhead ground it not also </p></language></p></Contents>
  </Comment>
  <Comment Thread="44b33aa7" User="Jacob Bess" VerseRef="GEN 4:3" Language="" Date="2013-07-19T19:33:58.0711015+01:00">
    <SelectedText />
    <StartPosition>0</StartPosition>
    <ContextBefore />
    <ContextAfter />
    <Status>todo</Status>
    <Type>conflict</Type>
    <ConflictType>unknownConflictType</ConflictType>
    <Verse />
    <HideInTextWindow>false</HideInTextWindow>
    <Contents>Two different people edited this verse. One change was accepted in the text. The other change is shown in this note (in red) and is not in the current copy of the text. To see who has edited this verse, right click in the verse and click 'View History for Verse(s)'. In some cases you will need to right click in the verse and click 'View History for Verse(s)' to see exactly when and where the change was made. <p><language name="en"><p>\v 3 Day some different then Cain he come with some <strikethrough><color name="red">cropthat</color></strikethrough><bold><color name="red">crop that</color></bold> he found inside in farm of his it for give gift to Lord God </p></language></p></Contents>
  </Comment>
  <Comment Thread="44b33aa7" User="Jacob Bess" VerseRef="GEN 4:3" Language="" Date="2013-07-20T14:59:35.8914986+01:00">
    <SelectedText />
    <StartPosition>0</StartPosition>
    <ContextBefore />
    <ContextAfter />
    <Status>deleted</Status>
    <Type>conflict</Type>
    <ConflictType>unknownConflictType</ConflictType>
    <Verse />
    <HideInTextWindow>false</HideInTextWindow>
    <Contents />
  </Comment>
  <Comment Thread="4ac063f6" User="Jacob Bess" VerseRef="2KI 2:0" Language="" Date="2013-07-29T15:13:04.5170936+01:00">
    <SelectedText />
    <StartPosition>0</StartPosition>
    <ContextBefore />
    <ContextAfter />
    <Status>todo</Status>
    <Type>conflict</Type>
    <ConflictType>unknownConflictType</ConflictType>
    <Verse />
    <HideInTextWindow>false</HideInTextWindow>
    <Contents>Two different people edited this verse. One change was accepted in the text. The other change is shown in this note (in red) and is not in the current copy of the text. To see who has edited this verse, right click in the verse and click 'View History for Verse(s)'. In some cases you will need to right click in the verse and click 'View History for Verse(s)' to see exactly when and where the change was made. <p><language name="en"><p><strikethrough><color name="red">\c 2ait </color></strikethrough><bold><color name="red">\c 2 </color></bold><bold><color name="red">ait </color></bold>down here because the Lord has sent me to Jericho . \s They have takin Elijah to heaven. \p </p></language></p></Contents>
  </Comment>
  <Comment Thread="6392faf9" User="Jacob Bess" VerseRef="DEU 17:9" Language="" Date="2013-12-07T09:53:35.1383409+01:00">
    <SelectedText>case</SelectedText>
    <StartPosition>243</StartPosition>
    <ContextBefore> that you will cut/decide the judgment/</ContextBefore>
    <ContextAfter> there. </ContextAfter>
    <Status>todo</Status>
    <Type></Type>
    <ConflictType>unknownConflictType</ConflictType>
    <Verse>\v 9 Then you go with the mouth/case to Levites that they are priests them there, or to the person that is judge that is big that he is in the office in that year </Verse>
    <AssignedUser>Milt Jones</AssignedUser>
    <HideInTextWindow>false</HideInTextWindow>
    <Contents>i.e cut the judgment or decide the case</Contents>
  </Comment>
  <Comment Thread="6392faf9" User="Jacob Bess" VerseRef="DEU 17:9" Language="" Date="2013-12-07T09:56:22.8565767+01:00">
    <SelectedText>case</SelectedText>
    <StartPosition>243</StartPosition>
    <ContextBefore> that you will cut/decide the judgment/</ContextBefore>
    <ContextAfter> there. </ContextAfter>
    <Status>deleted</Status>
    <Type></Type>
    <ConflictType>unknownConflictType</ConflictType>
    <Verse>\v 9 Then you go with the mouth/case to Levites that they are priests them there, or to the person that is judge that is big that he is in the office in that year. Then they will tell you the way that you that you will cut/decide the judgment/case there. </Verse>
    <AssignedUser>Milt Jones</AssignedUser>
    <HideInTextWindow>false</HideInTextWindow>
    <Contents />
  </Comment>
  <Comment Thread="24949f12" User="Jacob Bess" VerseRef="DEU 17:9" Language="" Date="2013-12-07T09:56:51.2116164+01:00">
    <SelectedText>case</SelectedText>
    <StartPosition>243</StartPosition>
    <ContextBefore> that you will cut/decide the judgment/</ContextBefore>
    <ContextAfter> there. </ContextAfter>
    <Status>todo</Status>
    <Type></Type>
    <ConflictType>unknownConflictType</ConflictType>
    <Verse>\v 9 Then you go with the mouth/case to Levites that they are priests them there, or to the person that is judge that is big that he is in the office in that year. Then they will tell you the way that you that you will cut/decide the judgment/case there. </Verse>
    <AssignedUser>Milt Jones</AssignedUser>
    <HideInTextWindow>false</HideInTextWindow>
    <Contents>i.e cut the judgement or decide the case</Contents>
  </Comment>
  <Comment Thread="d4262d2f" User="Jacob Bess" VerseRef="2CH 9:0" Language="" Date="2014-08-20T12:55:22.7208749+01:00">
    <SelectedText />
    <StartPosition>0</StartPosition>
    <ContextBefore />
    <ContextAfter />
    <Status>deleted</Status>
    <Type>conflict</Type>
    <ConflictType>unknownConflictType</ConflictType>
    <Verse>\c 9 </Verse>
    <AssignedUser />
    <HideInTextWindow>false</HideInTextWindow>
    <Contents />
  </Comment>
  <Comment Thread="70d9f9e4" User="Jacob Bess" VerseRef="1CH 21:2" Language="" Date="2014-09-22T16:47:54.3552894+01:00">
    <SelectedText />
    <StartPosition>0</StartPosition>
    <ContextBefore />
    <ContextAfter />
    <Status>todo</Status>
    <Type>conflict</Type>
    <ConflictType>unknownConflictType</ConflictType>
    <Verse />
    <HideInTextWindow>false</HideInTextWindow>
    <Contents>Two different people made conflicting changes in this verse. The rejected change is shown below.<p><language name="en"><p>\v 2 Sothen David said to Joab and commander of soldiers it them that they go and count the number of people of Israel them from Beersheba go reach the land of Dan.Then return and tell him s<strikethrough><color name="red">\ </color></strikethrough><bold><color name="red"></color></bold><bold><color name="red">\p </color></bold></p></language></p></Contents>
  </Comment>
  <Comment Thread="70d9f9e4" User="Jacob Bess" VerseRef="1CH 21:2" Language="" Date="2014-10-02T07:22:35.5192305+01:00">
    <SelectedText />
    <StartPosition>0</StartPosition>
    <ContextBefore />
    <ContextAfter />
    <Status>deleted</Status>
    <Type>conflict</Type>
    <ConflictType>unknownConflictType</ConflictType>
    <Verse>\v 2 Sothen David said to Joab and commander of soldiers it them that they go and count the number of people of Israel them from Beersheba go reach the land of Dan.Then return and tell him \p </Verse>
    <AssignedUser />
    <HideInTextWindow>false</HideInTextWindow>
    <Contents />
  </Comment>
  <Comment Thread="9262072" User="Jacob Bess" VerseRef="1KI 7:28" Language="" Date="2014-11-12T09:13:11.9389515+01:00">
    <SelectedText />
    <StartPosition>0</StartPosition>
    <ContextBefore />
    <ContextAfter />
    <Status>todo</Status>
    <Type>conflict</Type>
    <ConflictType>unknownConflictType</ConflictType>
    <Verse>\v 28 he made platform for walking it them like-this: they made the sides to be same sizes then they join them together to make a stomach. </Verse>
    <AcceptedChangeXml>&lt;p&gt;&lt;language name="ENGLISH"&gt;&lt;p&gt;\v 28 he made platform for walking it them like-this: &lt;strikethrough&gt;&lt;color name="red"&gt;He separate it shibut shibut and&lt;/color&gt;&lt;/strikethrough&gt;&lt;bold&gt;&lt;color name="red"&gt;they made the sides to be same sizes then&lt;/color&gt;&lt;/bold&gt; they &lt;strikethrough&gt;&lt;color name="red"&gt;have place-join&lt;/color&gt;&lt;/strikethrough&gt;&lt;bold&gt;&lt;color name="red"&gt;join them together to make a stomach.&lt;/color&gt;&lt;/bold&gt; &lt;/p&gt;&lt;/language&gt;&lt;/p&gt;</AcceptedChangeXml>
    <HideInTextWindow>false</HideInTextWindow>
    <Contents>Two different people made conflicting changes in this verse. The rejected change is shown below.<p><language name="en"><p>\v 28 he made platform for walking it them like-this: <strikethrough><color name="red">He</color></strikethrough><bold><color name="red">he</color></bold> separate it shibut shibut and they have place-join </p></language></p></Contents>
  </Comment>
  <Comment Thread="ad358850" User="Jacob Bess" VerseRef="ISA 44:1" Language="en" Date="2015-05-24T15:22:41.6017803+01:00">
    <SelectedText />
    <StartPosition>0</StartPosition>
    <ContextBefore />
    <ContextAfter />
    <Status>deleted</Status>
    <Type>conflict</Type>
    <ConflictType>unknownConflictType</ConflictType>
    <Verse>\v 1 Lord he said that, &lt;&lt;Jacob, servant my, now you relief ear to hear I there, You Isreal that I have chosen you. </Verse>
    <HideInTextWindow>false</HideInTextWindow>
  </Comment>
  <Comment Thread="97b62e6" User="Jacob Bess" VerseRef="ISA 45:0" Language="en" Date="2015-05-24T15:26:26.5036439+01:00">
    <SelectedText />
    <StartPosition>0</StartPosition>
    <ContextBefore />
    <ContextAfter />
    <Status>deleted</Status>
    <Type>conflict</Type>
    <ConflictType>unknownConflictType</ConflictType>
    <Verse>\c 45 </Verse>
    <HideInTextWindow>false</HideInTextWindow>
  </Comment>
  <Comment Thread="af99be9f" User="Jacob Bess" VerseRef="1KI 22:40" Language="en" Date="2015-07-20T13:12:11.9909233+01:00">
    <SelectedText>in</SelectedText>
    <StartPosition>11</StartPosition>
    <ContextBefore>\v 40 Ahab </ContextBefore>
    <ContextAfter> Jerusalem. name of Mother his</ContextAfter>
    <Status></Status>
    <Type></Type>
    <ConflictType>unknownConflictType</ConflictType>
    <Verse>\v 40 Ahab died then they burried him together with father his them. It's son his that name his is Ahaziah he became a king there in place his. \s Word on Jehoshaphet king of Juda. \p </Verse>
    <HideInTextWindow>false</HideInTextWindow>
    <Contents>done</Contents>
  </Comment>
  <Comment Thread="3bf9f23d" User="Jacob Bess" VerseRef="2KI 2:16" Language="en" Date="2015-07-22T10:37:52.1866472+01:00">
    <SelectedText>bowed</SelectedText>
    <StartPosition>38</StartPosition>
    <ContextBefore> said, see we your servants </ContextBefore>
    <ContextAfter> before you here fifty of</ContextAfter>
    <Status></Status>
    <Type></Type>
    <ConflictType>unknownConflictType</ConflictType>
    <Verse>\v 16 They said to him that, &lt;&lt;You see we your servants bowed before you here fifty of us. let us go and look for your master. pershaps the spirit of the Lord has picked him up and set him on a mountain or valley. Then Elisha said, know, dont't go. </Verse>
    <HideInTextWindow>false</HideInTextWindow>
    <Contents>modified</Contents>
  </Comment>
  <Comment Thread="67b85ed7" User="Jacob Bess" VerseRef="ISA 5:2" Language="" Date="2016-01-31T06:45:38.2303027+01:00">
    <SelectedText />
    <StartPosition>0</StartPosition>
    <ContextBefore />
    <ContextAfter />
    <Status>todo</Status>
    <Type>conflict</Type>
    <ConflictType>unknownConflictType</ConflictType>
    <Verse>\v 2 He dig it, and he pick stones them away there in farm it. And he planted seed of grapes that good pass all inside. He built house of guarding that is tall inside, and he dug pit of pressing grapes of vine inside also. Then he watch so that he harvest graoes of vine that is good, andthen it bear fruits that is sour only. </Verse>
    <AcceptedChangeXml>&lt;p&gt;&lt;language name="ENGLISH"&gt;&lt;p&gt;\v 2 He dig it, and he pick stones them away there in farm it. And he planted seed of grapes that good pass all inside. He &lt;strikethrough&gt;&lt;color name="red"&gt;buit&lt;/color&gt;&lt;/strikethrough&gt;&lt;bold&gt;&lt;color name="red"&gt;built&lt;/color&gt;&lt;/bold&gt; house of guarding that is tall inside, and he dug pit of pressing grapes of vine inside also. Then he watch so that he harvest graoes of vine that is good, andthen it bear fruits that is sour only. &lt;/p&gt;&lt;/language&gt;&lt;/p&gt;</AcceptedChangeXml>
    <HideInTextWindow>false</HideInTextWindow>
    <Contents>Two different people made conflicting changes in this verse. The rejected change is shown below.<p><language name="en"><p>\v 2 He dig it, and he pick stones them away there in farm it. And he planted seed of grapes that good pass all inside. He buit house of guarding that is tall inside, and he dug pit of pressing grapes of vine inside also. Then he watch so that he harvest graoes of vine that is good, <strikethrough><color name="red">andthen</color></strikethrough><bold><color name="red">and then</color></bold> it bear fruits that is sour only. </p></language></p></Contents>
  </Comment>
  <Comment Thread="e645eec3" User="Jacob Bess" VerseRef="JOB 39:1" Language="" Date="2016-02-18T16:17:45.5451185+01:00">
    <SelectedText />
    <StartPosition>0</StartPosition>
    <ContextBefore />
    <ContextAfter />
    <Status>todo</Status>
    <Type>conflict</Type>
    <ConflictType>unknownConflictType</ConflictType>
    <Verse>\v 1 &lt;&lt; You know place goat-rock them is born children there ?? You is see place ganzele is born child her there?? </Verse>
    <AcceptedChangeXml>&lt;p&gt;&lt;language name="ENGLISH"&gt;&lt;p&gt;\v 1 &amp;lt;&amp;lt; You know place goat-rock them is born children there ?? You is see place &lt;bold&gt;&lt;color name="red"&gt;ganzele is born child her there?? &lt;/color&gt;&lt;/bold&gt;&lt;/p&gt;&lt;/language&gt;&lt;/p&gt;</AcceptedChangeXml>
    <HideInTextWindow>false</HideInTextWindow>
    <Contents>Two different people made conflicting changes in this verse. The rejected change is shown below.<p><language name="en"><p>\v 1 &lt;&lt; You know place goat-rock them is born children there ?<strikethrough><color name="red">?</color></strikethrough> You is see place </p></language></p></Contents>
  </Comment>
  <Comment Thread="e645eec3" User="Jacob Bess" VerseRef="JOB 39:1" Language="en" Date="2016-02-18T16:23:12.3228091+01:00">
    <SelectedText />
    <StartPosition>0</StartPosition>
    <ContextBefore />
    <ContextAfter />
    <Status>deleted</Status>
    <Type>conflict</Type>
    <ConflictType>unknownConflictType</ConflictType>
    <Verse />
    <HideInTextWindow>false</HideInTextWindow>
  </Comment>
</CommentList>