﻿<?xml version="1.0" encoding="utf-8"?>
<CommentList>
  <Comment Thread="3d80adf9" User="Salome Irimiya" VerseRef="2SA 23:1" Language="" Date="2014-01-26T07:26:09.5805182+01:00">
    <SelectedText />
    <StartPosition>0</StartPosition>
    <ContextBefore />
    <ContextAfter />
    <Status>todo</Status>
    <Type>conflict</Type>
    <ConflictType>unknownConflictType</ConflictType>
    <Verse />
    <HideInTextWindow>false</HideInTextWindow>
    <Contents>Two different people made conflicting changes in this verse. The rejected change is shown below.<p><language name="en"><p>\v 1 Are month that David talked they finish is they this is mouth of David son of Jessy, David, Person that God almighty put he be a some person that big David person that Yawe God of Jacob chosen he be a king<bold><color name="red">, David person doing song sweet sweet them in Israel</color></bold>. </p></language></p></Contents>
  </Comment>
  <Comment Thread="ad358850" User="Salome Irimiya" VerseRef="ISA 44:1" Language="" Date="2015-05-20T12:30:03.9086000+01:00">
    <SelectedText />
    <StartPosition>0</StartPosition>
    <ContextBefore />
    <ContextAfter />
    <Status>todo</Status>
    <Type>conflict</Type>
    <ConflictType>unknownConflictType</ConflictType>
    <Verse />
    <HideInTextWindow>false</HideInTextWindow>
    <Contents>Two different people made conflicting changes in this verse. The rejected change is shown below.<p><language name="en"><p>\v 1 <bold><color name="red">Lord he said that, &lt;&lt;Jacob, servant my, now you relief ear to hear I there, you Israel that I have chosen you. </color></bold></p></language></p></Contents>
  </Comment>
  <Comment Thread="97b62e6" User="Salome Irimiya" VerseRef="ISA 45:0" Language="" Date="2015-05-20T12:30:04.4078000+01:00">
    <SelectedText />
    <StartPosition>0</StartPosition>
    <ContextBefore />
    <ContextAfter />
    <Status>todo</Status>
    <Type>conflict</Type>
    <ConflictType>unknownConflictType</ConflictType>
    <Verse />
    <HideInTextWindow>false</HideInTextWindow>
    <Contents>Two different people made conflicting changes in this verse. The rejected change is shown below.<p><language name="en"><p>\c 45 \s <strikethrough><color name="red">Israel Chosen </color></strikethrough>\p </p></language></p></Contents>
  </Comment>
</CommentList>