﻿<?xml version="1.0" encoding="utf-8"?>
<CommentList>
  <Comment Thread="47144d24" User="Bob Carter" VerseRef="PSA 51:2" Language="" Date="2013-01-05T11:16:59.8102581-05:00">
    <SelectedText>wash things that are bad them</SelectedText>
    <StartPosition>9</StartPosition>
    <ContextBefore>\v 2 You </ContextBefore>
    <ContextAfter> out in heart my, and</ContextAfter>
    <Status>todo</Status>
    <Type></Type>
    <ConflictType>unknownConflictType</ConflictType>
    <Verse />
    <HideInTextWindow>false</HideInTextWindow>
    <Contents />
  </Comment>
  <Comment Thread="47144d24" User="Bob Carter" VerseRef="PSA 51:2" Language="" Date="2013-01-05T11:21:44.0236766-05:00">
    <SelectedText>wash things that are bad them</SelectedText>
    <StartPosition>9</StartPosition>
    <ContextBefore>\v 2 You </ContextBefore>
    <ContextAfter> out in heart my, and</ContextAfter>
    <Status>deleted</Status>
    <Type></Type>
    <ConflictType>unknownConflictType</ConflictType>
    <Verse />
    <HideInTextWindow>false</HideInTextWindow>
    <Contents>fxdhjfjf</Contents>
  </Comment>
  <Comment Thread="38a34ccb" User="Bob Carter" VerseRef="PSA 77:18" Language="" Date="2013-05-28T12:29:16.4666858-04:00">
    <SelectedText />
    <StartPosition>0</StartPosition>
    <ContextBefore />
    <ContextAfter />
    <Status>todo</Status>
    <Type>conflict</Type>
    <ConflictType>unknownConflictType</ConflictType>
    <Verse />
    <HideInTextWindow>false</HideInTextWindow>
    <Contents>Two different people made conflicting changes in this verse. The rejected change is shown below.<p><language name="en"><p>\v 18 They heared place on <strikethrough><color name="red">thoundering</color></strikethrough><bold><color name="red">thundering</color></bold> from wind, \q2 and flashing of place shone earth it, \q2 and earth it <strikethrough><color name="red">shoke</color></strikethrough><bold><color name="red">shook</color></bold> and it trembled. \q1 </p></language></p></Contents>
  </Comment>
</CommentList>