﻿<?xml version="1.0" encoding="utf-8"?>
<CommentList>
  <Comment Thread="BT_מַשָּׂא-1" User="Rick Yohn" VerseRef="2KI 9:25" Language="en" Date="2018-07-17T21:43:26.2073064-04:00">
    <SelectedText />
    <StartPosition>0</StartPosition>
    <ContextBefore>\v 25 </ContextBefore>
    <ContextAfter />
    <Status>todo</Status>
    <Type></Type>
    <ConflictType />
    <Verse>\v 25 Then Jehu said to Bidkar leader of chariots his them that, &lt;&lt;You carry him you throw on farm that it was Naboths person of Jezzeel. You remember the day that lasttime I and you we were with father his ahab, then Yaawe he said word this about him that. </Verse>
    <ExtraHeadingInfo>מַשָּׂא-1￼hebrew￼maśśāʾ-1￼utterance, oracle</ExtraHeadingInfo>
    <HideInTextWindow>true</HideInTextWindow>
    <Contents>
      <p>Paratext has identified a single term which should be two different terms. Please review the renderings that Paratext copied to both מַשָּׂא-1 and מַשָּׂא-2. These are now separate terms.</p>
    </Contents>
    <BiblicalTermId>מַשָּׂא-1</BiblicalTermId>
    <TagAdded>-3</TagAdded>
  </Comment>
  <Comment Thread="BT_מַשָּׂא-2" User="Rick Yohn" VerseRef="GEN 25:14" Language="en" Date="2018-07-17T21:43:26.2698015-04:00">
    <SelectedText />
    <StartPosition>0</StartPosition>
    <ContextBefore>\v 14 </ContextBefore>
    <ContextAfter />
    <Status>todo</Status>
    <Type></Type>
    <ConflictType />
    <Verse>\v 14 and Mishma, and Dumah, and Massa, </Verse>
    <ExtraHeadingInfo>מַשָּׂא-2￼hebrew￼maśśāʾ-2￼Massa</ExtraHeadingInfo>
    <HideInTextWindow>true</HideInTextWindow>
    <Contents>
      <p>Paratext has identified a single term which should be two different terms. Please review the renderings that Paratext copied to both מַשָּׂא-2 and מַשָּׂא-1. These are now separate terms.</p>
    </Contents>
    <BiblicalTermId>מַשָּׂא-2</BiblicalTermId>
    <TagAdded>-3</TagAdded>
  </Comment>
  <Comment Thread="BT_מַשָּׂא" User="Rick Yohn" VerseRef="GEN 1:1" Language="en" Date="2018-07-17T21:43:26.2698015-04:00">
    <SelectedText />
    <StartPosition>0</StartPosition>
    <ContextBefore>\v 1 </ContextBefore>
    <ContextAfter />
    <Status>todo</Status>
    <Type></Type>
    <ConflictType />
    <Verse>\v 1 Long time last year in the beginning, then God He put/create top/heaven and ground/earth. </Verse>
    <ExtraHeadingInfo>מַשָּׂא￼hebrew￼maśśāʾ￼</ExtraHeadingInfo>
    <HideInTextWindow>true</HideInTextWindow>
    <Contents>
      <p>Please do not edit this term. Any edits you make will be lost because a newer version of Paratext has replaced this term with another term. Upgrade to the latest version of Paratext to use the new term: מַשָּׂא-1</p>
    </Contents>
    <BiblicalTermId>מַשָּׂא</BiblicalTermId>
    <TagAdded>-3</TagAdded>
  </Comment>
  <Comment Thread="BT_מַשָּׂא" User="Rick Yohn" VerseRef="GEN 1:1" Language="en" Date="2018-07-17T21:43:26.2854284-04:00">
    <SelectedText />
    <StartPosition>0</StartPosition>
    <ContextBefore>\v 1 </ContextBefore>
    <ContextAfter />
    <Status>todo</Status>
    <Type></Type>
    <ConflictType />
    <Verse>\v 1 Long time last year in the beginning, then God He put/create top/heaven and ground/earth. </Verse>
    <ExtraHeadingInfo>מַשָּׂא￼hebrew￼maś,śāʾ￼</ExtraHeadingInfo>
    <HideInTextWindow>true</HideInTextWindow>
    <Contents>
      <p>Please do not edit this term. Any edits you make will be lost because a newer version of Paratext has replaced this term with another term. Upgrade to the latest version of Paratext to use the new term: מַשָּׂא-2</p>
    </Contents>
    <BiblicalTermId>מַשָּׂא</BiblicalTermId>
    <TagAdded>-3</TagAdded>
  </Comment>
</CommentList>