﻿<?xml version="1.0" encoding="utf-8"?>
<BiblicalTermsList>
  <Term Id="וְהַמֶּ֤לֶךְ&#xA; דָּוִד֙">
    <Transliteration />
    <Domain />
    <Language>Hebrew</Language>
    <Gloss>King David</Gloss>
    <References>
      <Verse>00800401700</Verse>
      <Verse>00800402200</Verse>
      <Verse>00901601300</Verse>
      <Verse>00901601900</Verse>
      <Verse>00901602000</Verse>
      <Verse>00901602100</Verse>
      <Verse>00901602200</Verse>
      <Verse>00901602300</Verse>
      <Verse>00901701200</Verse>
      <Verse>00901701400</Verse>
      <Verse>00901701500</Verse>
      <Verse>00901701700</Verse>
      <Verse>00901702000</Verse>
      <Verse>00901702200</Verse>
      <Verse>00901702300</Verse>
      <Verse>00901702600</Verse>
      <Verse>00901702800</Verse>
      <Verse>00901702900</Verse>
      <Verse>00901703100</Verse>
      <Verse>00901703200</Verse>
      <Verse>00901703300</Verse>
      <Verse>00901703400</Verse>
      <Verse>00901703700</Verse>
      <Verse>00901703700</Verse>
      <Verse>00901703800</Verse>
      <Verse>00901703900</Verse>
      <Verse>00901703900</Verse>
      <Verse>00901703900</Verse>
      <Verse>00901704100</Verse>
      <Verse>00901704200</Verse>
      <Verse>00901704300</Verse>
      <Verse>00901704300</Verse>
      <Verse>00901704400</Verse>
      <Verse>00901704500</Verse>
      <Verse>00901704800</Verse>
      <Verse>00901704800</Verse>
      <Verse>00901704900</Verse>
      <Verse>00901705000</Verse>
      <Verse>00901705000</Verse>
      <Verse>00901705100</Verse>
      <Verse>00901705400</Verse>
      <Verse>00901705500</Verse>
      <Verse>00901705700</Verse>
      <Verse>00901705800</Verse>
      <Verse>00901800100</Verse>
      <Verse>00901800300</Verse>
      <Verse>00901800400</Verse>
      <Verse>00901800500</Verse>
      <Verse>00901800600</Verse>
      <Verse>00901800700</Verse>
      <Verse>00901800800</Verse>
      <Verse>00901800900</Verse>
      <Verse>00901801000</Verse>
      <Verse>00901801100</Verse>
      <Verse>00901801100</Verse>
      <Verse>00901801200</Verse>
      <Verse>00901801400</Verse>
      <Verse>00901801600</Verse>
      <Verse>00901801700</Verse>
      <Verse>00901801800</Verse>
      <Verse>00901801900</Verse>
      <Verse>00901802000</Verse>
      <Verse>00901802100</Verse>
      <Verse>00901802200</Verse>
      <Verse>00901802300</Verse>
      <Verse>00901802300</Verse>
      <Verse>00901802400</Verse>
      <Verse>00901802500</Verse>
      <Verse>00901802500</Verse>
      <Verse>00901802600</Verse>
      <Verse>00901802600</Verse>
      <Verse>00901802700</Verse>
      <Verse>00901802700</Verse>
      <Verse>00901802800</Verse>
      <Verse>00901802900</Verse>
      <Verse>00901802900</Verse>
      <Verse>00901803000</Verse>
      <Verse>00901900100</Verse>
      <Verse>00901900100</Verse>
      <Verse>00901900200</Verse>
      <Verse>00901900400</Verse>
      <Verse>00901900400</Verse>
      <Verse>00901900500</Verse>
      <Verse>00901900700</Verse>
      <Verse>00901900700</Verse>
      <Verse>00901900800</Verse>
      <Verse>00901900900</Verse>
      <Verse>00901901000</Verse>
      <Verse>00901901000</Verse>
      <Verse>00901901100</Verse>
      <Verse>00901901100</Verse>
      <Verse>00901901200</Verse>
      <Verse>00901901400</Verse>
      <Verse>00901901500</Verse>
      <Verse>00901901800</Verse>
      <Verse>00901901900</Verse>
      <Verse>00901902000</Verse>
      <Verse>00901902200</Verse>
      <Verse>00902000100</Verse>
      <Verse>00902000300</Verse>
      <Verse>00902000400</Verse>
      <Verse>00902000500</Verse>
      <Verse>00902000600</Verse>
      <Verse>00902001000</Verse>
      <Verse>00902001100</Verse>
      <Verse>00902001200</Verse>
      <Verse>00902001200</Verse>
      <Verse>00902001500</Verse>
      <Verse>00902001600</Verse>
      <Verse>00902001600</Verse>
      <Verse>00902001700</Verse>
      <Verse>00902002400</Verse>
      <Verse>00902002500</Verse>
      <Verse>00902002700</Verse>
      <Verse>00902002800</Verse>
      <Verse>00902003300</Verse>
      <Verse>00902003400</Verse>
      <Verse>00902003500</Verse>
      <Verse>00902003900</Verse>
      <Verse>00902004100</Verse>
      <Verse>00902004100</Verse>
      <Verse>00902004200</Verse>
      <Verse>00902100100</Verse>
      <Verse>00902100100</Verse>
      <Verse>00902100200</Verse>
      <Verse>00902100400</Verse>
      <Verse>00902100500</Verse>
      <Verse>00902100800</Verse>
      <Verse>00902100900</Verse>
      <Verse>00902101000</Verse>
      <Verse>00902101100</Verse>
      <Verse>00902101100</Verse>
      <Verse>00902101200</Verse>
      <Verse>00902200100</Verse>
      <Verse>00902200300</Verse>
      <Verse>00902200400</Verse>
      <Verse>00902200500</Verse>
      <Verse>00902200500</Verse>
      <Verse>00902200600</Verse>
      <Verse>00902201400</Verse>
      <Verse>00902201700</Verse>
      <Verse>00902202000</Verse>
      <Verse>00902202100</Verse>
      <Verse>00902202200</Verse>
      <Verse>00902300100</Verse>
      <Verse>00902300200</Verse>
      <Verse>00902300200</Verse>
      <Verse>00902300300</Verse>
      <Verse>00902300400</Verse>
      <Verse>00902300500</Verse>
      <Verse>00902300500</Verse>
      <Verse>00902300600</Verse>
      <Verse>00902300700</Verse>
      <Verse>00902300800</Verse>
      <Verse>00902300900</Verse>
      <Verse>00902301000</Verse>
      <Verse>00902301200</Verse>
      <Verse>00902301300</Verse>
      <Verse>00902301300</Verse>
      <Verse>00902301400</Verse>
      <Verse>00902301500</Verse>
      <Verse>00902301500</Verse>
      <Verse>00902301600</Verse>
      <Verse>00902301800</Verse>
      <Verse>00902301900</Verse>
      <Verse>00902302400</Verse>
      <Verse>00902302500</Verse>
      <Verse>00902302500</Verse>
      <Verse>00902302600</Verse>
      <Verse>00902302600</Verse>
      <Verse>00902302600</Verse>
      <Verse>00902302800</Verse>
      <Verse>00902302900</Verse>
      <Verse>00902400100</Verse>
      <Verse>00902400200</Verse>
      <Verse>00902400300</Verse>
      <Verse>00902400400</Verse>
      <Verse>00902400400</Verse>
      <Verse>00902400500</Verse>
      <Verse>00902400700</Verse>
      <Verse>00902400800</Verse>
      <Verse>00902400800</Verse>
      <Verse>00902400900</Verse>
      <Verse>00902400900</Verse>
      <Verse>00902401600</Verse>
      <Verse>00902401600</Verse>
      <Verse>00902401700</Verse>
      <Verse>00902402200</Verse>
      <Verse>00902402200</Verse>
      <Verse>00902500100</Verse>
      <Verse>00902500400</Verse>
      <Verse>00902500500</Verse>
      <Verse>00902500500</Verse>
      <Verse>00902500800</Verse>
      <Verse>00902500900</Verse>
      <Verse>00902500900</Verse>
      <Verse>00902501000</Verse>
      <Verse>00902501000</Verse>
      <Verse>00902501200</Verse>
      <Verse>00902501300</Verse>
      <Verse>00902501300</Verse>
      <Verse>00902501300</Verse>
      <Verse>00902501400</Verse>
      <Verse>00902502000</Verse>
      <Verse>00902502100</Verse>
      <Verse>00902502200</Verse>
      <Verse>00902502300</Verse>
      <Verse>00902502300</Verse>
      <Verse>00902503200</Verse>
      <Verse>00902503500</Verse>
      <Verse>00902503900</Verse>
      <Verse>00902503900</Verse>
      <Verse>00902504000</Verse>
      <Verse>00902504000</Verse>
      <Verse>00902504200</Verse>
      <Verse>00902504300</Verse>
      <Verse>00902504400</Verse>
      <Verse>00902600100</Verse>
      <Verse>00902600200</Verse>
      <Verse>00902600300</Verse>
      <Verse>00902600400</Verse>
      <Verse>00902600500</Verse>
      <Verse>00902600500</Verse>
      <Verse>00902600600</Verse>
      <Verse>00902600700</Verse>
      <Verse>00902600800</Verse>
      <Verse>00902600900</Verse>
      <Verse>00902601000</Verse>
      <Verse>00902601200</Verse>
      <Verse>00902601300</Verse>
      <Verse>00902601400</Verse>
      <Verse>00902601500</Verse>
      <Verse>00902601700</Verse>
      <Verse>00902601700</Verse>
      <Verse>00902601700</Verse>
      <Verse>00902602100</Verse>
      <Verse>00902602200</Verse>
      <Verse>00902602500</Verse>
      <Verse>00902602500</Verse>
      <Verse>00902602500</Verse>
      <Verse>00902700100</Verse>
      <Verse>00902700200</Verse>
      <Verse>00902700300</Verse>
      <Verse>00902700300</Verse>
      <Verse>00902700400</Verse>
      <Verse>00902700500</Verse>
      <Verse>00902700700</Verse>
      <Verse>00902700800</Verse>
      <Verse>00902700900</Verse>
      <Verse>00902701000</Verse>
      <Verse>00902701100</Verse>
      <Verse>00902701100</Verse>
      <Verse>00902701200</Verse>
      <Verse>00902800100</Verse>
      <Verse>00902800200</Verse>
      <Verse>00902800200</Verse>
      <Verse>00902801700</Verse>
      <Verse>00902900200</Verse>
      <Verse>00902900300</Verse>
      <Verse>00902900500</Verse>
      <Verse>00902900500</Verse>
      <Verse>00902900600</Verse>
      <Verse>00902900800</Verse>
      <Verse>00902900900</Verse>
      <Verse>00902901100</Verse>
      <Verse>00903000100</Verse>
      <Verse>00903000300</Verse>
      <Verse>00903000400</Verse>
      <Verse>00903000500</Verse>
      <Verse>00903000600</Verse>
      <Verse>00903000600</Verse>
      <Verse>00903000700</Verse>
      <Verse>00903000700</Verse>
      <Verse>00903000800</Verse>
      <Verse>00903000900</Verse>
      <Verse>00903001000</Verse>
      <Verse>00903001100</Verse>
      <Verse>00903001300</Verse>
      <Verse>00903001500</Verse>
      <Verse>00903001700</Verse>
      <Verse>00903001800</Verse>
      <Verse>00903001800</Verse>
      <Verse>00903001900</Verse>
      <Verse>00903002000</Verse>
      <Verse>00903002000</Verse>
      <Verse>00903002100</Verse>
      <Verse>00903002100</Verse>
      <Verse>00903002100</Verse>
      <Verse>00903002100</Verse>
      <Verse>00903002200</Verse>
      <Verse>00903002300</Verse>
      <Verse>00903002600</Verse>
      <Verse>00903003100</Verse>
      <Verse>01000100100</Verse>
      <Verse>01000100100</Verse>
      <Verse>01000100200</Verse>
      <Verse>01000100300</Verse>
      <Verse>01000100400</Verse>
      <Verse>01000100500</Verse>
      <Verse>01000101100</Verse>
      <Verse>01000101300</Verse>
      <Verse>01000101400</Verse>
      <Verse>01000101500</Verse>
      <Verse>01000101600</Verse>
      <Verse>01000101700</Verse>
      <Verse>01000200100</Verse>
      <Verse>01000200100</Verse>
      <Verse>01000200200</Verse>
      <Verse>01000200300</Verse>
      <Verse>01000200400</Verse>
      <Verse>01000200400</Verse>
      <Verse>01000200500</Verse>
      <Verse>01000201000</Verse>
      <Verse>01000201100</Verse>
      <Verse>01000201300</Verse>
      <Verse>01000201500</Verse>
      <Verse>01000201700</Verse>
      <Verse>01000203000</Verse>
      <Verse>01000203100</Verse>
      <Verse>01000300100</Verse>
      <Verse>01000300100</Verse>
      <Verse>01000300200</Verse>
      <Verse>01000300500</Verse>
      <Verse>01000300500</Verse>
      <Verse>01000300600</Verse>
      <Verse>01000300800</Verse>
      <Verse>01000300900</Verse>
      <Verse>01000301000</Verse>
      <Verse>01000301200</Verse>
      <Verse>01000301400</Verse>
      <Verse>01000301700</Verse>
      <Verse>01000301800</Verse>
      <Verse>01000301800</Verse>
      <Verse>01000301900</Verse>
      <Verse>01000302000</Verse>
      <Verse>01000302000</Verse>
      <Verse>01000302100</Verse>
      <Verse>01000302100</Verse>
      <Verse>01000302200</Verse>
      <Verse>01000302200</Verse>
      <Verse>01000302600</Verse>
      <Verse>01000302600</Verse>
      <Verse>01000302800</Verse>
      <Verse>01000303100</Verse>
      <Verse>01000303100</Verse>
      <Verse>01000303500</Verse>
      <Verse>01000303500</Verse>
      <Verse>01000400800</Verse>
      <Verse>01000400900</Verse>
      <Verse>01000401200</Verse>
      <Verse>01000500100</Verse>
      <Verse>01000500300</Verse>
      <Verse>01000500300</Verse>
      <Verse>01000500400</Verse>
      <Verse>01000500600</Verse>
      <Verse>01000500600</Verse>
      <Verse>01000500700</Verse>
      <Verse>01000500700</Verse>
      <Verse>01000500800</Verse>
      <Verse>01000500800</Verse>
      <Verse>01000500900</Verse>
      <Verse>01000500900</Verse>
      <Verse>01000500900</Verse>
      <Verse>01000501000</Verse>
      <Verse>01000501100</Verse>
      <Verse>01000501100</Verse>
      <Verse>01000501200</Verse>
      <Verse>01000501300</Verse>
      <Verse>01000501300</Verse>
      <Verse>01000501700</Verse>
      <Verse>01000501700</Verse>
      <Verse>01000501700</Verse>
      <Verse>01000501900</Verse>
      <Verse>01000501900</Verse>
      <Verse>01000502000</Verse>
      <Verse>01000502000</Verse>
      <Verse>01000502100</Verse>
      <Verse>01000502300</Verse>
      <Verse>01000502500</Verse>
      <Verse>01000600100</Verse>
      <Verse>01000600200</Verse>
      <Verse>01000600500</Verse>
      <Verse>01000600800</Verse>
      <Verse>01000600900</Verse>
      <Verse>01000601000</Verse>
      <Verse>01000601000</Verse>
      <Verse>01000601000</Verse>
      <Verse>01000601200</Verse>
      <Verse>01000601200</Verse>
      <Verse>01000601200</Verse>
      <Verse>01000601400</Verse>
      <Verse>01000601400</Verse>
      <Verse>01000601500</Verse>
      <Verse>01000601600</Verse>
      <Verse>01000601600</Verse>
      <Verse>01000601700</Verse>
      <Verse>01000601700</Verse>
      <Verse>01000601800</Verse>
      <Verse>01000602000</Verse>
      <Verse>01000602000</Verse>
      <Verse>01000602100</Verse>
      <Verse>01000700500</Verse>
      <Verse>01000700800</Verse>
      <Verse>01000701700</Verse>
      <Verse>01000701800</Verse>
      <Verse>01000702000</Verse>
      <Verse>01000702600</Verse>
      <Verse>01000800100</Verse>
      <Verse>01000800100</Verse>
      <Verse>01000800200</Verse>
      <Verse>01000800300</Verse>
      <Verse>01000800400</Verse>
      <Verse>01000800400</Verse>
      <Verse>01000800500</Verse>
      <Verse>01000800600</Verse>
      <Verse>01000800600</Verse>
      <Verse>01000800600</Verse>
      <Verse>01000800700</Verse>
      <Verse>01000800800</Verse>
      <Verse>01000800900</Verse>
      <Verse>01000801000</Verse>
      <Verse>01000801100</Verse>
      <Verse>01000801300</Verse>
      <Verse>01000801400</Verse>
      <Verse>01000801400</Verse>
      <Verse>01000801500</Verse>
      <Verse>01000801500</Verse>
      <Verse>01000801800</Verse>
      <Verse>01000900100</Verse>
      <Verse>01000900200</Verse>
      <Verse>01000900500</Verse>
      <Verse>01000900600</Verse>
      <Verse>01000900600</Verse>
      <Verse>01000900700</Verse>
      <Verse>01001000200</Verse>
      <Verse>01001000200</Verse>
      <Verse>01001000200</Verse>
      <Verse>01001000300</Verse>
      <Verse>01001000300</Verse>
      <Verse>01001000400</Verse>
      <Verse>01001000500</Verse>
      <Verse>01001000600</Verse>
      <Verse>01001000700</Verse>
      <Verse>01001001700</Verse>
      <Verse>01001001700</Verse>
      <Verse>01001001800</Verse>
      <Verse>01001100100</Verse>
      <Verse>01001100100</Verse>
      <Verse>01001100200</Verse>
      <Verse>01001100300</Verse>
      <Verse>01001100400</Verse>
      <Verse>01001100500</Verse>
      <Verse>01001100600</Verse>
      <Verse>01001100600</Verse>
      <Verse>01001100700</Verse>
      <Verse>01001100800</Verse>
      <Verse>01001101000</Verse>
      <Verse>01001101000</Verse>
      <Verse>01001101100</Verse>
      <Verse>01001101200</Verse>
      <Verse>01001101300</Verse>
      <Verse>01001101400</Verse>
      <Verse>01001101700</Verse>
      <Verse>01001101800</Verse>
      <Verse>01001102200</Verse>
      <Verse>01001102300</Verse>
      <Verse>01001102500</Verse>
      <Verse>01001102700</Verse>
      <Verse>01001102700</Verse>
      <Verse>01001200100</Verse>
      <Verse>01001200500</Verse>
      <Verse>01001200700</Verse>
      <Verse>01001201300</Verse>
      <Verse>01001201300</Verse>
      <Verse>01001201500</Verse>
      <Verse>01001201600</Verse>
      <Verse>01001201600</Verse>
      <Verse>01001201800</Verse>
      <Verse>01001201900</Verse>
      <Verse>01001201900</Verse>
      <Verse>01001201900</Verse>
      <Verse>01001202000</Verse>
      <Verse>01001202400</Verse>
      <Verse>01001202700</Verse>
      <Verse>01001202900</Verse>
      <Verse>01001203000</Verse>
      <Verse>01001203100</Verse>
      <Verse>01001300100</Verse>
      <Verse>01001300100</Verse>
      <Verse>01001300300</Verse>
      <Verse>01001300700</Verse>
      <Verse>01001302100</Verse>
      <Verse>01001303000</Verse>
      <Verse>01001303200</Verse>
      <Verse>01001303900</Verse>
      <Verse>01001501200</Verse>
      <Verse>01001501300</Verse>
      <Verse>01001501400</Verse>
      <Verse>01001502200</Verse>
      <Verse>01001503000</Verse>
      <Verse>01001503100</Verse>
      <Verse>01001503100</Verse>
      <Verse>01001503200</Verse>
      <Verse>01001503300</Verse>
      <Verse>01001503700</Verse>
      <Verse>01001600100</Verse>
      <Verse>01001600500</Verse>
      <Verse>01001600600</Verse>
      <Verse>01001600600</Verse>
      <Verse>01001601000</Verse>
      <Verse>01001601100</Verse>
      <Verse>01001601300</Verse>
      <Verse>01001601600</Verse>
      <Verse>01001602300</Verse>
      <Verse>01001700100</Verse>
      <Verse>01001701600</Verse>
      <Verse>01001701700</Verse>
      <Verse>01001702100</Verse>
      <Verse>01001702100</Verse>
      <Verse>01001702200</Verse>
      <Verse>01001702400</Verse>
      <Verse>01001702700</Verse>
      <Verse>01001702900</Verse>
      <Verse>01001800100</Verse>
      <Verse>01001800200</Verse>
      <Verse>01001800700</Verse>
      <Verse>01001800900</Verse>
      <Verse>01001802400</Verse>
      <Verse>01001901100</Verse>
      <Verse>01001901600</Verse>
      <Verse>01001902200</Verse>
      <Verse>01001904100</Verse>
      <Verse>01001904300</Verse>
      <Verse>01002000100</Verse>
      <Verse>01002000200</Verse>
      <Verse>01002000300</Verse>
      <Verse>01002000600</Verse>
      <Verse>01002001100</Verse>
      <Verse>01002002100</Verse>
      <Verse>01002002600</Verse>
      <Verse>01002100100</Verse>
      <Verse>01002100100</Verse>
      <Verse>01002100300</Verse>
      <Verse>01002100700</Verse>
      <Verse>01002101100</Verse>
      <Verse>01002101200</Verse>
      <Verse>01002101500</Verse>
      <Verse>01002101500</Verse>
      <Verse>01002101600</Verse>
      <Verse>01002101700</Verse>
      <Verse>01002102100</Verse>
      <Verse>01002102200</Verse>
      <Verse>01002200100</Verse>
      <Verse>01002205100</Verse>
      <Verse>01002300100</Verse>
      <Verse>01002300100</Verse>
      <Verse>01002300800</Verse>
      <Verse>01002300900</Verse>
      <Verse>01002301300</Verse>
      <Verse>01002301400</Verse>
      <Verse>01002301500</Verse>
      <Verse>01002301600</Verse>
      <Verse>01002302300</Verse>
      <Verse>01002400100</Verse>
      <Verse>01002401000</Verse>
      <Verse>01002401000</Verse>
      <Verse>01002401100</Verse>
      <Verse>01002401100</Verse>
      <Verse>01002401200</Verse>
      <Verse>01002401300</Verse>
      <Verse>01002401400</Verse>
      <Verse>01002401700</Verse>
      <Verse>01002401800</Verse>
      <Verse>01002401900</Verse>
      <Verse>01002402100</Verse>
      <Verse>01002402200</Verse>
      <Verse>01002402400</Verse>
      <Verse>01002402500</Verse>
      <Verse>01100100100</Verse>
      <Verse>01100100800</Verse>
      <Verse>01100101100</Verse>
      <Verse>01100101300</Verse>
      <Verse>01100102800</Verse>
      <Verse>01100103100</Verse>
      <Verse>01100103200</Verse>
      <Verse>01100103700</Verse>
      <Verse>01100103800</Verse>
      <Verse>01100104300</Verse>
      <Verse>01100104700</Verse>
      <Verse>01100200100</Verse>
      <Verse>01100201000</Verse>
      <Verse>01100201000</Verse>
      <Verse>01100201100</Verse>
      <Verse>01100201200</Verse>
      <Verse>01100202400</Verse>
      <Verse>01100202600</Verse>
      <Verse>01100203200</Verse>
      <Verse>01100203300</Verse>
      <Verse>01100204400</Verse>
      <Verse>01100204500</Verse>
      <Verse>01100300100</Verse>
      <Verse>01100300300</Verse>
      <Verse>01100300600</Verse>
      <Verse>01100300700</Verse>
      <Verse>01100301400</Verse>
      <Verse>01100500100</Verse>
      <Verse>01100500300</Verse>
      <Verse>01100500500</Verse>
      <Verse>01100500700</Verse>
      <Verse>01100601200</Verse>
      <Verse>01100705100</Verse>
      <Verse>01100800100</Verse>
      <Verse>01100801500</Verse>
      <Verse>01100801600</Verse>
      <Verse>01100801700</Verse>
      <Verse>01100801800</Verse>
      <Verse>01100802000</Verse>
      <Verse>01100802400</Verse>
      <Verse>01100802500</Verse>
      <Verse>01100802600</Verse>
      <Verse>01100806600</Verse>
      <Verse>01100900400</Verse>
      <Verse>01100900500</Verse>
      <Verse>01100902400</Verse>
      <Verse>01101100400</Verse>
      <Verse>01101100600</Verse>
      <Verse>01101101200</Verse>
      <Verse>01101101300</Verse>
      <Verse>01101101500</Verse>
      <Verse>01101102100</Verse>
      <Verse>01101102400</Verse>
      <Verse>01101102700</Verse>
      <Verse>01101103200</Verse>
      <Verse>01101103300</Verse>
      <Verse>01101103400</Verse>
      <Verse>01101103600</Verse>
      <Verse>01101103800</Verse>
      <Verse>01101103800</Verse>
      <Verse>01101103900</Verse>
      <Verse>01101104300</Verse>
      <Verse>01101201600</Verse>
      <Verse>01101201600</Verse>
      <Verse>01101201900</Verse>
      <Verse>01101202000</Verse>
      <Verse>01101202600</Verse>
      <Verse>01101300200</Verse>
      <Verse>01101400800</Verse>
      <Verse>01101400800</Verse>
      <Verse>01101403100</Verse>
      <Verse>01101500300</Verse>
      <Verse>01101500400</Verse>
      <Verse>01101500500</Verse>
      <Verse>01101500800</Verse>
      <Verse>01101501100</Verse>
      <Verse>01101502400</Verse>
      <Verse>01102205000</Verse>
      <Verse>01200801900</Verse>
      <Verse>01200802400</Verse>
      <Verse>01200902800</Verse>
      <Verse>01201101000</Verse>
      <Verse>01201202100</Verse>
      <Verse>01201400300</Verse>
      <Verse>01201402000</Verse>
      <Verse>01201500700</Verse>
      <Verse>01201503800</Verse>
      <Verse>01201600200</Verse>
      <Verse>01201602000</Verse>
      <Verse>01201702100</Verse>
      <Verse>01201800300</Verse>
      <Verse>01201903400</Verse>
      <Verse>01202000500</Verse>
      <Verse>01202000600</Verse>
      <Verse>01202100700</Verse>
      <Verse>01202200200</Verse>
      <Verse>01300201500</Verse>
      <Verse>01300300100</Verse>
      <Verse>01300300900</Verse>
      <Verse>01300403100</Verse>
      <Verse>01300603100</Verse>
      <Verse>01300700200</Verse>
      <Verse>01300902200</Verse>
      <Verse>01301001400</Verse>
      <Verse>01301100100</Verse>
      <Verse>01301100300</Verse>
      <Verse>01301100300</Verse>
      <Verse>01301100400</Verse>
      <Verse>01301100500</Verse>
      <Verse>01301100500</Verse>
      <Verse>01301100500</Verse>
      <Verse>01301100600</Verse>
      <Verse>01301100700</Verse>
      <Verse>01301100700</Verse>
      <Verse>01301100900</Verse>
      <Verse>01301101000</Verse>
      <Verse>01301101100</Verse>
      <Verse>01301101300</Verse>
      <Verse>01301101500</Verse>
      <Verse>01301101600</Verse>
      <Verse>01301101700</Verse>
      <Verse>01301101800</Verse>
      <Verse>01301101800</Verse>
      <Verse>01301102500</Verse>
      <Verse>01301200100</Verse>
      <Verse>01301200800</Verse>
      <Verse>01301201600</Verse>
      <Verse>01301201700</Verse>
      <Verse>01301201800</Verse>
      <Verse>01301201800</Verse>
      <Verse>01301201900</Verse>
      <Verse>01301202100</Verse>
      <Verse>01301202200</Verse>
      <Verse>01301202300</Verse>
      <Verse>01301203100</Verse>
      <Verse>01301203800</Verse>
      <Verse>01301203800</Verse>
      <Verse>01301203900</Verse>
      <Verse>01301300100</Verse>
      <Verse>01301300200</Verse>
      <Verse>01301300500</Verse>
      <Verse>01301300600</Verse>
      <Verse>01301300800</Verse>
      <Verse>01301301100</Verse>
      <Verse>01301301200</Verse>
      <Verse>01301301300</Verse>
      <Verse>01301301300</Verse>
      <Verse>01301400100</Verse>
      <Verse>01301400200</Verse>
      <Verse>01301400300</Verse>
      <Verse>01301400300</Verse>
      <Verse>01301400800</Verse>
      <Verse>01301400800</Verse>
      <Verse>01301400800</Verse>
      <Verse>01301401000</Verse>
      <Verse>01301401100</Verse>
      <Verse>01301401100</Verse>
      <Verse>01301401200</Verse>
      <Verse>01301401400</Verse>
      <Verse>01301401600</Verse>
      <Verse>01301401700</Verse>
      <Verse>01301500100</Verse>
      <Verse>01301500200</Verse>
      <Verse>01301500300</Verse>
      <Verse>01301500400</Verse>
      <Verse>01301501100</Verse>
      <Verse>01301501600</Verse>
      <Verse>01301502500</Verse>
      <Verse>01301502700</Verse>
      <Verse>01301502700</Verse>
      <Verse>01301502900</Verse>
      <Verse>01301502900</Verse>
      <Verse>01301600100</Verse>
      <Verse>01301600200</Verse>
      <Verse>01301600700</Verse>
      <Verse>01301604300</Verse>
      <Verse>01301700100</Verse>
      <Verse>01301700100</Verse>
      <Verse>01301700200</Verse>
      <Verse>01301700400</Verse>
      <Verse>01301700700</Verse>
      <Verse>01301701500</Verse>
      <Verse>01301701600</Verse>
      <Verse>01301701800</Verse>
      <Verse>01301702400</Verse>
      <Verse>01301800100</Verse>
      <Verse>01301800200</Verse>
      <Verse>01301800300</Verse>
      <Verse>01301800400</Verse>
      <Verse>01301800400</Verse>
      <Verse>01301800500</Verse>
      <Verse>01301800600</Verse>
      <Verse>01301800600</Verse>
      <Verse>01301800600</Verse>
      <Verse>01301800700</Verse>
      <Verse>01301800800</Verse>
      <Verse>01301800900</Verse>
      <Verse>01301801000</Verse>
      <Verse>01301801100</Verse>
      <Verse>01301801300</Verse>
      <Verse>01301801300</Verse>
      <Verse>01301801400</Verse>
      <Verse>01301801700</Verse>
      <Verse>01301900200</Verse>
      <Verse>01301900200</Verse>
      <Verse>01301900200</Verse>
      <Verse>01301900300</Verse>
      <Verse>01301900400</Verse>
      <Verse>01301900500</Verse>
      <Verse>01301900600</Verse>
      <Verse>01301900800</Verse>
      <Verse>01301901700</Verse>
      <Verse>01301901700</Verse>
      <Verse>01301901800</Verse>
      <Verse>01301901900</Verse>
      <Verse>01302000100</Verse>
      <Verse>01302000200</Verse>
      <Verse>01302000200</Verse>
      <Verse>01302000300</Verse>
      <Verse>01302000300</Verse>
      <Verse>01302000700</Verse>
      <Verse>01302000800</Verse>
      <Verse>01302100100</Verse>
      <Verse>01302100200</Verse>
      <Verse>01302100500</Verse>
      <Verse>01302100800</Verse>
      <Verse>01302100900</Verse>
      <Verse>01302101000</Verse>
      <Verse>01302101100</Verse>
      <Verse>01302101300</Verse>
      <Verse>01302101600</Verse>
      <Verse>01302101600</Verse>
      <Verse>01302101700</Verse>
      <Verse>01302101800</Verse>
      <Verse>01302101800</Verse>
      <Verse>01302101900</Verse>
      <Verse>01302102100</Verse>
      <Verse>01302102100</Verse>
      <Verse>01302102100</Verse>
      <Verse>01302102200</Verse>
      <Verse>01302102300</Verse>
      <Verse>01302102400</Verse>
      <Verse>01302102500</Verse>
      <Verse>01302102600</Verse>
      <Verse>01302102800</Verse>
      <Verse>01302103000</Verse>
      <Verse>01302200100</Verse>
      <Verse>01302200200</Verse>
      <Verse>01302200300</Verse>
      <Verse>01302200400</Verse>
      <Verse>01302200500</Verse>
      <Verse>01302200500</Verse>
      <Verse>01302200700</Verse>
      <Verse>01302201700</Verse>
      <Verse>01302300100</Verse>
      <Verse>01302300600</Verse>
      <Verse>01302302500</Verse>
      <Verse>01302302700</Verse>
      <Verse>01302400300</Verse>
      <Verse>01302403100</Verse>
      <Verse>01302500100</Verse>
      <Verse>01302602600</Verse>
      <Verse>01302603100</Verse>
      <Verse>01302603200</Verse>
      <Verse>01302701800</Verse>
      <Verse>01302702300</Verse>
      <Verse>01302702400</Verse>
      <Verse>01302703100</Verse>
      <Verse>01302703200</Verse>
      <Verse>01302800100</Verse>
      <Verse>01302800200</Verse>
      <Verse>01302801100</Verse>
      <Verse>01302802000</Verse>
      <Verse>01302900100</Verse>
      <Verse>01302900900</Verse>
      <Verse>01302901000</Verse>
      <Verse>01302901000</Verse>
      <Verse>01302902000</Verse>
      <Verse>01302902200</Verse>
      <Verse>01302902300</Verse>
      <Verse>01302902400</Verse>
      <Verse>01302902600</Verse>
      <Verse>01302902900</Verse>
      <Verse>01400100100</Verse>
      <Verse>01400100400</Verse>
      <Verse>01400100400</Verse>
      <Verse>01400100800</Verse>
      <Verse>01400100900</Verse>
      <Verse>01400200300</Verse>
      <Verse>01400200700</Verse>
      <Verse>01400201200</Verse>
      <Verse>01400201400</Verse>
      <Verse>01400201700</Verse>
      <Verse>01400300100</Verse>
      <Verse>01400300100</Verse>
      <Verse>01400500100</Verse>
      <Verse>01400500200</Verse>
      <Verse>01400600400</Verse>
      <Verse>01400600600</Verse>
      <Verse>01400600700</Verse>
      <Verse>01400600800</Verse>
      <Verse>01400601000</Verse>
      <Verse>01400601500</Verse>
      <Verse>01400601600</Verse>
      <Verse>01400601700</Verse>
      <Verse>01400604200</Verse>
      <Verse>01400700600</Verse>
      <Verse>01400700600</Verse>
      <Verse>01400701000</Verse>
      <Verse>01400701700</Verse>
      <Verse>01400701800</Verse>
      <Verse>01400801100</Verse>
      <Verse>01400801100</Verse>
      <Verse>01400801400</Verse>
      <Verse>01400801400</Verse>
      <Verse>01400903100</Verse>
      <Verse>01401001600</Verse>
      <Verse>01401001600</Verse>
      <Verse>01401001900</Verse>
      <Verse>01401101700</Verse>
      <Verse>01401101800</Verse>
      <Verse>01401201600</Verse>
      <Verse>01401300500</Verse>
      <Verse>01401300600</Verse>
      <Verse>01401300800</Verse>
      <Verse>01401400100</Verse>
      <Verse>01401601400</Verse>
      <Verse>01401700300</Verse>
      <Verse>01402100100</Verse>
      <Verse>01402100700</Verse>
      <Verse>01402100700</Verse>
      <Verse>01402101200</Verse>
      <Verse>01402102000</Verse>
      <Verse>01402300300</Verse>
      <Verse>01402300900</Verse>
      <Verse>01402301800</Verse>
      <Verse>01402301800</Verse>
      <Verse>01402401600</Verse>
      <Verse>01402402500</Verse>
      <Verse>01402700900</Verse>
      <Verse>01402800100</Verse>
      <Verse>01402900200</Verse>
      <Verse>01402902500</Verse>
      <Verse>01402902600</Verse>
      <Verse>01402902700</Verse>
      <Verse>01402903000</Verse>
      <Verse>01403002600</Verse>
      <Verse>01403200500</Verse>
      <Verse>01403203000</Verse>
      <Verse>01403203300</Verse>
      <Verse>01403300700</Verse>
      <Verse>01403301400</Verse>
      <Verse>01403400200</Verse>
      <Verse>01403400300</Verse>
      <Verse>01403500300</Verse>
      <Verse>01403500400</Verse>
      <Verse>01403501500</Verse>
      <Verse>01500301000</Verse>
      <Verse>01500800200</Verse>
      <Verse>01500802000</Verse>
      <Verse>01600301500</Verse>
      <Verse>01600301600</Verse>
      <Verse>01601202400</Verse>
      <Verse>01601203600</Verse>
      <Verse>01601203700</Verse>
      <Verse>01601203700</Verse>
      <Verse>01601204500</Verse>
      <Verse>01601204600</Verse>
      <Verse>01900300000</Verse>
      <Verse>01900400000</Verse>
      <Verse>01900500000</Verse>
      <Verse>01900600000</Verse>
      <Verse>01900700000</Verse>
      <Verse>01900800000</Verse>
      <Verse>01900900000</Verse>
      <Verse>01901100100</Verse>
      <Verse>01901200000</Verse>
      <Verse>01901300000</Verse>
      <Verse>01901400100</Verse>
      <Verse>01901500100</Verse>
      <Verse>01901600100</Verse>
      <Verse>01901700100</Verse>
      <Verse>01901800000</Verse>
      <Verse>01901805000</Verse>
      <Verse>01901900000</Verse>
      <Verse>01902000000</Verse>
      <Verse>01902100000</Verse>
      <Verse>01902200000</Verse>
      <Verse>01902300100</Verse>
      <Verse>01902400100</Verse>
      <Verse>01902500100</Verse>
      <Verse>01902600100</Verse>
      <Verse>01902700100</Verse>
      <Verse>01902800100</Verse>
      <Verse>01902900100</Verse>
      <Verse>01903000000</Verse>
      <Verse>01903100000</Verse>
      <Verse>01903200100</Verse>
      <Verse>01903400000</Verse>
      <Verse>01903500100</Verse>
      <Verse>01903600000</Verse>
      <Verse>01903700100</Verse>
      <Verse>01903800000</Verse>
      <Verse>01903900000</Verse>
      <Verse>01904000000</Verse>
      <Verse>01904100000</Verse>
      <Verse>01905100000</Verse>
      <Verse>01905200000</Verse>
      <Verse>01905200000</Verse>
      <Verse>01905300000</Verse>
      <Verse>01905400000</Verse>
      <Verse>01905400000</Verse>
      <Verse>01905500000</Verse>
      <Verse>01905600000</Verse>
      <Verse>01905700000</Verse>
      <Verse>01905800000</Verse>
      <Verse>01905900000</Verse>
      <Verse>01906000000</Verse>
      <Verse>01906100000</Verse>
      <Verse>01906200000</Verse>
      <Verse>01906300000</Verse>
      <Verse>01906400000</Verse>
      <Verse>01906500000</Verse>
      <Verse>01906800000</Verse>
      <Verse>01906900000</Verse>
      <Verse>01907000000</Verse>
      <Verse>01907202000</Verse>
      <Verse>01907807000</Verse>
      <Verse>01908600100</Verse>
      <Verse>01908900300</Verse>
      <Verse>01908902000</Verse>
      <Verse>01908903500</Verse>
      <Verse>01908904900</Verse>
      <Verse>01910100100</Verse>
      <Verse>01910300100</Verse>
      <Verse>01910800000</Verse>
      <Verse>01910900100</Verse>
      <Verse>01911000100</Verse>
      <Verse>01912200100</Verse>
      <Verse>01912200500</Verse>
      <Verse>01912400100</Verse>
      <Verse>01913100100</Verse>
      <Verse>01913200100</Verse>
      <Verse>01913201000</Verse>
      <Verse>01913201100</Verse>
      <Verse>01913201700</Verse>
      <Verse>01913300100</Verse>
      <Verse>01913800100</Verse>
      <Verse>01913900100</Verse>
      <Verse>01914000000</Verse>
      <Verse>01914100100</Verse>
      <Verse>01914200000</Verse>
      <Verse>01914300100</Verse>
      <Verse>01914400100</Verse>
      <Verse>01914401000</Verse>
      <Verse>01914500100</Verse>
      <Verse>02000100100</Verse>
      <Verse>02100100100</Verse>
      <Verse>02200400400</Verse>
      <Verse>02300700200</Verse>
      <Verse>02300701300</Verse>
      <Verse>02300900700</Verse>
      <Verse>02301600500</Verse>
      <Verse>02302200900</Verse>
      <Verse>02302202200</Verse>
      <Verse>02302900100</Verse>
      <Verse>02303703500</Verse>
      <Verse>02303800500</Verse>
      <Verse>02305500300</Verse>
      <Verse>02401301300</Verse>
      <Verse>02401702500</Verse>
      <Verse>02402101200</Verse>
      <Verse>02402200200</Verse>
      <Verse>02402200400</Verse>
      <Verse>02402203000</Verse>
      <Verse>02402300500</Verse>
      <Verse>02402901600</Verse>
      <Verse>02403000900</Verse>
      <Verse>02403301500</Verse>
      <Verse>02403301700</Verse>
      <Verse>02403302100</Verse>
      <Verse>02403302200</Verse>
      <Verse>02403302600</Verse>
      <Verse>02403603000</Verse>
      <Verse>02603402300</Verse>
      <Verse>02603402400</Verse>
      <Verse>02603702400</Verse>
      <Verse>02603702500</Verse>
      <Verse>02800300500</Verse>
      <Verse>03000600500</Verse>
      <Verse>03000901100</Verse>
      <Verse>03801200700</Verse>
      <Verse>03801200800</Verse>
      <Verse>03801200800</Verse>
      <Verse>03801201000</Verse>
      <Verse>03801201200</Verse>
      <Verse>03801300100</Verse>
    </References>
  </Term>
  <Versification>English</Versification>
</BiblicalTermsList>