﻿<?xml version="1.0" encoding="utf-8"?>
<TermRenderingsList>
  <TermRendering Id="אֱלֹהִים" Guess="false">
    <Renderings />
    <Glossary />
    <Changes />
    <Notes />
    <Denials />
  </TermRendering>
  <TermRendering Id="אֱמֶת" Guess="false">
    <Renderings />
    <Glossary />
    <Changes />
    <Notes />
    <Denials />
  </TermRendering>
  <TermRendering Id="אֵבוּס" Guess="false">
    <Renderings />
    <Glossary />
    <Changes />
    <Notes />
    <Denials />
  </TermRendering>
  <TermRendering Id="אֵלָה-1" Guess="false">
    <Renderings />
    <Glossary />
    <Changes />
    <Notes />
    <Denials />
  </TermRendering>
  <TermRendering Id="אַיִל-1" Guess="false">
    <Renderings />
    <Glossary />
    <Changes />
    <Notes />
    <Denials />
  </TermRendering>
  <TermRendering Id="אַיִל-3" Guess="false">
    <Renderings />
    <Glossary />
    <Changes />
    <Notes />
    <Denials />
  </TermRendering>
  <TermRendering Id="אָבִיר" Guess="false">
    <Renderings />
    <Glossary />
    <Changes />
    <Notes />
    <Denials />
  </TermRendering>
  <TermRendering Id="אָוֶן" Guess="false">
    <Renderings />
    <Glossary />
    <Changes />
    <Notes />
    <Denials />
  </TermRendering>
  <TermRendering Id="אָחָז-1" Guess="false">
    <Renderings />
    <Glossary />
    <Changes />
    <Notes />
    <Denials />
  </TermRendering>
  <TermRendering Id="אָמוֹץ" Guess="false">
    <Renderings />
    <Glossary />
    <Changes />
    <Notes />
    <Denials />
  </TermRendering>
  <TermRendering Id="אהב" Guess="false">
    <Renderings />
    <Glossary />
    <Changes />
    <Notes />
    <Denials />
  </TermRendering>
  <TermRendering Id="אמן-1" Guess="false">
    <Renderings />
    <Glossary />
    <Changes />
    <Notes />
    <Denials />
  </TermRendering>
  <TermRendering Id="בַּלְאֲדָן" Guess="false">
    <Renderings>Baladan</Renderings>
    <Glossary />
    <Changes>
      <Change UserName="Milt Jones" Date="2018-08-14T22:05:57.2999630-04:00">
        <Before />
        <After>Baladan</After>
      </Change>
    </Changes>
    <Notes />
    <Denials />
  </TermRendering>
  <TermRendering Id="בַּעַל-1" Guess="false">
    <Renderings />
    <Glossary />
    <Changes />
    <Notes />
    <Denials />
  </TermRendering>
  <TermRendering Id="בָּבֶל" Guess="false">
    <Renderings>Babilon</Renderings>
    <Glossary />
    <Changes>
      <Change UserName="Milt Jones" Date="2018-08-14T22:04:59.0069313-04:00">
        <Before />
        <After>Babilon</After>
      </Change>
    </Changes>
    <Notes />
    <Denials />
  </TermRendering>
  <TermRendering Id="בֹּשֶׂם" Guess="false">
    <Renderings />
    <Glossary />
    <Changes />
    <Notes />
    <Denials />
  </TermRendering>
  <TermRendering Id="בין" Guess="false">
    <Renderings />
    <Glossary />
    <Changes />
    <Notes />
    <Denials />
  </TermRendering>
  <TermRendering Id="גּוֹי" Guess="false">
    <Renderings />
    <Glossary />
    <Changes />
    <Notes />
    <Denials />
  </TermRendering>
  <TermRendering Id="דְּבַר־יהוה" Guess="false">
    <Renderings />
    <Glossary />
    <Changes />
    <Notes />
    <Denials />
  </TermRendering>
  <TermRendering Id="זֶבַח-1" Guess="false">
    <Renderings />
    <Glossary />
    <Changes />
    <Notes />
    <Denials />
  </TermRendering>
  <TermRendering Id="זָר" Guess="false">
    <Renderings />
    <Glossary />
    <Changes />
    <Notes />
    <Denials />
  </TermRendering>
  <TermRendering Id="חֲמוֹר-1" Guess="false">
    <Renderings />
    <Glossary />
    <Changes />
    <Notes />
    <Denials />
  </TermRendering>
  <TermRendering Id="חִזְקִיָּהוּ" Guess="false">
    <Renderings>Hezekaya</Renderings>
    <Glossary />
    <Changes>
      <Change UserName="Milt Jones" Date="2018-08-14T22:06:31.2463632-04:00">
        <Before />
        <After>Hezekaya</After>
      </Change>
    </Changes>
    <Notes />
    <Denials />
  </TermRendering>
  <TermRendering Id="חֵטְא-1" Guess="false">
    <Renderings />
    <Glossary />
    <Changes />
    <Notes />
    <Denials />
  </TermRendering>
  <TermRendering Id="חֶרֶב" Guess="false">
    <Renderings />
    <Glossary />
    <Changes />
    <Notes />
    <Denials />
  </TermRendering>
  <TermRendering Id="חַטָּא-1" Guess="false">
    <Renderings />
    <Glossary />
    <Changes />
    <Notes />
    <Denials />
  </TermRendering>
  <TermRendering Id="חֹדֶשׁ-1" Guess="false">
    <Renderings />
    <Glossary />
    <Changes />
    <Notes />
    <Denials />
  </TermRendering>
  <TermRendering Id="חזה" Guess="false">
    <Renderings />
    <Glossary />
    <Changes />
    <Notes />
    <Denials />
  </TermRendering>
  <TermRendering Id="חטא-1" Guess="false">
    <Renderings />
    <Glossary />
    <Changes />
    <Notes />
    <Denials />
  </TermRendering>
  <TermRendering Id="יְהוֹנָתָן-5" Guess="false">
    <Renderings />
    <Glossary />
    <Changes />
    <Notes />
    <Denials />
  </TermRendering>
  <TermRendering Id="יְהוּדָה-1" Guess="false">
    <Renderings />
    <Glossary />
    <Changes />
    <Notes />
    <Denials />
  </TermRendering>
  <TermRendering Id="יְחִזְקִיָּהוּ-1" Guess="false">
    <Renderings />
    <Glossary />
    <Changes />
    <Notes />
    <Denials />
  </TermRendering>
  <TermRendering Id="יְרוּשָׁלִַם" Guess="false">
    <Renderings />
    <Glossary />
    <Changes />
    <Notes />
    <Denials />
  </TermRendering>
  <TermRendering Id="יְשַׁעְיָהוּ-1" Guess="false">
    <Renderings />
    <Glossary />
    <Changes />
    <Notes />
    <Denials />
  </TermRendering>
  <TermRendering Id="יִשְׂרָאֵל" Guess="false">
    <Renderings />
    <Glossary />
    <Changes />
    <Notes />
    <Denials />
  </TermRendering>
  <TermRendering Id="יָתוֹם" Guess="false">
    <Renderings />
    <Glossary />
    <Changes />
    <Notes />
    <Denials />
  </TermRendering>
  <TermRendering Id="יהוה" Guess="false">
    <Renderings>Yaawe</Renderings>
    <Glossary />
    <Changes />
    <Notes />
    <Denials />
  </TermRendering>
  <TermRendering Id="יוֹנָתָן-3" Guess="false">
    <Renderings />
    <Glossary />
    <Changes />
    <Notes />
    <Denials />
  </TermRendering>
  <TermRendering Id="יוֹנָתָן-4" Guess="false">
    <Renderings />
    <Glossary />
    <Changes />
    <Notes />
    <Denials />
  </TermRendering>
  <TermRendering Id="יוֹנָתָן-5" Guess="false">
    <Renderings />
    <Glossary />
    <Changes />
    <Notes />
    <Denials />
  </TermRendering>
  <TermRendering Id="יוֹתָם-2" Guess="false">
    <Renderings />
    <Glossary />
    <Changes />
    <Notes />
    <Denials />
  </TermRendering>
  <TermRendering Id="כֶּבֶשׂ, כַבְשָׂה, כִּבְשָׂה" Guess="false">
    <Renderings />
    <Glossary />
    <Changes />
    <Notes />
    <Denials />
  </TermRendering>
  <TermRendering Id="כֶּסֶף" Guess="false">
    <Renderings />
    <Glossary />
    <Changes />
    <Notes />
    <Denials />
  </TermRendering>
  <TermRendering Id="כֶּרֶם" Guess="false">
    <Renderings />
    <Glossary />
    <Changes />
    <Notes />
    <Denials />
  </TermRendering>
  <TermRendering Id="מְרִיא" Guess="false">
    <Renderings />
    <Glossary />
    <Changes />
    <Notes />
    <Denials />
  </TermRendering>
  <TermRendering Id="מְרֹדַךְ בַּלְאֲדָן" Guess="false">
    <Renderings />
    <Glossary />
    <Changes />
    <Notes />
    <Denials />
  </TermRendering>
  <TermRendering Id="מִנְחָה" Guess="false">
    <Renderings />
    <Glossary />
    <Changes />
    <Notes />
    <Denials />
  </TermRendering>
  <TermRendering Id="מִקְשָׁה-2" Guess="false">
    <Renderings />
    <Glossary />
    <Changes />
    <Notes />
    <Denials />
  </TermRendering>
  <TermRendering Id="מֶלֶךְ-1" Guess="false">
    <Renderings />
    <Glossary />
    <Changes />
    <Notes />
    <Denials />
  </TermRendering>
  <TermRendering Id="מוֹעֵד" Guess="false">
    <Renderings />
    <Glossary />
    <Changes />
    <Notes />
    <Denials />
  </TermRendering>
  <TermRendering Id="מרה" Guess="false">
    <Renderings />
    <Glossary />
    <Changes />
    <Notes />
    <Denials />
  </TermRendering>
  <TermRendering Id="נָבִיא" Guess="false">
    <Renderings />
    <Glossary />
    <Changes />
    <Notes />
    <Denials />
  </TermRendering>
  <TermRendering Id="סְדֹם" Guess="false">
    <Renderings />
    <Glossary />
    <Changes />
    <Notes />
    <Denials />
  </TermRendering>
  <TermRendering Id="סֵפֶר" Guess="false">
    <Renderings />
    <Glossary />
    <Changes />
    <Notes />
    <Denials />
  </TermRendering>
  <TermRendering Id="סָרִיס" Guess="false">
    <Renderings />
    <Glossary />
    <Changes />
    <Notes />
    <Denials />
  </TermRendering>
  <TermRendering Id="עֲמֹרָה" Guess="false">
    <Renderings />
    <Glossary />
    <Changes />
    <Notes />
    <Denials />
  </TermRendering>
  <TermRendering Id="עִיר-1" Guess="false">
    <Renderings />
    <Glossary />
    <Changes />
    <Notes />
    <Denials />
  </TermRendering>
  <TermRendering Id="עַתּוּד" Guess="false">
    <Renderings />
    <Glossary />
    <Changes />
    <Notes />
    <Denials />
  </TermRendering>
  <TermRendering Id="עָוֹן" Guess="false">
    <Renderings />
    <Glossary />
    <Changes />
    <Notes />
    <Denials />
  </TermRendering>
  <TermRendering Id="עֹלָה" Guess="false">
    <Renderings />
    <Glossary />
    <Changes />
    <Notes />
    <Denials />
  </TermRendering>
  <TermRendering Id="עֻזִּיָּהוּ-1" Guess="false">
    <Renderings />
    <Glossary />
    <Changes />
    <Notes />
    <Denials />
  </TermRendering>
  <TermRendering Id="פָּר" Guess="false">
    <Renderings />
    <Glossary />
    <Changes />
    <Notes />
    <Denials />
  </TermRendering>
  <TermRendering Id="פדה-3" Guess="false">
    <Renderings />
    <Glossary />
    <Changes />
    <Notes />
    <Denials />
  </TermRendering>
  <TermRendering Id="פשׁע" Guess="false">
    <Renderings />
    <Glossary />
    <Changes />
    <Notes />
    <Denials />
  </TermRendering>
  <TermRendering Id="צְדָקָה" Guess="false">
    <Renderings />
    <Glossary />
    <Changes />
    <Notes />
    <Denials />
  </TermRendering>
  <TermRendering Id="צִיּוֹן" Guess="false">
    <Renderings />
    <Glossary />
    <Changes />
    <Notes />
    <Denials />
  </TermRendering>
  <TermRendering Id="צֶדֶק" Guess="false">
    <Renderings />
    <Glossary />
    <Changes />
    <Notes />
    <Denials />
  </TermRendering>
  <TermRendering Id="צֶמֶר" Guess="false">
    <Renderings />
    <Glossary />
    <Changes />
    <Notes />
    <Denials />
  </TermRendering>
  <TermRendering Id="צָבָא-3" Guess="false">
    <Renderings />
    <Glossary />
    <Changes />
    <Notes />
    <Denials />
  </TermRendering>
  <TermRendering Id="צרף" Guess="false">
    <Renderings />
    <Glossary />
    <Changes />
    <Notes />
    <Denials />
  </TermRendering>
  <TermRendering Id="קָדוֹשׁ" Guess="false">
    <Renderings />
    <Glossary />
    <Changes />
    <Notes />
    <Denials />
  </TermRendering>
  <TermRendering Id="רשׁע" Guess="false">
    <Renderings />
    <Glossary />
    <Changes />
    <Notes />
    <Denials />
  </TermRendering>
  <TermRendering Id="שַׁבָּת" Guess="false">
    <Renderings />
    <Glossary />
    <Changes />
    <Notes />
    <Denials />
  </TermRendering>
  <TermRendering Id="שַׂר-1" Guess="false">
    <Renderings />
    <Glossary />
    <Changes />
    <Notes />
    <Denials />
  </TermRendering>
  <TermRendering Id="שָׁלוֹם" Guess="false">
    <Renderings />
    <Glossary />
    <Changes />
    <Notes />
    <Denials />
  </TermRendering>
  <TermRendering Id="שׁוֹר" Guess="false">
    <Renderings />
    <Glossary />
    <Changes />
    <Notes />
    <Denials />
  </TermRendering>
  <TermRendering Id="שׁמר" Guess="false">
    <Renderings />
    <Glossary />
    <Changes />
    <Notes />
    <Denials />
  </TermRendering>
  <TermRendering Id="תּוֹעֵבָה" Guess="false">
    <Renderings />
    <Glossary />
    <Changes />
    <Notes />
    <Denials />
  </TermRendering>
  <TermRendering Id="ὀφείλω-2" Guess="false">
    <Renderings />
    <Glossary />
    <Changes />
    <Notes />
    <Denials />
  </TermRendering>
  <TermRendering Id="ὀφείλω-3" Guess="false">
    <Renderings />
    <Glossary />
    <Changes />
    <Notes />
    <Denials />
  </TermRendering>
</TermRenderingsList>