﻿<?xml version="1.0" encoding="utf-8"?>
<BookNames>
  <book code="GEN" abbr="ƊSH" short="Ɗinshee" long="Takarda kɨ̀ Ɗinshee" />
  <book code="EXO" abbr="PWT" short="Exodus" long="Takarda kɨ̀ Pwat" />
  <book code="LEV" abbr="PRS" short="Leviticus" long="Takarda kɨ̀ Pɨris Mo" />
  <book code="NUM" abbr="TGƊ" short="Numbers" long="Takarda kɨ̀ Tangɗuu Gurum Mo" />
  <book code="DEU" abbr="BRW" short="Deuteronomy" long="Takarda Mu Baa Ran Wàar" />
  <book code="JOS" abbr="JOS" short="Joshua" long="Takarda kɨ̀ Joshuwa" />
  <book code="JDG" abbr="NYE" short="Judges" long="Takarda kɨ̀ Nyem Ɗyéel Mo" />
  <book code="RUT" abbr="RUT" short="Ruth" long="Takarda kɨ̀ Rut" />
  <book code="1SA" abbr="1SA" short="1 Samuel" long="Takarda Ɗinshee Mu Samuwel" />
  <book code="2SA" abbr="2SA" short="2 Samuel" long="Takarda Ɗiivul Mu Samuwel" />
  <book code="1KI" abbr="1MI" short="1 Kings" long="Takarda Ɗinshee Mu Mishkagham Mo" />
  <book code="2KI" abbr="2MI" short="2 Kings" long="Takarda Ɗiivul Mu Mishkagham Mo" />
  <book code="1CH" abbr="1PM" short="1 Chronicles" long="Takarda Ɗinshee Mu Po Muyii Mo" />
  <book code="2CH" abbr="2PM" short="2 Chronicles" long="Takarda Ɗiivul Mu Po Muyii Mo" />
  <book code="EZR" abbr="EZR" short="Ezra" long="Takarda kɨ̀ Ezra" />
  <book code="NEH" abbr="NEH" short="Nehemiah" long="Takarda kɨ̀ Nehemiya" />
  <book code="EST" abbr="EST" short="Esther (Hebrew)" long="Takarda kɨ̀ Esta" />
  <book code="JOB" abbr="JOP" short="Job" long="Takarda kɨ̀ Jop" />
  <book code="PSA" abbr="KNM" short="Psalms" long="Takarda kɨ̀ Kook Nyam" />
  <book code="PRO" abbr="SMP" short="Proverbs" long="Takarda kɨ̀ Sumpo Mo" />
  <book code="ECC" abbr="NGP" short="Ecclesiastes" long="Takarda kɨ̀ Ngu Ponaan" />
  <book code="SNG" abbr="KKK" short="Song of Songs" long="Takarda kɨ̀ Kook Kɨ Kook Mo" />
  <book code="ISA" abbr="AIZ" short="Isaiah" long="Takarda kɨ̀ Aizaya" />
  <book code="JER" abbr="JER" short="Jeremiah" long="Takarda kɨ̀ Jeremiya" />
  <book code="LAM" abbr="MAP" short="Lamentations" long="Takarda kɨ̀ Maap Mo" />
  <book code="EZK" abbr="IZI" short="Ezekiel" long="Takarda kɨ̀ Izikyel" />
  <book code="DAN" abbr="DAN" short="Daniel (Hebrew)" long="Takarda kɨ̀ Daniyel" />
  <book code="HOS" abbr="HOS" short="Hosea" long="Takarda kɨ̀ Hosiya" />
  <book code="JOL" abbr="JOW" short="Joel" long="Takarda kɨ̀ Jowel" />
  <book code="AMO" abbr="EMO" short="Amos" long="Takarda kɨ̀ Emos" />
  <book code="OBA" abbr="OBA" short="Obadiah" long="Takarda kɨ̀ Obadiya" />
  <book code="JON" abbr="JON" short="Jonah" long="Takarda kɨ̀ Jona" />
  <book code="MIC" abbr="MEK" short="Micah" long="Takarda kɨ̀ Meeka" />
  <book code="NAM" abbr="NAH" short="Nahum" long="Takarda kɨ̀ Naahum" />
  <book code="HAB" abbr="HAB" short="Habakkuk" long="Takarda kɨ̀ Habakuk" />
  <book code="ZEP" abbr="ZAF" short="Zephaniah" long="Takarda kɨ̀ Zafaniya" />
  <book code="HAG" abbr="HAG" short="Haggai" long="Takarda kɨ̀ Hagai" />
  <book code="ZEC" abbr="ZAK" short="Zechariah" long="Takarda kɨ̀ Zakariya" />
  <book code="MAL" abbr="MAL" short="Malachi" long="Takarda kɨ̀ Malakai" />
  <book code="MAT" abbr="" short="Matthew" long="Po ɗiiret nsar kɨ̀ Matiyu" />
  <book code="MRK" abbr="" short="Mark" long="Po ɗiiret nsar kɨ̀ Maak" />
  <book code="LUK" abbr="" short="Luke" long="Po ɗiiret nsar kɨ̀ Luk" />
  <book code="JHN" abbr="" short="John" long="Po ɗiiret nsar kɨ̀ Joon" />
  <book code="ACT" abbr="" short="Acts" long="Ɗak kɨ̀ Jeplop kɨ̀ Jesu mo" />
  <book code="ROM" abbr="" short="Romans" long="Po ɗi Pool ran nyem Rom mo" />
  <book code="1CO" abbr="" short="1 Corinthians" long="Po ɗinshee ɗi Pool ran Nyem Koronti mo" />
  <book code="2CO" abbr="" short="2 Corinthians" long="Po ɗiivul ɗi Pool ran nyem Koronti mo" />
  <book code="GAL" abbr="" short="Galatians" long="Po ɗi Pool ran nyem Galati mo" />
  <book code="EPH" abbr="" short="Ephesians" long="Po ɗi Pool ran nyem Afisus mo" />
  <book code="PHP" abbr="" short="Philippians" long="Po ɗi Pool ran nyem Filipi mo" />
  <book code="COL" abbr="" short="Colossians" long="Po ɗi Pool ran nyem Kolosi mo" />
  <book code="1TH" abbr="" short="1 Thessalonians" long="Po ɗinshee ɗi Pool ran nyem Tasoloni mo" />
  <book code="2TH" abbr="" short="2 Thessalonians" long="Po ɗiivul ɗi Pool ran nyem Tasoloni mo" />
  <book code="1TI" abbr="" short="1 Timothy" long="Po ɗinshee ɗi Pool ran nTimoti" />
  <book code="2TI" abbr="" short="2 Timothy" long="Po ɗiivul ɗi Pool ran nTimoti" />
  <book code="TIT" abbr="" short="Titus" long="Po ɗi Pool ran nTitus" />
  <book code="PHM" abbr="" short="Philemon" long="Po ɗi Pool ran nFilimon" />
  <book code="HEB" abbr="" short="Hebrews" long="Wasika ɗi mo ran nyem Hiburu mo" />
  <book code="JAS" abbr="" short="James" long="Po ɗi Jemis ran" />
  <book code="1PE" abbr="" short="1 Peter" long="Po ɗinshee ɗi Pita ran" />
  <book code="2PE" abbr="" short="2 Peter" long="Po ɗiivul ɗi Pita ran" />
  <book code="1JN" abbr="" short="1 John" long="Po ɗinshee ɗi Joon ran" />
  <book code="2JN" abbr="" short="2 John" long="Po ɗiivul ɗi Joon ran" />
  <book code="3JN" abbr="" short="3 John" long="Po ɗiikun ɗi Joon ran" />
  <book code="JUD" abbr="" short="Jude" long="Po ɗi Juud ran" />
  <book code="REV" abbr="" short="Revelation" long="Mbii ɗi Jesu Kristi woo nJoon ndɨghɨn Sughun" />
  <book code="TOB" abbr="" short="Tobit" long="" />
  <book code="JDT" abbr="" short="Judith" long="" />
  <book code="ESG" abbr="" short="Esther Greek" long="" />
  <book code="WIS" abbr="" short="Wisdom of Solomon" long="" />
  <book code="SIR" abbr="" short="Sirach (Ecclesiasticus)" long="" />
  <book code="BAR" abbr="" short="Baruch" long="" />
  <book code="LJE" abbr="" short="Letter of Jeremiah" long="" />
  <book code="S3Y" abbr="" short="Song of 3 Young Men" long="" />
  <book code="SUS" abbr="" short="Susanna" long="" />
  <book code="BEL" abbr="" short="Bel and the Dragon" long="" />
  <book code="1MA" abbr="" short="1 Maccabees" long="" />
  <book code="2MA" abbr="" short="2 Maccabees" long="" />
  <book code="3MA" abbr="" short="3 Maccabees" long="" />
  <book code="4MA" abbr="" short="4 Maccabees" long="" />
  <book code="1ES" abbr="" short="1 Esdras (Greek)" long="" />
  <book code="2ES" abbr="" short="2 Esdras (Latin)" long="" />
  <book code="MAN" abbr="" short="Prayer of Manasseh" long="" />
  <book code="PS2" abbr="" short="Psalm 151" long="" />
  <book code="ODA" abbr="" short="Odes" long="" />
  <book code="PSS" abbr="" short="Psalms of Solomon" long="" />
  <book code="JSA" abbr="" short="Joshua A. *obsolete*" long="" />
  <book code="JDB" abbr="" short="Judges B. *obsolete*" long="" />
  <book code="TBS" abbr="" short="Tobit S. *obsolete*" long="" />
  <book code="SST" abbr="" short="Susanna Th. *obsolete*" long="" />
  <book code="DNT" abbr="" short="Daniel Th. *obsolete*" long="" />
  <book code="BLT" abbr="" short="Bel Th. *obsolete*" long="" />
  <book code="3ES" abbr="" short="3 Ezra *obsolete*" long="" />
  <book code="EZA" abbr="" short="Apocalypse of Ezra" long="" />
  <book code="5EZ" abbr="" short="5 Ezra (Latin Prologue)" long="" />
  <book code="6EZ" abbr="" short="6 Ezra (Latin Epilogue)" long="" />
  <book code="DAG" abbr="" short="Daniel Greek" long="" />
  <book code="PS3" abbr="" short="Psalms 152-155" long="" />
  <book code="2BA" abbr="" short="2 Baruch (Apocalypse)" long="" />
  <book code="LBA" abbr="" short="Letter of Baruch" long="" />
  <book code="JUB" abbr="" short="Jubilees" long="" />
  <book code="ENO" abbr="" short="Enoch" long="" />
  <book code="1MQ" abbr="" short="1 Meqabyan" long="" />
  <book code="2MQ" abbr="" short="2 Meqabyan" long="" />
  <book code="3MQ" abbr="" short="3 Meqabyan" long="" />
  <book code="REP" abbr="" short="Reproof (Proverbs 25-31)" long="" />
  <book code="4BA" abbr="" short="4 Baruch (Rest of Baruch)" long="" />
  <book code="LAO" abbr="" short="Laodiceans" long="" />
  <book code="XXA" abbr="" short="" long="" />
  <book code="XXB" abbr="" short="" long="" />
  <book code="XXC" abbr="" short="" long="" />
  <book code="XXD" abbr="" short="" long="" />
  <book code="XXE" abbr="" short="" long="" />
  <book code="XXF" abbr="" short="" long="" />
  <book code="XXG" abbr="" short="" long="" />
  <book code="FRT" abbr="" short="" long="" />
  <book code="BAK" abbr="" short="" long="" />
  <book code="OTH" abbr="" short="" long="" />
  <book code="INT" abbr="" short="" long="" />
  <book code="CNC" abbr="" short="" long="" />
  <book code="GLO" abbr="" short="" long="Glossary" />
  <book code="TDX" abbr="" short="" long="" />
  <book code="NDX" abbr="" short="" long="" />
  <book code="***" abbr="" short="" long="" />
</BookNames>