﻿<?xml version="1.0" encoding="utf-8"?>
<TagList>
  <Tag Id="1" Name="To Do" Icon="01flag1" CreatorResolve="false" />
  <Tag Id="2" Name="Note to Team" Icon="04exclamation2" CreatorResolve="false" />
  <Tag Id="3" Name="Note to Consultant" Icon="06star3" CreatorResolve="false" />
  <Tag Id="4" Name="Formatting or BT" Icon="13diamond1" CreatorResolve="false" />
  <Tag Id="5" Name="Testing required" Icon="03question2" CreatorResolve="false" />
  <Tag Id="6" Name="Pending Team" Icon="10picture3" CreatorResolve="false" />
  <Tag Id="7" Name="Great Job!" Icon="06star1" CreatorResolve="false">
    <Template>Great job!</Template>
  </Tag>
  <Tag Id="8" Name="Bookmark" Icon="02tag3" CreatorResolve="true" />
  <LastUsedID>6</LastUsedID>
</TagList>