<?xml version="1.0" encoding="utf-8"?>
<ldml>
	<identity>
		<version number="" />
		<generation date="0001-01-01T00:00:00Z" />
		<language type="sur" />
	</identity>
	<characters>
		<exemplarCharacters>[A-PR-WYZa-pr-wyz\u00C0\u00C1\u00C8\u00C9\u00CC\u00CD\u00D2\u00D3\u00D9\u00DA\u00E0\u00E1\u00E8\u00E9\u00EC\u00ED\u00F2\u00F3\u00F9\u00FA\u0181\u018A\u0197\u0253\u0257\u0268{Gh}{Ng}{Ny}{Sh}{gh}{ng}{ny}{sh}{\u0197\u0300}{\u0197\u0301}{\u0268\u0300}{\u0268\u0301}]</exemplarCharacters>
		<exemplarCharacters type="punctuation">[!(),-.\:-&lt;&gt;?\[\]\u200C\u200D{!&lt;&lt;}{!&gt;}{!&gt;&gt;}{!&gt;&gt;&gt;}{!&gt;&gt;&gt;&gt;&gt;}{!\[}{!\]&gt;&gt;}{),}{),&lt;&lt;}{).}{).&gt;}{)\:}{);}{,(}{,&lt;}{,&lt;&lt;}{,&lt;&lt;&lt;}{,&lt;&lt;&lt;&lt;}{,&gt;}{,&gt;&gt;}{,&gt;&gt;(}{,\[}{,\]}{.(}{.)}{.)&gt;&gt;}{.&lt;}{.&lt;&lt;}{.&gt;}{.&gt;(}{.&gt;)}{.&gt;&gt;}{.&gt;&gt;(}{.&gt;&gt;)}{.&gt;&gt;&lt;&lt;}{.&gt;&gt;&gt;}{.&gt;&gt;&gt;(}{.&gt;&gt;&gt;&gt;&gt;}{.&gt;&gt;\[}{.&gt;&gt;\]}{.&gt;\[}{.\[}{.\]}{.\]&gt;&gt;}{\:(}{\:&lt;}{\:&lt;&lt;}{\:&lt;&lt;&lt;}{;&lt;}{;&lt;&lt;}{;&gt;&gt;}{&lt;&lt;}{&lt;&lt;&lt;}{&gt;(}{&gt;).}{&gt;,}{&gt;,\[}{&gt;.}{&gt;&gt;}{&gt;&gt;(}{&gt;&gt;)}{&gt;&gt;),}{&gt;&gt;,}{&gt;&gt;.}{&gt;?}{&gt;?&gt;&gt;}{?(}{?&lt;&lt;}{?&gt;}{?&gt;&gt;}{?&gt;&gt;(}{?&gt;&gt;&gt;}{?&gt;&gt;&gt;&gt;&gt;}{?&gt;&gt;\]}{?\[}{\],&lt;&lt;}{\].}{\].&lt;&lt;}{\].&gt;&gt;}{\]&lt;&lt;}]</exemplarCharacters>
		<special xmlns:sil="urn://www.sil.org/ldml/0.1">
			<sil:exemplarCharacters type="footnotes">[]</sil:exemplarCharacters>
		</special>
	</characters>
	<delimiters>
		<special xmlns:sil="urn://www.sil.org/ldml/0.1">
			<sil:matched-pairs>
				<sil:matched-pair open="(" close=")" paraClose="false" />
				<sil:matched-pair open="[" close="]" paraClose="false" />
				<sil:matched-pair open="{" close="}" paraClose="false" />
			</sil:matched-pairs>
			<sil:punctuation-patterns>
				<sil:punctuation-pattern pattern="._" context="final" />
				<sil:punctuation-pattern pattern=",_" context="final" />
				<sil:punctuation-pattern pattern="_&lt;" context="init" />
				<sil:punctuation-pattern pattern="?_" context="final" />
				<sil:punctuation-pattern pattern="!_" context="final" />
				<sil:punctuation-pattern pattern=";_" context="final" />
				<sil:punctuation-pattern pattern="_(" context="init" />
				<sil:punctuation-pattern pattern=")_" context="final" />
				<sil:punctuation-pattern pattern="&gt;_" context="final" />
				<sil:punctuation-pattern pattern="-" context="medial" />
				<sil:punctuation-pattern pattern="_[" context="init" />
				<sil:punctuation-pattern pattern="]_" context="final" />
				<sil:punctuation-pattern pattern=":_" context="final" />
				<sil:punctuation-pattern pattern="_[_" context="isolate" />
				<sil:punctuation-pattern pattern="],_&lt;&lt;" context="medial" />
				<sil:punctuation-pattern pattern=",_[" context="medial" />
				<sil:punctuation-pattern pattern="].&gt;&gt;_" context="final" />
				<sil:punctuation-pattern pattern="!_[" context="medial" />
				<sil:punctuation-pattern pattern="&gt;._" context="final" />
				<sil:punctuation-pattern pattern="]._" context="final" />
				<sil:punctuation-pattern pattern=".&gt;&gt;_[" context="medial" />
				<sil:punctuation-pattern pattern="&gt;_(" context="medial" />
				<sil:punctuation-pattern pattern="&gt;)._" context="final" />
				<sil:punctuation-pattern pattern=".&gt;&gt;&gt;_(" context="medial" />
				<sil:punctuation-pattern pattern=":_(" context="medial" />
				<sil:punctuation-pattern pattern="!&gt;&gt;&gt;&gt;&gt;_" context="final" />
				<sil:punctuation-pattern pattern=".&gt;&gt;_&lt;&lt;" context="medial" />
				<sil:punctuation-pattern pattern=".)&gt;&gt;_" context="final" />
				<sil:punctuation-pattern pattern="?&gt;&gt;&gt;_" context="final" />
				<sil:punctuation-pattern pattern="!&gt;&gt;&gt;_" context="final" />
				<sil:punctuation-pattern pattern=".]_" context="final" />
				<sil:punctuation-pattern pattern="._&lt;" context="medial" />
				<sil:punctuation-pattern pattern="&gt;?&gt;&gt;_" context="final" />
				<sil:punctuation-pattern pattern=".]&gt;&gt;_" context="final" />
				<sil:punctuation-pattern pattern=".&gt;_[_" context="final" />
				<sil:punctuation-pattern pattern=":_&lt;&lt;&lt;" context="medial" />
				<sil:punctuation-pattern pattern="),_&lt;&lt;" context="medial" />
				<sil:punctuation-pattern pattern="?_[" context="medial" />
				<sil:punctuation-pattern pattern="]_&lt;&lt;" context="medial" />
				<sil:punctuation-pattern pattern="?_(" context="medial" />
				<sil:punctuation-pattern pattern="._[" context="medial" />
				<sil:punctuation-pattern pattern=";_&lt;" context="medial" />
				<sil:punctuation-pattern pattern="&gt;&gt;)_" context="final" />
				<sil:punctuation-pattern pattern=";&gt;&gt;_" context="final" />
				<sil:punctuation-pattern pattern="&gt;&gt;),_" context="final" />
				<sil:punctuation-pattern pattern="?&gt;_" context="final" />
				<sil:punctuation-pattern pattern="&gt;&gt;_" context="final" />
				<sil:punctuation-pattern pattern=".&gt;_(" context="medial" />
				<sil:punctuation-pattern pattern=".&gt;&gt;_[_" context="final" />
				<sil:punctuation-pattern pattern="&gt;&gt;._" context="final" />
				<sil:punctuation-pattern pattern="?&gt;&gt;_(" context="medial" />
				<sil:punctuation-pattern pattern=")._" context="final" />
				<sil:punctuation-pattern pattern=".&gt;&gt;]_" context="final" />
				<sil:punctuation-pattern pattern="&gt;&gt;,_" context="final" />
				<sil:punctuation-pattern pattern=".&gt;&gt;_" context="final" />
				<sil:punctuation-pattern pattern=",&gt;&gt;_" context="final" />
				<sil:punctuation-pattern pattern="_&lt;&lt;" context="init" />
				<sil:punctuation-pattern pattern="&gt;,_" context="final" />
				<sil:punctuation-pattern pattern=",&gt;_" context="final" />
				<sil:punctuation-pattern pattern=",_(" context="medial" />
				<sil:punctuation-pattern pattern="!&gt;&gt;_" context="final" />
				<sil:punctuation-pattern pattern=".&gt;&gt;_(" context="medial" />
				<sil:punctuation-pattern pattern="?_[_" context="final" />
				<sil:punctuation-pattern pattern=",_&lt;&lt;" context="medial" />
				<sil:punctuation-pattern pattern="]._&lt;&lt;" context="medial" />
				<sil:punctuation-pattern pattern=",]_" context="final" />
				<sil:punctuation-pattern pattern=".&gt;&gt;&gt;_" context="final" />
				<sil:punctuation-pattern pattern=":_&lt;&lt;" context="medial" />
				<sil:punctuation-pattern pattern="&gt;,_[" context="medial" />
				<sil:punctuation-pattern pattern=",&gt;&gt;_(" context="medial" />
				<sil:punctuation-pattern pattern=");_" context="final" />
				<sil:punctuation-pattern pattern=".&gt;&gt;)_" context="final" />
				<sil:punctuation-pattern pattern="?&gt;&gt;_" context="final" />
				<sil:punctuation-pattern pattern=";_&lt;&lt;" context="medial" />
				<sil:punctuation-pattern pattern=",_&lt;" context="medial" />
				<sil:punctuation-pattern pattern=",_&lt;&lt;&lt;" context="medial" />
				<sil:punctuation-pattern pattern="?&gt;&gt;&gt;&gt;&gt;_" context="final" />
				<sil:punctuation-pattern pattern="?&gt;&gt;]_" context="final" />
				<sil:punctuation-pattern pattern="!&gt;_" context="final" />
				<sil:punctuation-pattern pattern="!_&lt;&lt;" context="medial" />
				<sil:punctuation-pattern pattern=":_&lt;" context="medial" />
				<sil:punctuation-pattern pattern="!]&gt;&gt;_" context="final" />
				<sil:punctuation-pattern pattern="._&lt;&lt;" context="medial" />
				<sil:punctuation-pattern pattern="?_&lt;&lt;" context="medial" />
				<sil:punctuation-pattern pattern=".)_" context="final" />
				<sil:punctuation-pattern pattern="&gt;&gt;_(" context="medial" />
				<sil:punctuation-pattern pattern="._(" context="medial" />
				<sil:punctuation-pattern pattern=",_&lt;&lt;&lt;&lt;" context="medial" />
				<sil:punctuation-pattern pattern="_&lt;&lt;&lt;" context="init" />
				<sil:punctuation-pattern pattern="&gt;?_" context="final" />
				<sil:punctuation-pattern pattern="),_" context="final" />
				<sil:punctuation-pattern pattern=".&gt;_" context="final" />
				<sil:punctuation-pattern pattern="‌" context="medial" />
				<sil:punctuation-pattern pattern="‍" context="medial" />
				<sil:punctuation-pattern pattern=".&gt;&gt;&gt;&gt;&gt;_" context="final" />
				<sil:punctuation-pattern pattern=".&gt;)_" context="final" />
				<sil:punctuation-pattern pattern="):_" context="final" />
				<sil:punctuation-pattern pattern=").&gt;_" context="final" />
			</sil:punctuation-patterns>
			<sil:quotation-marks paraContinueType="all">
				<sil:quotationContinue>&lt;&lt;</sil:quotationContinue>
				<sil:alternateQuotationContinue>&lt;</sil:alternateQuotationContinue>
				<sil:quotation open="&lt;&lt;" close="&gt;&gt;" continue="&lt;&lt;" level="3" />
			</sil:quotation-marks>
		</special>
		<quotationStart>&lt;&lt;</quotationStart>
		<quotationEnd>&gt;&gt;</quotationEnd>
		<alternateQuotationStart>&lt;</alternateQuotationStart>
		<alternateQuotationEnd>&gt;</alternateQuotationEnd>
	</delimiters>
	<layout>
		<orientation>
			<characterOrder>left-to-right</characterOrder>
		</orientation>
	</layout>
	<collations>
		<defaultCollation>standard</defaultCollation>
		<collation type="standard">
			<special xmlns:sil="urn://www.sil.org/ldml/0.1" sil:needsCompiling="true">
				<sil:simple><![CDATA[a/A à/À á/Á
b/B
ɓ/Ɓ
c/C
d/D
ɗ/Ɗ
e/E è/È é/É
f/F
g/G
h/H
gh/Gh gh Gh
i/I ì/Ì í/Í
ɨ/Ɨ ɨ̀/Ɨ̀ ɨ́/Ɨ́ ɨ́/Ɨ́ ɨ̀/Ɨ̀ ɨ̀ Ɨ̀ ɨ́ Ɨ́
j/J
k/K
l/L
m/M
n/N
ng/Ng ng Ng
o/O ó/Ó ò/Ò
p/P
r/R
s/S
sh/Sh sh Sh
t/T
u/U ú/Ú ù/Ù
v/V
w/W
y/Y
ny/Ny ny Ny
z/Z]]></sil:simple>
			</special>
		</collation>
	</collations>
	<special xmlns:sil="urn://www.sil.org/ldml/0.1">
		<sil:external-resources>
			<sil:font name="Doulos SIL" />
		</sil:external-resources>
	</special>
</ldml>