﻿<?xml version="1.0" encoding="utf-8"?>
<CommentList>
  <Comment Thread="cea5c859" User="Bob Carter" VerseRef="PSA 102:1" Language="" Date="2013-06-25T14:10:32.0499097-04:00">
    <SelectedText>wa</SelectedText>
    <StartPosition>32</StartPosition>
    <ContextBefore> Yaawe, a kɨling aduwa fɨna </ContextBefore>
    <ContextAfter>, \q2 a kɨling maap fɨna</ContextAfter>
    <Status>todo</Status>
    <Type></Type>
    <ConflictType>unknownConflictType</ConflictType>
    <Verse>\v 1 Yaawe, a kɨling aduwa fɨna wa, \q2 a kɨling maap fɨna mpee tang ɓam wa. \q1 </Verse>
    <AssignedUser />
    <HideInTextWindow>false</HideInTextWindow>
    <Contents>﻿test for Bob again</Contents>
  </Comment>
</CommentList>