﻿<?xml version="1.0" encoding="utf-8"?>
<CommentList>
  <Comment Thread="d6c008cd" User="Daniel Gya" VerseRef="ISA 16:1" Language="sur" Date="2015-05-22T22:43:06.0511991+01:00">
    <SelectedText />
    <StartPosition>4</StartPosition>
    <ContextBefore>\v 1</ContextBefore>
    <ContextAfter> Nyem Mowab mo lop zughum</ContextAfter>
    <Status>todo</Status>
    <Type></Type>
    <ConflictType>unknownConflictType</ConflictType>
    <Verse>\v 1 Nyem Mowab mo lop zughum mu tum mo so ngu tɨleng mu yil ni, yaghal nyil nSela canɗel a naaryil so nyem fɨna mo a ɗeng Jwak nZayon. </Verse>
    <HideInTextWindow>false</HideInTextWindow>
    <Contents>You have section headings in other chapters but none here. The Handbook series suggests a heading like GNB's if you use one heading for the whole chapter.</Contents>
  </Comment>
  <Comment Thread="3b9d6823" User="Daniel Gya" VerseRef="ISA 16:1" Language="sur" Date="2015-05-22T23:01:14.4137229+01:00">
    <SelectedText>Mowab</SelectedText>
    <StartPosition>10</StartPosition>
    <ContextBefore>\v 1 Nyem </ContextBefore>
    <ContextAfter> mo lop zughum mu tum</ContextAfter>
    <Status>todo</Status>
    <Type></Type>
    <ConflictType>unknownConflictType</ConflictType>
    <Verse>\v 1 Nyem Mowab mo lop zughum mu tum mo so ngu tɨleng mu yil ni, yaghal nyil nSela canɗel a naaryil so nyem fɨna mo a ɗeng Jwak nZayon. </Verse>
    <HideInTextWindow>false</HideInTextWindow>
    <Contents>What is the connection between people of Moab and the verb "sent"? Are the people of Moab commanded to send gifts. If so, do you need a comma to indicate that "people of Moab" in this case is vocative?</Contents>
  </Comment>
  <Comment Thread="45b83471" User="Daniel Gya" VerseRef="ISA 1:4" Language="sur" Date="2015-05-27T11:40:12.8389265+01:00">
    <SelectedText>yil</SelectedText>
    <StartPosition>26</StartPosition>
    <ContextBefore> Wii yii ɗee jee! Wii </ContextBefore>
    <ContextAfter> shikbish, nyem ɗi mbii ɗinkan</ContextAfter>
    <Status>todo</Status>
    <Type></Type>
    <ConflictType>unknownConflictType</ConflictType>
    <Verse>\v 4 Wii yii ɗee jee! Wii yil shikbish, nyem ɗi mbii ɗinkan toghon mmo deghes mo, jep ɗi moo ɗee a mu cìn mbii ɗi ntɨkan ntɨkan. Mo kɨ̀ yit Yaawe ɗi, kɨ mo kɨ̀ ɓák Yaawe mu Isreil ɗi wuri a Ɗiiɓang, kɨ mo kɨ̀ cɨghɨr kɨ ɓwoon nwuri. </Verse>
    <HideInTextWindow>false</HideInTextWindow>
    <Contents>land should refer to "people" the Hebrew גּ֣וֹי "nations" means "the people".</Contents>
  </Comment>
  <Comment Thread="f26d4c49" User="Daniel Gya" VerseRef="ISA 1:5" Language="sur" Date="2015-05-27T12:04:27.2929628+01:00">
    <SelectedText>muutleet</SelectedText>
    <StartPosition>132</StartPosition>
    <ContextBefore> láa caghat, kɨ putughup nii </ContextBefore>
    <ContextAfter>. </ContextAfter>
    <Status>todo</Status>
    <Type></Type>
    <ConflictType>unknownConflictType</ConflictType>
    <Verse>\v 5 Wuu rɨɓet ku mo waa nɨram wun ɗikɨ a mmeye? A me le ɗang wuu sat a ncìn tawai ɗak ye? Káa fuu ni a láa caghat, kɨ putughup nii muutleet. </Verse>
    <HideInTextWindow>false</HideInTextWindow>
    <Contents>You said that muutleet "weak" comes from the idea of death, i.e., the heart being weak to be able to think aright.</Contents>
  </Comment>
  <Comment Thread="5a2d841d" User="Daniel Gya" VerseRef="ISA 1:7" Language="sur" Date="2015-05-27T12:19:13.5762037+01:00">
    <SelectedText>ɗiip [ɗiɓen a]</SelectedText>
    <StartPosition>67</StartPosition>
    <ContextBefore> mo shi wus. Pɨkor mo </ContextBefore>
    <ContextAfter> maar fuu mo kyes a</ContextAfter>
    <Status>todo</Status>
    <Type></Type>
    <ConflictType>unknownConflictType</ConflictType>
    <Verse>\v 7 Yil fuu nii ɗee nfii, moo caan bɨrni fuu mo shi wus. Pɨkor mo ɗiip [ɗiɓen a] maar fuu mo kyes a yit fuu kɨnding nding. Yil nii ɗee a kɨ̀ròm kɨnding kaa yil ɗi mɨzep mo jì tɨkook kɨ ni si. </Verse>
    <HideInTextWindow>false</HideInTextWindow>
    <Contents>This should be removed since it narrows the contents of the farm to cereals. The Hebrew אַדְמַתְכֶ֗ם "your ground" refers to the land being devoured אֹכְלִ֣ים by strangers.</Contents>
  </Comment>
  <Comment Thread="6c071627" User="Daniel Gya" VerseRef="ISA 1:10" Language="sur" Date="2015-05-27T15:54:33.0044238+01:00">
    <SelectedText>Wun nyem Sodom mo wu kɨling po ɗi Yaawe wuri sat</SelectedText>
    <StartPosition>6</StartPosition>
    <ContextBefore>\v 10 </ContextBefore>
    <ContextAfter>; Wun nyem Gomora mo wu</ContextAfter>
    <Status>todo</Status>
    <Type></Type>
    <ConflictType>unknownConflictType</ConflictType>
    <Verse>\v 10 Wun nyem Sodom mo wu kɨling po ɗi Yaawe wuri sat; Wun nyem Gomora mo wu kɨling wàar kɨ̀ Naan funu! </Verse>
    <HideInTextWindow>false</HideInTextWindow>
    <Contents>"You leaders of Sodom listen to what Yahweh is saying; You people of Gomorah hear the law of God." Since at this time Sodom and Gomorrah were not in existence, it will not be clear to people that this figuratively refers to the rulers and people of Judah. </Contents>
  </Comment>
  <Comment Thread="6c071627" User="Daniel Gya" VerseRef="ISA 1:10" Language="sur" Date="2015-05-27T16:12:16.0072241+01:00">
    <SelectedText>Wun nyem Sodom mo wu kɨling po ɗi Yaawe wuri sat</SelectedText>
    <StartPosition>6</StartPosition>
    <ContextBefore>\v 10 </ContextBefore>
    <ContextAfter>; Wun nyem Gomora mo wu</ContextAfter>
    <Status></Status>
    <Type></Type>
    <ConflictType>unknownConflictType</ConflictType>
    <Verse />
    <HideInTextWindow>false</HideInTextWindow>
    <Contents>You revised to: You people of Judah and your leaders, you have become like people of Sodom and Gomorrah. You should hear the word that Yahweh says, the law of our God.</Contents>
  </Comment>
  <Comment Thread="2505b0fa" User="Daniel Gya" VerseRef="ISA 1:11" Language="sur" Date="2015-05-27T16:26:25.4028067+01:00">
    <SelectedText>ba wan kɨn rɨɓet mo kas</SelectedText>
    <StartPosition>189</StartPosition>
    <ContextBefore> wu kyeer mo mwaghal-mwaghal mo, </ContextBefore>
    <ContextAfter>. Ba wan kɨn kɨling shang</ContextAfter>
    <Status>todo</Status>
    <Type></Type>
    <ConflictType>unknownConflictType</ConflictType>
    <Verse>\v 11 Yaawe wuri sat nnee, &lt;&lt;Nɨghɨn ding mbiizughum fuu ni mo aa koghop ɗiiɗang pu wan ɗi ye? Ngaam mo ɗi wuu wùs mbiizughum nwan ɗishik kɨ muur kɨ̀ long ɗi wu kyeer mo mwaghal-mwaghal mo, ba wan kɨn rɨɓet mo kas. Ba wan kɨn kɨling shang kɨ̀ mee tòghòm kɨ̀ randong mo, kɨ tum fuu mo kɨ ghɨɨ mo kas. </Verse>
    <HideInTextWindow>false</HideInTextWindow>
    <Contents>I do not want them. The Hebrew שָׂבַ֛עְתִּי "I am satiated" means "I have had enough of" as the Hausa would say, "ya ishe ni". You revised this to Mo kɨ mak wan "They are enough for me."</Contents>
  </Comment>
  <Comment Thread="6fa8eac8" User="Daniel Gya" VerseRef="ISA 1:14" Language="sur" Date="2015-05-29T12:54:37.2450862+01:00">
    <SelectedText>Mo kɨ̀ ɗee nwan a lee toghon mo ɗi ɗyel nii fes maa wan.</SelectedText>
    <StartPosition>90</StartPosition>
    <ContextBefore> ɗi wuu cìn shiɓit-shiɓit mo. </ContextBefore>
    <ContextAfter />
    <Status>todo</Status>
    <Type></Type>
    <ConflictType>unknownConflictType</ConflictType>
    <Verse>\v 14 Wan kɨ̀ kwar serɨɓet fuu mu naa tar Ɗiipoo mo, kɨ kùur ɗi wuu cìn shiɓit-shiɓit mo. Mo kɨ̀ ɗee nwan a lee toghon mo ɗi ɗyel nii fes maa wan. </Verse>
    <HideInTextWindow>false</HideInTextWindow>
    <Contents>
      <p>\Ren  Your BT says: "They have become to me loads that heavy them that bearing it is too much boring to me."\Dis  Don't you think that by saying "load too heavy to bear" would make it look like a physical thing that God has to hold?You said that this idiomatically means to be emotionally burdened.</p>
      <p>\Rev  You changed to: They have become to me a burden that holding has bored me.</p>
    </Contents>
  </Comment>
  <Comment Thread="bb025df3" User="Daniel Gya" VerseRef="ISA 1:18" Language="sur" Date="2015-05-29T16:10:10.7059413+01:00">
    <SelectedText>ɓe mon nyaghal pyaa a kaa ndɨpung mu ɗaghar si.</SelectedText>
    <StartPosition>115</StartPosition>
    <ContextBefore> naat caf a nnaarang ye, </ContextBefore>
    <ContextAfter> Koo ɗi mo naat caf</ContextAfter>
    <Status>todo</Status>
    <Type></Type>
    <ConflictType>unknownConflictType</ConflictType>
    <Verse>\v 18 Yaawe wuri sat nnee, &lt;&lt;Wu jì mmun mu ɓeet ashak mu naa ɗe. Koo ɗi shikbish fuu ni mo naat caf a nnaarang ye, ɓe mon nyaghal pyaa a kaa ndɨpung mu ɗaghar si. Koo ɗi mo naat caf har mo kaghal ɓe mon mpyaa a kaa shuu si. </Verse>
    <HideInTextWindow>false</HideInTextWindow>
    <Contents>
      <p>\Ren  then they will become white  like  the moists of snow.</p>
      <p>\Dis You said that ndɨpung means "drizzles". If drizzles or fall of tiny particles of hail does not shift focus from the whiteness that is being illustrated here. You may consider removing ndɨpung, so that focus can be on white hail covering the ground. You may have an idea to qualify the whiteness.</p>
    </Contents>
  </Comment>
  <Comment Thread="fc4e6a7d" User="Daniel Gya" VerseRef="ISA 1:22" Language="sur" Date="2015-06-01T12:17:55.6995471+01:00">
    <SelectedText>Azurfa fii nii laa njileng kyes.</SelectedText>
    <StartPosition>6</StartPosition>
    <ContextBefore>\v 22 </ContextBefore>
    <ContextAfter> Am anab (filip) fii ɗiiret</ContextAfter>
    <Status>todo</Status>
    <Type></Type>
    <ConflictType>unknownConflictType</ConflictType>
    <Verse>\v 22 Azurfa fii nii laa njileng kyes. Am anab (filip) fii ɗiiret met jir moo ryeep kɨ am [ɗong]. </Verse>
    <HideInTextWindow>false</HideInTextWindow>
    <Contents>
      <p>\Ren Silver yours it has rosted  finish.</p>
      <p>\NIV Your silver has become dross</p>
      <p>\Dis "Your" (feminine) refers to Jerusalem. Silver is a comparison people of Jerusalem (Judah), probably the leaders, hence GNT says, "Jerusalem, you were once like silver". "Dross" means the impurites floating on the top of melted metal". So instead of a refined silver, Jerusalem has become impurities screened from Silver.</p>
      <p>\Rev You revised to "Your silver has turned to the waste removed silver."</p>
    </Contents>
  </Comment>
  <Comment Thread="31ce9a5c" User="Daniel Gya" VerseRef="ISA 1:24" Language="sur" Date="2015-06-01T15:22:07.3220343+01:00">
    <SelectedText>shiɓal</SelectedText>
    <StartPosition>93</StartPosition>
    <ContextBefore> nyem Isreil mo wuri sat </ContextBefore>
    <ContextAfter> nnee: &lt;&lt;Wan mmaaplaa nkaa wun</ContextAfter>
    <Status>todo</Status>
    <Type></Type>
    <ConflictType>unknownConflictType</ConflictType>
    <Verse>\v 24 Mpeemɨni ɓe Daa ɗi wuri a Yaawe Ɗiiɓalmet jir, Yaawe Ɗiihai mu nyem Isreil mo wuri sat shiɓal nnee: &lt;&lt;Wan mmaaplaa nkaa wun shaarlek fɨna mo, ba wun mbaa wu daampee ɗi nwan kas. </Verse>
    <HideInTextWindow>false</HideInTextWindow>
    <Contents>
      <p>Perhaps you don't need to add this word meaning "strongly".</p>
      <p>You removed it.</p>
    </Contents>
  </Comment>
  <Comment Thread="51a3a676" User="Daniel Gya" VerseRef="ISA 1:24" Language="sur" Date="2015-06-01T15:24:20.0922202+01:00">
    <SelectedText>Daa</SelectedText>
    <StartPosition>18</StartPosition>
    <ContextBefore>\v 24 Mpeemɨni ɓe </ContextBefore>
    <ContextAfter> ɗi wuri a Yaawe Ɗiiɓalmet</ContextAfter>
    <Status>todo</Status>
    <Type></Type>
    <ConflictType>unknownConflictType</ConflictType>
    <Verse>\v 24 Mpeemɨni ɓe Daa ɗi wuri a Yaawe Ɗiiɓalmet jir, Yaawe Ɗiihai mu nyem Isreil mo wuri sat shiɓal nnee: &lt;&lt;Wan mmaaplaa nkaa wun shaarlek fɨna mo, ba wun mbaa wu daampee ɗi nwan kas. </Verse>
    <HideInTextWindow>false</HideInTextWindow>
    <Contents>Daa is back translated as Yahweh, but you said it means Lord. </Contents>
  </Comment>
  <Comment Thread="648e8329" User="Daniel Gya" VerseRef="ISA 1:24" Language="sur" Date="2015-06-01T15:26:41.4424181+01:00">
    <SelectedText>Yaawe</SelectedText>
    <StartPosition>53</StartPosition>
    <ContextBefore> wuri a Yaawe Ɗiiɓalmet jir, </ContextBefore>
    <ContextAfter> Ɗiihai mu nyem Isreil mo</ContextAfter>
    <Status>todo</Status>
    <Type></Type>
    <ConflictType>unknownConflictType</ConflictType>
    <Verse>\v 24 Mpeemɨni ɓe Daa ɗi wuri a Yaawe Ɗiiɓalmet jir, Yaawe Ɗiihai mu nyem Isreil mo wuri sat shiɓal nnee: &lt;&lt;Wan mmaaplaa nkaa wun shaarlek fɨna mo, ba wun mbaa wu daampee ɗi nwan kas. </Verse>
    <HideInTextWindow>false</HideInTextWindow>
    <Contents>
      <p>Yahweh here translates אֲבִ֖יר "Mighty One".</p>
      <p>You revised this to Daa lit. "father" meaning "Lord"</p>
    </Contents>
  </Comment>
  <Comment Thread="607cda48" User="Daniel Gya" VerseRef="ISA 1:24" Language="sur" Date="2015-06-01T15:30:28.2737357+01:00">
    <SelectedText>Ɗiiɓalmet</SelectedText>
    <StartPosition>38</StartPosition>
    <ContextBefore> Daa ɗi wuri a Yaawe </ContextBefore>
    <ContextAfter> jir, Yaawe Ɗiihai mu nyem</ContextAfter>
    <Status>todo</Status>
    <Type></Type>
    <ConflictType>unknownConflictType</ConflictType>
    <Verse>\v 24 Mpeemɨni ɓe Daa ɗi wuri a Yaawe Ɗiiɓalmet jir, Yaawe Ɗiihai mu nyem Isreil mo wuri sat shiɓal nnee: &lt;&lt;Wan mmaaplaa nkaa wun shaarlek fɨna mo, ba wun mbaa wu daampee ɗi nwan kas. </Verse>
    <HideInTextWindow>false</HideInTextWindow>
    <Contents>this means "That is strongest"</Contents>
  </Comment>
  <Comment Thread="d1f6d9c8" User="Daniel Gya" VerseRef="ISA 1:24" Language="sur" Date="2015-06-01T15:31:13.5937992+01:00">
    <SelectedText>Ɗiihai</SelectedText>
    <StartPosition>59</StartPosition>
    <ContextBefore> a Yaawe Ɗiiɓalmet jir, Yaawe </ContextBefore>
    <ContextAfter> mu nyem Isreil mo wuri</ContextAfter>
    <Status>todo</Status>
    <Type></Type>
    <ConflictType>unknownConflictType</ConflictType>
    <Verse>\v 24 Mpeemɨni ɓe Daa ɗi wuri a Yaawe Ɗiiɓalmet jir, Yaawe Ɗiihai mu nyem Isreil mo wuri sat shiɓal nnee: &lt;&lt;Wan mmaaplaa nkaa wun shaarlek fɨna mo, ba wun mbaa wu daampee ɗi nwan kas. </Verse>
    <HideInTextWindow>false</HideInTextWindow>
    <Contents>
      <p>This means "the Highest/biggest". You had translated the Mighty One elsewhere as Nan Diihai "God the biggest". </p>
      <p>You revised it thus here.</p>
    </Contents>
  </Comment>
  <Comment Thread="57431a4b" User="Daniel Gya" VerseRef="ISA 1:27" Language="sur" Date="2015-06-01T15:49:40.1223532+01:00">
    <SelectedText>Shi</SelectedText>
    <StartPosition>6</StartPosition>
    <ContextBefore>\v 27 </ContextBefore>
    <ContextAfter> cìn mbii ɗindɨre ɓe Jerusalem</ContextAfter>
    <Status>todo</Status>
    <Type></Type>
    <ConflictType>unknownConflictType</ConflictType>
    <Verse>\v 27 Shi cìn mbii ɗindɨre ɓe Jerusalem mbaa ɗee ɗi a mu kaa fɨra. Shi cìn mbii ɗiiret ɓe mon mbaa ang nyem fɨra mo ɗi mo baaji pu Yaawe ɗi. </Verse>
    <HideInTextWindow>false</HideInTextWindow>
    <Contents>A good place for a paragraph.</Contents>
  </Comment>
  <Comment Thread="3aa66fde" User="Daniel Gya" VerseRef="ISA 1:21" Language="sur" Date="2015-06-01T15:50:14.7634017+01:00">
    <SelectedText>Wu</SelectedText>
    <StartPosition>6</StartPosition>
    <ContextBefore>\v 21 </ContextBefore>
    <ContextAfter> naa aa, bɨrni ɗi ji</ContextAfter>
    <Status>todo</Status>
    <Type></Type>
    <ConflictType>unknownConflictType</ConflictType>
    <Verse>\v 21 Wu naa aa, bɨrni ɗi ji wura gam kɨ zeen wuraa ɗee a [kaa] mat ngaa [si] yaksi. Gyet wura gam kɨ cìn zeen, kɨ cìn mbii ɗindɨre moo tong a ɗi. Amma yaksi ɓe a nyem tukaa moo tong ɗi. </Verse>
    <HideInTextWindow>false</HideInTextWindow>
    <Contents>A good place for a paragraph.</Contents>
  </Comment>
  <Comment Thread="256cd947" User="Daniel Gya" VerseRef="ISA 1:29" Language="sur" Date="2015-06-01T16:35:16.8111848+01:00">
    <SelectedText />
    <StartPosition>6</StartPosition>
    <ContextBefore>\v 29 </ContextBefore>
    <ContextAfter>&lt;&lt;Naashwoop nyak wun mpee ting ok</ContextAfter>
    <Status>todo</Status>
    <Type></Type>
    <ConflictType>unknownConflictType</ConflictType>
    <Verse>\v 29 &lt;&lt;Naashwoop nyak wun mpee ting ok ɗi ji wuu seyil mmo mo; Wun nɗee a mbii shwar mpee bòng kùm ɗi ɗi ji wuu tap wu le mo. </Verse>
    <HideInTextWindow>false</HideInTextWindow>
    <Contents>A good place for a paragraph.</Contents>
  </Comment>
  <Comment Thread="a3ec8b31" User="Daniel Gya" VerseRef="ISA 5:1" Language="sur" Date="2015-06-01T21:34:32.1231742+01:00">
    <SelectedText>wuri ɗi kɨ mee maar ɗiiret a ɗeng gɨɨt.</SelectedText>
    <StartPosition>77</StartPosition>
    <ContextBefore> ɗi wan kɨn wal nwuri, </ContextBefore>
    <ContextAfter> \p </ContextAfter>
    <Status>todo</Status>
    <Type></Type>
    <ConflictType>unknownConflictType</ConflictType>
    <Verse>\v 1 Wan ncìn kook nwuri ɗi wan kɨn wal nwuri: \p Wuri ɗi wan kɨn wal nwuri, wuri ɗi kɨ mee maar ɗiiret a ɗeng gɨɨt. \p </Verse>
    <HideInTextWindow>false</HideInTextWindow>
    <Contents>Does good here mean fertile?</Contents>
  </Comment>
  <Comment Thread="d63d1f0c" User="Daniel Gya" VerseRef="ISA 5:2" Language="sur" Date="2015-06-01T21:37:09.0433939+01:00">
    <SelectedText>Wuri ɓwan ni</SelectedText>
    <StartPosition>5</StartPosition>
    <ContextBefore>\v 2 </ContextBefore>
    <ContextAfter>, kɨ wuri kyak nghɨk mo</ContextAfter>
    <Status>todo</Status>
    <Type></Type>
    <ConflictType>unknownConflictType</ConflictType>
    <Verse>\v 2 Wuri ɓwan ni, kɨ wuri kyak nghɨk mo aku ɗi mmaar ni. Ɗang wuri tap kop cirem anab (filip) ɗiiret met jir ɗiɓut. \p Wuri ɗik lu tappee ɗiiwurang ɗiɓut, kɨ wuri ɓwan zunglughut mu ɗwat laa anab (filip) ɗiɓut zak. \p Ɓe wuri kumpee mpeeku wuri ɗiip laa anab (filip) ɗiiret ɗi, ɗangɓe ni laa a laa ɗiiɗwang ɓejee. </Verse>
    <HideInTextWindow>false</HideInTextWindow>
    <Contents>Is it clear what he dug it? I think עזק "to dig" is like the Hausa "shirbe".</Contents>
  </Comment>
  <Comment Thread="752100fd" User="Daniel Gya" VerseRef="ISA 5:2" Language="sur" Date="2015-06-01T21:46:11.8291759+01:00">
    <SelectedText>wuri tap kop cirem anab</SelectedText>
    <StartPosition>63</StartPosition>
    <ContextBefore> aku ɗi mmaar ni. Ɗang </ContextBefore>
    <ContextAfter> (filip) ɗiiret met jir ɗiɓut.</ContextAfter>
    <Status>todo</Status>
    <Type></Type>
    <ConflictType>unknownConflictType</ConflictType>
    <Verse>\v 2 Wuri ɓwan ni, kɨ wuri kyak nghɨk mo aku ɗi mmaar ni. Ɗang wuri tap kop cirem anab (filip) ɗiiret met jir ɗiɓut. \p Wuri ɗik lu tappee ɗiiwurang ɗiɓut, kɨ wuri ɓwan zunglughut mu ɗwat laa anab (filip) ɗiɓut zak. \p Ɓe wuri kumpee mpeeku wuri ɗiip laa anab (filip) ɗiiret ɗi, ɗangɓe ni laa a laa ɗiiɗwang ɓejee. </Verse>
    <HideInTextWindow>false</HideInTextWindow>
    <Contents>Vine is probably not cultivated by seeds, but by cuts. You may need to use the appropriate terminology for such planting.</Contents>
  </Comment>
  <Comment Thread="10c34ed9" User="Daniel Gya" VerseRef="ISA 5:3" Language="sur" Date="2015-06-01T22:03:54.6646696+01:00">
    <SelectedText />
    <StartPosition>5</StartPosition>
    <ContextBefore>\v 3 </ContextBefore>
    <ContextAfter>&lt;&lt;Wun nyem ɗi wuu tong nyil</ContextAfter>
    <Status>todo</Status>
    <Type></Type>
    <ConflictType>unknownConflictType</ConflictType>
    <Verse>\v 3 &lt;&lt;Wun nyem ɗi wuu tong nyil nJerusalem kɨ nyem yil nJuda mo, wu ɓeet po nwan nnaar fɨna kɨ bòng anab (filip) fɨna. </Verse>
    <HideInTextWindow>false</HideInTextWindow>
    <Contents>You rightly start this verse with quotation. You may as well specify that the speaker is different. HBK says "The prophet is no longer talking about his friend Yahweh, the owner of the vineyard, but Yahweh himself is now speaking." So GNT begins the verse by saying, "So now my friend says, ..."</Contents>
  </Comment>
  <Comment Thread="a3ec8b31" User="Daniel Gya" VerseRef="ISA 5:1" Language="sur" Date="2015-06-02T12:31:35.4163337+01:00">
    <SelectedText>wuri ɗi kɨ mee maar ɗiiret a ɗeng gɨɨt.</SelectedText>
    <StartPosition>77</StartPosition>
    <ContextBefore> ɗi wan kɨn wal nwuri, </ContextBefore>
    <ContextAfter> \p </ContextAfter>
    <Status></Status>
    <Type></Type>
    <ConflictType>unknownConflictType</ConflictType>
    <Verse />
    <HideInTextWindow>false</HideInTextWindow>
    <Contents>You said that "good" here means fertile since it is refered to a farm.</Contents>
  </Comment>
  <Comment Thread="9a4c096f" User="Daniel Gya" VerseRef="ISA 40:2" Language="sur" Date="2015-06-04T12:21:54.8974084+01:00">
    <SelectedText>kɨ nne moo kwat kwát kɨ̀ shikbish fɨra ni kyes jee</SelectedText>
    <StartPosition>96</StartPosition>
    <ContextBefore> jeel ni nii kyes jee, </ContextBefore>
    <ContextAfter>, kɨ nne wuraa lap kwát</ContextAfter>
    <Status>todo</Status>
    <Type></Type>
    <ConflictType>unknownConflictType</ConflictType>
    <Verse>\v 2 Wu katpo nJerusalem wura shangshang, kɨ wu sat nwura nne ɗak fɨra mu jeel ni nii kyes jee, kɨ nne moo kwat kwát kɨ̀ shikbish fɨra ni kyes jee, kɨ nne wuraa lap kwát kɨ̀ shikbish fɨra ni jir yit vul nsar kɨ̀ Yaawe.&gt;&gt; \p </Verse>
    <HideInTextWindow>false</HideInTextWindow>
    <Contents>
      <p>Does "paying reward of sin" mean to forgive or pardon?</p>
      <p>You said that the paying reward of sin means that the punishment they have undergone has been paid for through their suffering.</p>
    </Contents>
  </Comment>
  <Comment Thread="f19f665d" User="Daniel Gya" VerseRef="ISA 40:6" Language="sur" Date="2015-06-05T12:13:37.3609669+01:00">
    <SelectedText>ba moo tong met mpel mo ɗi mo a yil kas.</SelectedText>
    <StartPosition>152</StartPosition>
    <ContextBefore> mo a kaa shit si, </ContextBefore>
    <ContextAfter />
    <Status>todo</Status>
    <Type></Type>
    <ConflictType>unknownConflictType</ConflictType>
    <Verse>\v 6 Mee ɗoo nkaa katpo ɓalɓal nnee, &lt;&lt;A sat lop!&gt;&gt; Ɓe wan tal nnee, &lt;&lt;Wan nsat a lop ɗiiɗang ye?&gt;&gt; \p A sat nnee, &lt;&lt;Jep gurum mo jir mo a kaa shit si, ba moo tong met mpel mo ɗi mo a yil kas. </Verse>
    <HideInTextWindow>false</HideInTextWindow>
    <Contents>Oral BT "They do not live longer than flowers of the bush." Please test to be sure that this is understood as a comparison.</Contents>
  </Comment>
  <Comment Thread="d40c5f01" User="Daniel Gya" VerseRef="ISA 40:12" Language="sur" Date="2015-06-05T16:08:54.7986524+01:00">
    <SelectedText>toghon kɨ̀ nleeguuk kam toghon mo ye</SelectedText>
    <StartPosition>244</StartPosition>
    <ContextBefore> gɨɨt mo mbut nɗaa kam </ContextBefore>
    <ContextAfter>? </ContextAfter>
    <Status>todo</Status>
    <Type></Type>
    <ConflictType>unknownConflictType</ConflictType>
    <Verse>\v 12 A we mak kam ɗes kɨ̀ am ɗi mbahar mo mbut mbɨlaap sar ye? Koo a we mak kam kàam kɨ̀ ɗengnaan shi kàam kɨ̀ sar ye? A we kɨ̀ kyam ghɨr ɓuk ɗi nyil ni kɨnding mbut nkacik ye? Koo a we kɨ̀ kyam kam toghon kɨ̀ jwak mo kɨ gɨɨt mo mbut nɗaa kam toghon kɨ̀ nleeguuk kam toghon mo ye? </Verse>
    <HideInTextWindow>false</HideInTextWindow>
    <Contents>\ren plate measure heavy of clothe ? measure heavy them is?\Dis This long phrase is a description for "a scale". You may rather say "a thing for measuring weight".</Contents>
  </Comment>
  <Comment Thread="9a1e5b89" User="Daniel Gya" VerseRef="ISA 40:11" Language="sur" Date="2015-06-05T16:15:04.8841730+01:00">
    <SelectedText />
    <StartPosition>182</StartPosition>
    <ContextBefore> kɨ jep furu mo rɨret. </ContextBefore>
    <ContextAfter>\p </ContextAfter>
    <Status>todo</Status>
    <Type></Type>
    <ConflictType>unknownConflictType</ConflictType>
    <Verse>\v 11 Wurin ntap nyem fɨri mo kaa ngu kyeer long mo si. Wurin nghɨr mo a baal fɨri kaa jep tum mo si, wurin nghɨr mo mputughup fɨri. Wurin ntap kyeer tum ni mo kɨ jep furu mo rɨret. \p </Verse>
    <HideInTextWindow>false</HideInTextWindow>
    <Contents>
      <p>This is a good place for a section heading. The heading at the beginning of the chapter is about comfort. At this point the text is talking God and his incomparability.</p>
      <p>\Rev You inserted a footnote: God is more than you can compare with someone</p>
    </Contents>
  </Comment>
  <Comment Thread="8ac4e3f" User="Daniel Gya" VerseRef="ISA 40:15" Language="sur" Date="2015-06-05T16:19:27.6445409+01:00">
    <SelectedText>Azeen</SelectedText>
    <StartPosition>6</StartPosition>
    <ContextBefore>\v 15 </ContextBefore>
    <ContextAfter>-nzeen Yaawe wurii naa yil mo</ContextAfter>
    <Status>todo</Status>
    <Type></Type>
    <ConflictType>unknownConflictType</ConflictType>
    <Verse>\v 15 Azeen-nzeen Yaawe wurii naa yil mo a kaa rep am ɗi ni ɗyong mbut nkɨrak ɗaa si ɓejee. Wurii naa mo a kaa rep ɨrong mbut nɗaa kam toghon si. Wurii kam toghon kɨ̀ sandur mo a kaa rep leen kɨ̀ ɨrong si ɓejee. </Verse>
    <HideInTextWindow>false</HideInTextWindow>
    <Contents>This is a good place for a paragraph.</Contents>
  </Comment>
  <Comment Thread="5c219e65" User="Daniel Gya" VerseRef="ISA 40:15" Language="sur" Date="2015-06-05T16:39:23.3732192+01:00">
    <SelectedText>Yaawe wurii naa yil mo a kaa rep am ɗi ni ɗyong mbut nkɨrak ɗaa si ɓejee.</SelectedText>
    <StartPosition>18</StartPosition>
    <ContextBefore>\v 15 Azeen-nzeen </ContextBefore>
    <ContextAfter> Wurii naa mo a kaa</ContextAfter>
    <Status>todo</Status>
    <Type></Type>
    <ConflictType>unknownConflictType</ConflictType>
    <Verse>\v 15 Azeen-nzeen Yaawe wurii naa yil mo a kaa rep am ɗi ni ɗyong mbut nkɨrak ɗaa si ɓejee. Wurii naa mo a kaa rep ɨrong mbut nɗaa kam toghon si. Wurii kam toghon kɨ̀ sandur mo a kaa rep leen kɨ̀ ɨrong si ɓejee. </Verse>
    <HideInTextWindow>false</HideInTextWindow>
    <Contents>You said that you need to work more on this because it can be misleading. Is it: Yahweh sees the nations like a drop of water in a bowl, or Yahweh sees the nations like a drop of water from a bowl?</Contents>
  </Comment>
</CommentList>