﻿<?xml version="1.0" encoding="utf-8"?>
<CommentList>
  <Comment Thread="aff20b34" User="Biblical User" VerseRef="PSA 102:1" Language="" Date="2013-06-25T13:35:29.7469486-04:00">
    <SelectedText>Yaawe</SelectedText>
    <StartPosition>5</StartPosition>
    <ContextBefore>\v 1 </ContextBefore>
    <ContextAfter>, a kɨling aduwa fɨna wa,</ContextAfter>
    <Status></Status>
    <Type></Type>
    <ConflictType>unknownConflictType</ConflictType>
    <Verse>\v 1 Yaawe, a kɨling aduwa fɨna wa, \q2 a kɨling maap fɨna mpee tang ɓam wa. \q1 </Verse>
    <AssignedUser />
    <HideInTextWindow>false</HideInTextWindow>
    <Contents>﻿Test of Xfer to Bob</Contents>
  </Comment>
</CommentList>