﻿<?xml version="1.0" encoding="utf-8"?>
<NoteLanguages>
  <NoteLanguage Key="he">
    <LanguageName>HEBREW</LanguageName>
    <LanguageId>he</LanguageId>
    <FontName>SBL Hebrew</FontName>
    <FontSize>16</FontSize>
    <FontFeatures />
    <HtmlLanguage />
    <RightToLeft>true</RightToLeft>
  </NoteLanguage>
  <NoteLanguage Key="en">
    <LanguageName>eng (eng)</LanguageName>
    <LanguageId>en</LanguageId>
    <FontName>Charis SIL</FontName>
    <FontSize>14</FontSize>
    <FontFeatures />
    <HtmlLanguage />
    <RightToLeft>false</RightToLeft>
  </NoteLanguage>
</NoteLanguages>