﻿<?xml version="1.0" encoding="utf-8"?>
<CommentList>
  <Comment Thread="1c40dd13" User="Heidi Rosendall" VerseRef="MAT 1:0" Language="sur" Date="2015-04-20T15:02:10.0718822-05:00">
    <SelectedText>Mwaghavul</SelectedText>
    <StartPosition>10</StartPosition>
    <ContextBefore>\id MAT - </ContextBefore>
    <ContextAfter>\h Matiyu \mt2 Po ɗiiret nsar</ContextAfter>
    <Status>deleted</Status>
    <Type></Type>
    <ConflictType>unknownConflictType</ConflictType>
    <Verse>\id MAT - Mwaghavul \h Matiyu \mt2 Po ɗiiret nsar kɨ̀ \mt1 Matiyu \c 1 \ms Puun kɨ̀ puun mu Daa Jesu Kristi mo \mr (Luk 3:23-38) \p </Verse>
    <AssignedUser>Heidi Rosendall</AssignedUser>
    <HideInTextWindow>false</HideInTextWindow>
    <Contents>
      <p>Jacob P. Bess	7037998503	mwaghavul_project@kastanet.org
Mwaghavul	SUR</p>
    </Contents>
  </Comment>
</CommentList>