﻿<?xml version="1.0" encoding="utf-8"?>
<PassageStatus>
  <Status passageKey="1SA 13:14;1SA 13:14;ACT 13:22" status="F">
    <Content>Amma ba ni aasi yaksi kas, mpeeɗi Yaawe wurii kat mee gurum ɗi ɗi wurii rɨɓet hakyeng. Yaawe wurii ten ɓwaghat gwar mɨni ku wuri ɗee ɗi a mishkagham nkaa nyem fɨri mo, mpeeɗi ba wagha a tap kɨ wàar fɨri mo kas.&gt;&gt;</Content>
    <History />
  </Status>
  <Status passageKey="ACT 13:22;1SA 13:14;ACT 13:22" status="F">
    <Content>Aɓwoon ɗi Naan shang Sool mɓut nɗak mishkagham ni. Ɓe wuri bɨlip Devid ku wuri ɗee a mishkagham furu. Naan wuri cìn langting nkaa Devid nee, &lt;Wan kat Devid làa kɨ̀ Jesse, wuri a ngo ɗi wan rɨɓet hakyeng. Wurin ncin mbii ɗi wan sat mo nwuri jir.&gt;</Content>
    <History />
  </Status>
  <Status passageKey="1SA 31:1;1SA 31:1;1CH 10:1" status="F">
    <Content>Nyem Filistin mo cìn lek kɨ nyem Isreil mo, ɓe nyem Isreil mo swa nyem Filistin mo. Mo twa daaslek kɨ̀ nyem Isreil mo ɗes a ɗeng Jwak nGilbowa.</Content>
    <History />
  </Status>
  <Status passageKey="1CH 10:1;1SA 31:1;1CH 10:1" status="F">
    <Content>Nyem Filistin mo cìn lek kɨ nyem Isreil mo ɓe nyem Isreil mo swa, kɨ mo twa nyem Isreil mo a ɗeng jwak nGilbowa ɗes.</Content>
    <History />
  </Status>
  <Status passageKey="1CH 10:10;1SA 31:10;1CH 10:10" status="F">
    <Content>Mo so lang leelek fɨri mo nlukum furu mo kɨ mo so tɨɓet kaa fɨri ni nlu kɨ̀ kum furu ɗi moo pet sum ni a Dagon si.</Content>
    <History />
  </Status>
  <Status passageKey="1SA 31:10;1SA 31:10;1CH 10:10" status="F">
    <Content>Mo so le leelek fɨri mo nlu kɨ̀ kùm furu ɗi sum ni a Ashtarot si, kɨ mo mang kum fɨri ni lang nkaa shuɓut pee nyil mBet Shan.</Content>
    <History />
  </Status>
  <Status passageKey="1CH 10:11;1SA 31:11;1CH 10:11" status="F">
    <Content>Kaaɗi nyem yil nJabesh Gileyad mo kɨling po nkaa mbii ɗi nyem Filistin mo cin nSool jir,</Content>
    <History />
  </Status>
  <Status passageKey="1SA 31:11;1SA 31:11;1CH 10:11" status="F">
    <Content>Kaaɗi nyem yil nJabesh ɗi nGileyad mo kɨling mbii ɗi nyem Filistin mo cìn nSool,</Content>
    <History />
  </Status>
  <Status passageKey="1CH 10:12;1SA 31:12-13;1CH 10:12" status="F">
    <Content>ɓe jir das das ɗi mo a koghorong furu mo, mo so shwat kum kɨ̀ Sool kɨ jep fɨri mo, mo jì kɨ mo nyil nJabesh. Ɗee mo wum ɗyes furu ni mo nder kùs ting ɗi ni nJabesh si kɨ mo tong tong wet kɨ neen mpee teer povul.</Content>
    <History />
  </Status>
  <Status passageKey="1SA 31:12-13;1SA 31:12-13;1CH 10:12" status="F">
    <Content>ɓe jir dasdas furu mo teer mwaan mpar mpee so mBet Shan. Mo so shang kúm kɨ̀ Sool kɨ mu jep fɨri mo aku nkaa shuɓut pee ɗi mBet Shan ni. Mo so kɨ kum ni mo nJabesh kɨ mo caan kum ni mo. Ɓe mo kyak ɗyés ni mo mo so wum nder ting njaamii nJabesh ni. Kɨ mo wet kɨ neen mpee teer mo povul.</Content>
    <History />
  </Status>
  <Status passageKey="ISA 2:4;ISA 2:4;MIC 4:3" status="U">
    <Content />
  </Status>
</PassageStatus>