﻿<?xml version="1.0" encoding="utf-8"?>
<InterlinearData ScrTextName="zz_SUR" GlossLanguage="English" BookId="JOL">
  <Verses>
    <item>
      <string>JOL 1:1</string>
      <VerseData>
        <Cluster>
          <Range Index="7" Length="5" />
          <Lexeme Id="Word:ɗiisi" GlossId="Qo16oV7v" />
        </Cluster>
        <Cluster>
          <Range Index="13" Length="1" />
          <Lexeme Id="Word:a" GlossId="WT42eOvt" />
        </Cluster>
        <Cluster>
          <Range Index="15" Length="2" />
          <Lexeme Id="Stem:po" GlossId="QQUCKifP" />
        </Cluster>
        <Cluster>
          <Range Index="15" Length="2" />
          <Lexeme Id="Word:po" GlossId="8M8q08ZC" />
        </Cluster>
        <Cluster>
          <Range Index="18" Length="2" />
          <Lexeme Id="Word:kɨ" GlossId="gYGthKa8" />
        </Cluster>
        <Cluster>
          <Range Index="21" Length="3" />
          <Lexeme Id="Word:daa" GlossId="zbXpnRJC" />
        </Cluster>
        <Cluster>
          <Range Index="25" Length="2" />
          <Lexeme Id="Word:ɗi" GlossId="DPU98lCE" />
        </Cluster>
        <Cluster>
          <Range Index="28" Length="3" />
          <Lexeme Id="Word:daa" GlossId="zbXpnRJC" />
        </Cluster>
        <Cluster>
          <Range Index="32" Length="4" />
          <Lexeme Id="Word:wuri" GlossId="X3W44pH8" />
        </Cluster>
        <Cluster>
          <Range Index="37" Length="3" />
          <Lexeme Id="Stem:kat" GlossId="pLd0SFUD" />
        </Cluster>
        <Cluster>
          <Range Index="37" Length="3" />
          <Lexeme Id="Word:kat" GlossId="DfnD2X/9" />
        </Cluster>
        <Cluster>
          <Range Index="41" Length="6" />
          <Lexeme Id="Prefix:n" GlossId="p6M/XpAL" />
          <Lexeme Id="Stem:jowel" GlossId="kTPqMhN3" />
        </Cluster>
        <Cluster>
          <Range Index="41" Length="6" />
          <Lexeme Id="Word:njowel" GlossId="SKKXJBKi" />
        </Cluster>
        <Cluster>
          <Range Index="48" Length="3" />
          <Lexeme Id="Stem:laa" GlossId="yiYxyMR7" />
        </Cluster>
        <Cluster>
          <Range Index="48" Length="3" />
          <Lexeme Id="Word:laa" GlossId="sTNLYnDj" />
        </Cluster>
        <Cluster>
          <Range Index="52" Length="3" />
          <Lexeme Id="Word:kɨ̀" GlossId="fns9mpQl" />
        </Cluster>
      </VerseData>
    </item>
    <item>
      <string>JOL 2:1</string>
      <VerseData>
        <Cluster>
          <Range Index="56" Length="10" />
          <Lexeme Id="Phrase:a pee wàar" GlossId="AVkAzhzr" />
        </Cluster>
      </VerseData>
    </item>
    <item>
      <string>JOL 3:1</string>
      <VerseData>
        <Cluster>
          <Range Index="39" Length="2" />
          <Lexeme Id="Word:ɗi" GlossId="nG8IiFfS" />
        </Cluster>
        <Cluster>
          <Range Index="46" Length="4" />
          <Lexeme Id="Stem:m" />
          <Lexeme Id="Stem:baa" GlossId="8fAVm0b2" />
        </Cluster>
      </VerseData>
    </item>
    <item>
      <string>JOL 3:21</string>
      <VerseData>
        <Cluster>
          <Range Index="23" Length="7" />
          <Lexeme Id="Word:ntoghom" GlossId="FwcMuPcE" />
        </Cluster>
        <Cluster>
          <Range Index="84" Length="3" />
          <Lexeme Id="Stem:fwo" GlossId="vjjfhuNR" />
        </Cluster>
        <Cluster>
          <Range Index="84" Length="3" />
          <Lexeme Id="Word:fwo" GlossId="1h18M3wh" />
        </Cluster>
        <Cluster>
          <Range Index="64" Length="3" />
          <Lexeme Id="Stem:fwo" GlossId="vjjfhuNR" />
        </Cluster>
        <Cluster>
          <Range Index="64" Length="3" />
          <Lexeme Id="Word:fwo" GlossId="1h18M3wh" />
        </Cluster>
      </VerseData>
    </item>
    <item>
      <string>JOL 1:2</string>
      <VerseData>
        <Cluster>
          <Range Index="123" Length="4" />
          <Lexeme Id="Word:kyam" GlossId="MUQB0vLI" />
        </Cluster>
        <Cluster>
          <Range Index="128" Length="3" />
          <Lexeme Id="Word:taa" GlossId="YPinQ5/N" />
        </Cluster>
        <Cluster>
          <Range Index="171" Length="2" />
          <Lexeme Id="Word:aa" GlossId="yxGpQxaw" />
        </Cluster>
        <Cluster>
          <Range Index="174" Length="3" />
          <Lexeme Id="Word:koo" GlossId="qabCX+Xk" />
        </Cluster>
        <Cluster>
          <Range Index="178" Length="4" />
          <Lexeme Id="Word:gyet" GlossId="q4fwZ3tQ" />
        </Cluster>
        <Cluster>
          <Range Index="183" Length="3" />
          <Lexeme Id="Word:yam" GlossId="HMksbpmK" />
        </Cluster>
        <Cluster>
          <Range Index="196" Length="4" />
          <Lexeme Id="Word:puun" GlossId="5do/bnHK" />
        </Cluster>
        <Cluster>
          <Range Index="201" Length="3" />
          <Lexeme Id="Word:fuu" GlossId="q/zJfB6o" />
        </Cluster>
        <Cluster>
          <Range Index="205" Length="2" />
          <Lexeme Id="Word:mo" GlossId="5kG/NbNs" />
        </Cluster>
        <Cluster>
          <Range Index="215" Length="4" />
          <Lexeme Id="Word:kyam" GlossId="MUQB0vLI" />
        </Cluster>
        <Cluster>
          <Range Index="236" Length="2" />
          <Lexeme Id="Word:wa" GlossId="+MjyHv2A" />
        </Cluster>
        <Cluster>
          <Range Index="123" Length="4" />
          <Lexeme Id="Stem:kyam" GlossId="w0Rzg49C" />
        </Cluster>
        <Cluster>
          <Range Index="128" Length="3" />
          <Lexeme Id="Stem:taa" GlossId="+gTb1KiN" />
        </Cluster>
        <Cluster>
          <Range Index="171" Length="2" />
          <Lexeme Id="Stem:aa" GlossId="DMLJoJ9f" />
        </Cluster>
        <Cluster>
          <Range Index="174" Length="3" />
          <Lexeme Id="Stem:koo" GlossId="r7ltB34i" />
        </Cluster>
        <Cluster>
          <Range Index="205" Length="2" />
          <Lexeme Id="Stem:mo" GlossId="XNJRK2TL" />
        </Cluster>
        <Cluster>
          <Range Index="83" Length="6" />
          <Lexeme Id="Phrase:le kom" GlossId="EBFw4H3A" />
        </Cluster>
      </VerseData>
    </item>
    <item>
      <string>JOL 3:3</string>
      <VerseData>
        <Cluster>
          <Range Index="85" Length="2" />
          <Lexeme Id="Word:ye" GlossId="XLNoy521" />
        </Cluster>
        <Cluster>
          <Range Index="85" Length="2" />
          <Lexeme Id="Stem:ye" GlossId="CBuY5OzF" />
        </Cluster>
        <Cluster>
          <Range Index="50" Length="4" />
          <Lexeme Id="Word:mbut" GlossId="snMes28r" />
        </Cluster>
        <Cluster>
          <Range Index="107" Length="10" />
          <Lexeme Id="Phrase:jep zɨlang" GlossId="WfOTs9KV" />
        </Cluster>
        <Cluster>
          <Range Index="125" Length="10" />
          <Lexeme Id="Phrase:jep jiraap" GlossId="Ch+PA3Vb" />
        </Cluster>
        <Cluster>
          <Range Index="154" Length="7" />
          <Lexeme Id="Word:shaghal" GlossId="rfJdTz8I" />
        </Cluster>
        <Cluster>
          <Range Index="174" Length="8" />
          <Lexeme Id="Phrase:mat ngaa" GlossId="ByfCsRDF" />
        </Cluster>
        <Cluster>
          <Range Index="226" Length="3" />
          <Lexeme Id="Word:zak" GlossId="S+Muwvo/" />
        </Cluster>
      </VerseData>
    </item>
    <item>
      <string>JOL 1:3</string>
      <VerseData>
        <Cluster>
          <Range Index="60" Length="4" />
          <Lexeme Id="Stem:n" GlossId="qLQFc8Lp" />
          <Lexeme Id="Stem:jep" />
        </Cluster>
        <Cluster>
          <Range Index="60" Length="4" />
          <Lexeme Id="Word:njep" GlossId="QafAe5MR" />
        </Cluster>
        <Cluster>
          <Range Index="97" Length="4" />
          <Lexeme Id="Word:nsat" GlossId="pXEADz+9" />
        </Cluster>
        <Cluster>
          <Range Index="5" Length="2" />
          <Lexeme Id="Word:wu" GlossId="nyWbdlOP" />
        </Cluster>
      </VerseData>
    </item>
    <item>
      <string>JOL 1:4</string>
      <VerseData>
        <Cluster>
          <Range Index="19" Length="6" />
          <Lexeme Id="Word:ɗiiɗuu" GlossId="OpfYbe+A" />
        </Cluster>
        <Cluster>
          <Range Index="26" Length="2" />
          <Lexeme Id="Word:mo" GlossId="5kG/NbNs" />
        </Cluster>
        <Cluster>
          <Range Index="37" Length="2" />
          <Lexeme Id="Word:mo" GlossId="LxjF2idy" />
        </Cluster>
        <Cluster>
          <Range Index="40" Length="3" />
          <Lexeme Id="Word:yit" GlossId="iB5gz3gb" />
        </Cluster>
        <Cluster>
          <Range Index="44" Length="2" />
          <Lexeme Id="Word:ɗi" GlossId="H0eEJSBq" />
        </Cluster>
        <Cluster>
          <Range Index="142" Length="3" />
          <Lexeme Id="Word:yit" GlossId="iB5gz3gb" />
        </Cluster>
        <Cluster>
          <Range Index="205" Length="3" />
          <Lexeme Id="Word:yit" GlossId="iB5gz3gb" />
        </Cluster>
        <Cluster>
          <Range Index="19" Length="6" />
          <Lexeme Id="Stem:ɗii" />
          <Lexeme Id="Stem:ɗuu" GlossId="jdhfvd7p" />
        </Cluster>
        <Cluster>
          <Range Index="26" Length="2" />
          <Lexeme Id="Stem:mo" GlossId="XNJRK2TL" />
        </Cluster>
        <Cluster>
          <Range Index="40" Length="3" />
          <Lexeme Id="Stem:yit" GlossId="ZzJgZsw7" />
        </Cluster>
        <Cluster>
          <Range Index="97" Length="2" />
          <Lexeme Id="Stem:ɗi" GlossId="5+fqaSjH" />
        </Cluster>
        <Cluster>
          <Range Index="142" Length="3" />
          <Lexeme Id="Stem:yit" GlossId="ZzJgZsw7" />
        </Cluster>
        <Cluster>
          <Range Index="205" Length="3" />
          <Lexeme Id="Stem:yit" GlossId="ZzJgZsw7" />
        </Cluster>
        <Cluster>
          <Range Index="183" Length="7" />
          <Lexeme Id="Stem:taan" />
          <Lexeme Id="Stem:ɗok" />
        </Cluster>
      </VerseData>
    </item>
    <item>
      <string>JOL 1:20</string>
      <VerseData>
        <Cluster>
          <Range Index="122" Length="5" />
          <Lexeme Id="Stem:n" GlossId="okUr5VWG" />
          <Lexeme Id="Suffix:long" />
        </Cluster>
        <Cluster>
          <Range Index="122" Length="5" />
          <Lexeme Id="Word:nlong" GlossId="vQjeVycC" />
        </Cluster>
        <Cluster>
          <Range Index="131" Length="2" />
          <Lexeme Id="Word:kɨ" GlossId="lWTksVS/" />
        </Cluster>
      </VerseData>
    </item>
    <item>
      <string>JOL 1:5</string>
      <VerseData>
        <Cluster>
          <Range Index="59" Length="5" />
          <Lexeme Id="Stem:shwat" GlossId="DxWWm/y3" />
        </Cluster>
        <Cluster>
          <Range Index="59" Length="5" />
          <Lexeme Id="Word:shwat" GlossId="jEFIF0wt" />
        </Cluster>
        <Cluster>
          <Range Index="65" Length="4" />
          <Lexeme Id="Stem:maap" GlossId="arCz420y" />
        </Cluster>
        <Cluster>
          <Range Index="65" Length="4" />
          <Lexeme Id="Word:maap" GlossId="2WB80j71" />
        </Cluster>
        <Cluster>
          <Range Index="77" Length="3" />
          <Lexeme Id="Word:fwo" GlossId="h+HYjmsV" />
        </Cluster>
        <Cluster>
          <Range Index="77" Length="3" />
          <Lexeme Id="Stem:fwo" GlossId="yyqwltvs" />
        </Cluster>
        <Cluster>
          <Range Index="113" Length="3" />
          <Lexeme Id="Word:fwo" GlossId="h+HYjmsV" />
        </Cluster>
        <Cluster>
          <Range Index="113" Length="3" />
          <Lexeme Id="Stem:fwo" GlossId="yyqwltvs" />
        </Cluster>
      </VerseData>
    </item>
    <item>
      <string>JOL 1:0</string>
      <VerseData />
    </item>
    <item>
      <string>JOL 1:6</string>
      <VerseData>
        <Cluster>
          <Range Index="5" Length="3" />
          <Lexeme Id="Word:mee" GlossId="FvQwDmZK" />
        </Cluster>
        <Cluster>
          <Range Index="30" Length="4" />
          <Lexeme Id="Word:ɓeer" GlossId="jHQAeIC9" />
        </Cluster>
        <Cluster>
          <Range Index="86" Length="2" />
          <Lexeme Id="Word:mo" GlossId="LxjF2idy" />
        </Cluster>
        <Cluster>
          <Range Index="109" Length="2" />
          <Lexeme Id="Stem:aa" GlossId="va8/DE+s" />
        </Cluster>
        <Cluster>
          <Range Index="109" Length="2" />
          <Lexeme Id="Word:aa" GlossId="J89YdJLy" />
        </Cluster>
        <Cluster>
          <Range Index="118" Length="2" />
          <Lexeme Id="Word:kɨ" GlossId="gYGthKa8" />
        </Cluster>
        <Cluster>
          <Range Index="128" Length="2" />
          <Lexeme Id="Word:mo" GlossId="5kG/NbNs" />
        </Cluster>
        <Cluster>
          <Range Index="128" Length="2" />
          <Lexeme Id="Stem:mo" GlossId="XNJRK2TL" />
        </Cluster>
        <Cluster>
          <Range Index="149" Length="2" />
          <Lexeme Id="Word:kɨ" GlossId="gYGthKa8" />
        </Cluster>
        <Cluster>
          <Range Index="143" Length="5" />
          <Lexeme Id="Word:ciɓen" GlossId="XKZdIjFI" />
        </Cluster>
        <Cluster>
          <Range Index="159" Length="6" />
          <Lexeme Id="Phrase:ɗi mat" GlossId="oeWHUmu1" />
        </Cluster>
        <Cluster>
          <Range Index="166" Length="2" />
          <Lexeme Id="Stem:mo" GlossId="XNJRK2TL" />
        </Cluster>
        <Cluster>
          <Range Index="166" Length="2" />
          <Lexeme Id="Word:mo" GlossId="5kG/NbNs" />
        </Cluster>
      </VerseData>
    </item>
    <item>
      <string>JOL 1:7</string>
      <VerseData>
        <Cluster>
          <Range Index="66" Length="3" />
          <Lexeme Id="Word:kom" GlossId="uFsapV/n" />
        </Cluster>
        <Cluster>
          <Range Index="74" Length="3" />
          <Lexeme Id="Word:koo" GlossId="AiSzUpE1" />
        </Cluster>
        <Cluster>
          <Range Index="121" Length="3" />
          <Lexeme Id="Word:ɗee" GlossId="F9qE/UtS" />
        </Cluster>
        <Cluster>
          <Range Index="150" Length="3" />
          <Lexeme Id="Word:ɗak" GlossId="sBKVZcXX" />
        </Cluster>
        <Cluster>
          <Range Index="66" Length="3" />
          <Lexeme Id="Stem:kom" GlossId="XxpmWlWy" />
        </Cluster>
        <Cluster>
          <Range Index="74" Length="3" />
          <Lexeme Id="Stem:koo" GlossId="ZjOAzwQ4" />
        </Cluster>
        <Cluster>
          <Range Index="121" Length="3" />
          <Lexeme Id="Stem:ɗee" GlossId="TDyBwJyf" />
        </Cluster>
        <Cluster>
          <Range Index="92" Length="5" />
          <Lexeme Id="Word:fulap" GlossId="c2Jl/4Xy" />
        </Cluster>
        <Cluster>
          <Range Index="98" Length="5" />
          <Lexeme Id="Word:dɨram" GlossId="oVFzwVJq" />
        </Cluster>
      </VerseData>
    </item>
    <item>
      <string>JOL 1:8</string>
      <VerseData>
        <Cluster>
          <Range Index="85" Length="3" />
          <Lexeme Id="Stem:cin" GlossId="B73GIDqv" />
        </Cluster>
        <Cluster>
          <Range Index="85" Length="3" />
          <Lexeme Id="Word:cin" GlossId="bEX0zlwG" />
        </Cluster>
        <Cluster>
          <Range Index="89" Length="3" />
          <Lexeme Id="Word:ɗik" GlossId="j2B50aP0" />
        </Cluster>
        <Cluster>
          <Range Index="89" Length="3" />
          <Lexeme Id="Stem:ɗik" GlossId="SBfaO9yp" />
        </Cluster>
        <Cluster>
          <Range Index="68" Length="4" />
          <Lexeme Id="Word:mùut" GlossId="h3R7I5f8" />
        </Cluster>
        <Cluster>
          <Range Index="68" Length="4" />
          <Lexeme Id="Stem:mùut" GlossId="tHyMwekO" />
        </Cluster>
        <Cluster>
          <Range Index="31" Length="5" />
          <Lexeme Id="Stem:wura" />
          <Lexeme Id="Stem:n" GlossId="nnwdKKcz" />
        </Cluster>
        <Cluster>
          <Range Index="31" Length="5" />
          <Lexeme Id="Word:wuran" GlossId="BifHSIcc" />
        </Cluster>
        <Cluster>
          <Range Index="43" Length="4" />
          <Lexeme Id="Word:mpee" GlossId="ehwp5ZvI" />
        </Cluster>
        <Cluster>
          <Range Index="8" Length="10" />
          <Lexeme Id="Phrase:sɨlak maap" GlossId="bvSgBE9a" />
        </Cluster>
      </VerseData>
    </item>
    <item>
      <string>JOL 1:9</string>
      <VerseData>
        <Cluster>
          <Range Index="80" Length="2" />
          <Lexeme Id="Word:kɨ" GlossId="gYGthKa8" />
        </Cluster>
        <Cluster>
          <Range Index="108" Length="2" />
          <Lexeme Id="Word:ni" GlossId="dAzF/grS" />
        </Cluster>
      </VerseData>
    </item>
    <item>
      <string>JOL 1:10</string>
      <VerseData>
        <Cluster>
          <Range Index="11" Length="2" />
          <Lexeme Id="Word:mo" GlossId="zlOrQlnX" />
        </Cluster>
        <Cluster>
          <Range Index="11" Length="2" />
          <Lexeme Id="Stem:mo" GlossId="SWfv6MAP" />
        </Cluster>
        <Cluster>
          <Range Index="14" Length="2" />
          <Lexeme Id="Word:kɨ" GlossId="lWTksVS/" />
        </Cluster>
        <Cluster>
          <Range Index="24" Length="4" />
          <Lexeme Id="Word:kwet" GlossId="3g33n7LP" />
        </Cluster>
        <Cluster>
          <Range Index="29" Length="4" />
          <Lexeme Id="Word:kwet" GlossId="3g33n7LP" />
        </Cluster>
        <Cluster>
          <Range Index="76" Length="4" />
          <Lexeme Id="Word:kyes" GlossId="de+4qadD" />
        </Cluster>
        <Cluster>
          <Range Index="76" Length="4" />
          <Lexeme Id="Stem:kyes" GlossId="tfk6MKSX" />
        </Cluster>
        <Cluster>
          <Range Index="107" Length="4" />
          <Lexeme Id="Stem:paat" GlossId="ZNxbap0c" />
        </Cluster>
        <Cluster>
          <Range Index="107" Length="4" />
          <Lexeme Id="Word:paat" GlossId="2cZfGvci" />
        </Cluster>
        <Cluster>
          <Range Index="94" Length="6" />
          <Lexeme Id="Word:ɗughut" GlossId="K9kcJ2jP" />
        </Cluster>
        <Cluster>
          <Range Index="94" Length="6" />
          <Lexeme Id="Stem:ɗughut" GlossId="Slc1teE4" />
        </Cluster>
        <Cluster>
          <Range Index="112" Length="2" />
          <Lexeme Id="Word:ɗi" GlossId="H0eEJSBq" />
        </Cluster>
        <Cluster>
          <Range Index="112" Length="2" />
          <Lexeme Id="Stem:ɗi" GlossId="5+fqaSjH" />
        </Cluster>
      </VerseData>
    </item>
    <item>
      <string>JOL 1:11</string>
      <VerseData>
        <Cluster>
          <Range Index="30" Length="13" />
          <Lexeme Id="Phrase:nyem sak maar" GlossId="LdkPoF68" />
        </Cluster>
        <Cluster>
          <Range Index="9" Length="8" />
          <Lexeme Id="Phrase:naa jeel" GlossId="LG3j3Bcu" />
        </Cluster>
        <Cluster>
          <Range Index="18" Length="4" />
          <Lexeme Id="Word:nsuk" GlossId="3TUdrQAf" />
        </Cluster>
        <Cluster>
          <Range Index="72" Length="9" />
          <Lexeme Id="Phrase:bong anab" GlossId="0GQumF+a" />
        </Cluster>
        <Cluster>
          <Range Index="115" Length="6" />
          <Lexeme Id="Word:alkama" GlossId="yYxx2cCo" />
        </Cluster>
        <Cluster>
          <Range Index="125" Length="5" />
          <Lexeme Id="Stem:baali" GlossId="Kfv7++tK" />
        </Cluster>
        <Cluster>
          <Range Index="125" Length="5" />
          <Lexeme Id="Word:baali" GlossId="hv7XrBuW" />
        </Cluster>
        <Cluster>
          <Range Index="139" Length="2" />
          <Lexeme Id="Word:mo" GlossId="zlOrQlnX" />
        </Cluster>
      </VerseData>
    </item>
    <item>
      <string>JOL 1:12</string>
      <VerseData>
        <Cluster>
          <Range Index="53" Length="6" />
          <Lexeme Id="Word:lóghóm" GlossId="TRHQ+R7V" />
        </Cluster>
        <Cluster>
          <Range Index="50" Length="2" />
          <Lexeme Id="Word:kɨ" GlossId="y7y079dc" />
        </Cluster>
        <Cluster>
          <Range Index="109" Length="4" />
          <Lexeme Id="Word:apul" GlossId="deenrbBa" />
        </Cluster>
        <Cluster>
          <Range Index="71" Length="4" />
          <Lexeme Id="Word:pamo" GlossId="f/LwmxKR" />
        </Cluster>
        <Cluster>
          <Range Index="104" Length="9" />
          <Lexeme Id="Phrase:ting apul" />
        </Cluster>
        <Cluster>
          <Range Index="142" Length="5" />
          <Lexeme Id="Stem:shini" GlossId="QE15V0Zh" />
        </Cluster>
        <Cluster>
          <Range Index="142" Length="5" />
          <Lexeme Id="Word:shini" GlossId="Cdq2W+ot" />
        </Cluster>
        <Cluster>
          <Range Index="148" Length="5" />
          <Lexeme Id="Word:shini" GlossId="Cdq2W+ot" />
        </Cluster>
        <Cluster>
          <Range Index="142" Length="11" />
          <Lexeme Id="Phrase:shini shini" GlossId="v9jy+Cgc" />
        </Cluster>
      </VerseData>
    </item>
    <item>
      <string>JOL 1:13</string>
      <VerseData>
        <Cluster>
          <Range Index="14" Length="3" />
          <Lexeme Id="Word:lee" GlossId="cvmt+QtK" />
        </Cluster>
        <Cluster>
          <Range Index="40" Length="2" />
          <Lexeme Id="Word:ɗi" GlossId="H0eEJSBq" />
        </Cluster>
        <Cluster>
          <Range Index="84" Length="1" />
          <Lexeme Id="Word:a" GlossId="obNx21cE" />
        </Cluster>
        <Cluster>
          <Range Index="116" Length="3" />
          <Lexeme Id="Word:lee" GlossId="cvmt+QtK" />
        </Cluster>
        <Cluster>
          <Range Index="141" Length="4" />
          <Lexeme Id="Word:teer" GlossId="h9A7rSFD" />
        </Cluster>
        <Cluster>
          <Range Index="244" Length="8" />
          <Lexeme Id="Word:shishwaa" GlossId="SwJk1whp" />
        </Cluster>
        <Cluster>
          <Range Index="14" Length="3" />
          <Lexeme Id="Stem:lee" GlossId="WAgCgF8d" />
        </Cluster>
        <Cluster>
          <Range Index="84" Length="1" />
          <Lexeme Id="Stem:a" GlossId="9hMk+itL" />
        </Cluster>
        <Cluster>
          <Range Index="116" Length="3" />
          <Lexeme Id="Stem:lee" GlossId="WAgCgF8d" />
        </Cluster>
        <Cluster>
          <Range Index="141" Length="4" />
          <Lexeme Id="Stem:teer" GlossId="r8dYE6AJ" />
        </Cluster>
        <Cluster>
          <Range Index="244" Length="8" />
          <Lexeme Id="Prefix:shi" GlossId="hnLkTbMJ" />
          <Lexeme Id="Stem:shwaa" />
        </Cluster>
        <Cluster>
          <Range Index="80" Length="3" />
          <Lexeme Id="Word:ɗak" GlossId="1rcbASZr" />
        </Cluster>
      </VerseData>
    </item>
    <item>
      <string>JOL 1:14</string>
      <VerseData>
        <Cluster>
          <Range Index="9" Length="2" />
          <Lexeme Id="Stem:le" GlossId="ogotYy/e" />
        </Cluster>
        <Cluster>
          <Range Index="9" Length="2" />
          <Lexeme Id="Word:le" GlossId="0M9xz5b5" />
        </Cluster>
        <Cluster>
          <Range Index="17" Length="4" />
          <Lexeme Id="Word:mpee" GlossId="8sAKQ1Te" />
        </Cluster>
        <Cluster>
          <Range Index="27" Length="2" />
          <Lexeme Id="Word:kɨ" GlossId="XnpMLw0H" />
        </Cluster>
        <Cluster>
          <Range Index="22" Length="12" />
          <Lexeme Id="Phrase:tong kɨ neen" GlossId="839JYMOz" />
        </Cluster>
        <Cluster>
          <Range Index="89" Length="4" />
          <Lexeme Id="Word:fɨri" GlossId="aheuiJwo" />
        </Cluster>
        <Cluster>
          <Range Index="109" Length="3" />
          <Lexeme Id="Word:nan" GlossId="7IlyOg7h" />
        </Cluster>
        <Cluster>
          <Range Index="104" Length="8" />
          <Lexeme Id="Phrase:nyem nan" GlossId="uwBzuWeX" />
        </Cluster>
        <Cluster>
          <Range Index="163" Length="2" />
          <Lexeme Id="Word:kɨ" GlossId="gYGthKa8" />
        </Cluster>
      </VerseData>
    </item>
    <item>
      <string>JOL 1:15</string>
      <VerseData>
        <Cluster>
          <Range Index="38" Length="2" />
          <Lexeme Id="Word:kɨ" GlossId="gYGthKa8" />
        </Cluster>
        <Cluster>
          <Range Index="86" Length="2" />
          <Lexeme Id="Word:kɨ" GlossId="gYGthKa8" />
        </Cluster>
        <Cluster>
          <Range Index="97" Length="5" />
          <Lexeme Id="Word:nwuri" GlossId="OVxHXlZU" />
        </Cluster>
        <Cluster>
          <Range Index="6" Length="3" />
          <Lexeme Id="Word:kót" GlossId="p5lQEZmB" />
        </Cluster>
      </VerseData>
    </item>
    <item>
      <string>JOL 1:16</string>
      <VerseData>
        <Cluster>
          <Range Index="6" Length="2" />
          <Lexeme Id="Word:wa" GlossId="+MjyHv2A" />
        </Cluster>
        <Cluster>
          <Range Index="17" Length="2" />
          <Lexeme Id="Word:kɨ" GlossId="lWTksVS/" />
        </Cluster>
        <Cluster>
          <Range Index="24" Length="2" />
          <Lexeme Id="Word:pu" GlossId="lZnHnqQ1" />
        </Cluster>
        <Cluster>
          <Range Index="27" Length="2" />
          <Lexeme Id="Word:mo" GlossId="zlOrQlnX" />
        </Cluster>
        <Cluster>
          <Range Index="30" Length="2" />
          <Lexeme Id="Word:kɨ" GlossId="lWTksVS/" />
        </Cluster>
        <Cluster>
          <Range Index="45" Length="3" />
          <Lexeme Id="Word:baa" GlossId="dMe6ovr3" />
        </Cluster>
        <Cluster>
          <Range Index="45" Length="3" />
          <Lexeme Id="Stem:baa" GlossId="ZlnjrUP5" />
        </Cluster>
        <Cluster>
          <Range Index="49" Length="2" />
          <Lexeme Id="Word:kɨ" GlossId="XnpMLw0H" />
        </Cluster>
        <Cluster>
          <Range Index="52" Length="2" />
          <Lexeme Id="Word:ni" GlossId="dAzF/grS" />
        </Cluster>
      </VerseData>
    </item>
    <item>
      <string>JOL 1:17</string>
      <VerseData>
        <Cluster>
          <Range Index="57" Length="2" />
          <Lexeme Id="Word:ɗi" GlossId="H0eEJSBq" />
        </Cluster>
        <Cluster>
          <Range Index="16" Length="2" />
          <Lexeme Id="Word:kɨ" GlossId="lWTksVS/" />
        </Cluster>
        <Cluster>
          <Range Index="128" Length="2" />
          <Lexeme Id="Word:le" GlossId="ghDiT1vg" />
        </Cluster>
        <Cluster>
          <Range Index="128" Length="2" />
          <Lexeme Id="Stem:le" GlossId="0EaTm1Fh" />
        </Cluster>
        <Cluster>
          <Range Index="77" Length="5" />
          <Lexeme Id="Word:ɗyaar" GlossId="Q40qYzqA" />
        </Cluster>
      </VerseData>
    </item>
    <item>
      <string>JOL 1:18</string>
      <VerseData>
        <Cluster>
          <Range Index="81" Length="10" />
          <Lexeme Id="Phrase:pee seshit" GlossId="lRcDto14" />
        </Cluster>
        <Cluster>
          <Range Index="40" Length="3" />
          <Lexeme Id="Word:ɗak" GlossId="sBKVZcXX" />
        </Cluster>
        <Cluster>
          <Range Index="85" Length="6" />
          <Lexeme Id="Word:seshit" GlossId="/unL587S" />
        </Cluster>
        <Cluster>
          <Range Index="85" Length="6" />
          <Lexeme Id="Prefix:se" GlossId="02CYkmw8" />
          <Lexeme Id="Stem:shit" />
        </Cluster>
        <Cluster>
          <Range Index="6" Length="3" />
          <Lexeme Id="Stem:ɗee" GlossId="6wLqTOwS" />
        </Cluster>
        <Cluster>
          <Range Index="6" Length="3" />
          <Lexeme Id="Word:ɗee" GlossId="KuCSQUZ8" />
        </Cluster>
      </VerseData>
    </item>
    <item>
      <string>JOL 1:19</string>
      <VerseData>
        <Cluster>
          <Range Index="39" Length="3" />
          <Lexeme Id="Word:wal" GlossId="ChTAdrgV" />
        </Cluster>
        <Cluster>
          <Range Index="43" Length="3" />
          <Lexeme Id="Word:kaa" GlossId="YHYnkgtc" />
        </Cluster>
        <Cluster>
          <Range Index="43" Length="3" />
          <Lexeme Id="Stem:kaa" GlossId="TEm4KlRX" />
        </Cluster>
        <Cluster>
          <Range Index="74" Length="2" />
          <Lexeme Id="Word:le" GlossId="hShSHg7y" />
        </Cluster>
        <Cluster>
          <Range Index="74" Length="2" />
          <Lexeme Id="Stem:le" GlossId="P64ahI8o" />
        </Cluster>
        <Cluster>
          <Range Index="99" Length="2" />
          <Lexeme Id="Word:kɨ" GlossId="lWTksVS/" />
        </Cluster>
        <Cluster>
          <Range Index="60" Length="10" />
          <Lexeme Id="Phrase:fii kɨ pee" GlossId="4HByiR+7" />
        </Cluster>
      </VerseData>
    </item>
    <item>
      <string>JOL 2:0</string>
      <VerseData />
    </item>
    <item>
      <string>JOL 2:2</string>
      <VerseData>
        <Cluster>
          <Range Index="22" Length="4" />
          <Lexeme Id="Word:nrap" GlossId="qMm9iM2m" />
        </Cluster>
        <Cluster>
          <Range Index="27" Length="4" />
          <Lexeme Id="Word:shek" GlossId="0WNZdi7Z" />
        </Cluster>
        <Cluster>
          <Range Index="32" Length="4" />
          <Lexeme Id="Word:shek" GlossId="0WNZdi7Z" />
        </Cluster>
        <Cluster>
          <Range Index="43" Length="2" />
          <Lexeme Id="Word:ni" GlossId="dAzF/grS" />
        </Cluster>
        <Cluster>
          <Range Index="18" Length="3" />
          <Lexeme Id="Word:pee" GlossId="Z6fzb6ZK" />
        </Cluster>
        <Cluster>
          <Range Index="27" Length="9" />
          <Lexeme Id="Phrase:shek shek" GlossId="JQbVZTvL" />
        </Cluster>
        <Cluster>
          <Range Index="53" Length="6" />
          <Lexeme Id="Word:mmwòos" GlossId="NxpY66EO" />
        </Cluster>
      </VerseData>
    </item>
    <item>
      <string>JOL 2:3</string>
      <VerseData>
        <Cluster>
          <Range Index="51" Length="14" />
          <Lexeme Id="Phrase:nkoghop mɓwoon" GlossId="Ppl6mW+W" />
        </Cluster>
        <Cluster>
          <Range Index="33" Length="2" />
          <Lexeme Id="Word:kɨ" GlossId="gYGthKa8" />
        </Cluster>
        <Cluster>
          <Range Index="51" Length="7" />
          <Lexeme Id="Word:nkoghop" GlossId="E4ByHjMx" />
        </Cluster>
        <Cluster>
          <Range Index="59" Length="6" />
          <Lexeme Id="Word:mɓwoon" GlossId="2yaRJK5c" />
        </Cluster>
        <Cluster>
          <Range Index="69" Length="3" />
          <Lexeme Id="Word:ɗee" GlossId="F9qE/UtS" />
        </Cluster>
        <Cluster>
          <Range Index="84" Length="6" />
          <Lexeme Id="Word:yaghal" GlossId="V+Gf9Tlk" />
        </Cluster>
        <Cluster>
          <Range Index="51" Length="7" />
          <Lexeme Id="Prefix:n" GlossId="oYKLxMWO" />
          <Lexeme Id="Stem:koghop" />
        </Cluster>
        <Cluster>
          <Range Index="69" Length="3" />
          <Lexeme Id="Stem:ɗee" GlossId="TDyBwJyf" />
        </Cluster>
        <Cluster>
          <Range Index="75" Length="5" />
          <Lexeme Id="Stem:aawus" GlossId="LYMnVODf" />
        </Cluster>
        <Cluster>
          <Range Index="75" Length="5" />
          <Lexeme Id="Word:aawus" GlossId="yx3qSCSO" />
        </Cluster>
      </VerseData>
    </item>
    <item>
      <string>JOL 2:4</string>
      <VerseData>
        <Cluster>
          <Range Index="66" Length="14" />
          <Lexeme Id="Phrase:bɨring shaghal" GlossId="7ZbWUIDj" />
        </Cluster>
      </VerseData>
    </item>
    <item>
      <string>JOL 2:5</string>
      <VerseData>
        <Cluster>
          <Range Index="102" Length="3" />
          <Lexeme Id="Word:ɗak" GlossId="/lW8eKwb" />
        </Cluster>
        <Cluster>
          <Range Index="102" Length="3" />
          <Lexeme Id="Stem:ɗak" GlossId="vTW0XyjH" />
        </Cluster>
        <Cluster>
          <Range Index="67" Length="5" />
          <Lexeme Id="Word:kasɓe" GlossId="OOCWdmVL" />
        </Cluster>
      </VerseData>
    </item>
    <item>
      <string>JOL 2:6</string>
      <VerseData>
        <Cluster>
          <Range Index="51" Length="5" />
          <Lexeme Id="Word:yiyak" GlossId="8dNBEXxa" />
        </Cluster>
      </VerseData>
    </item>
    <item>
      <string>JOL 2:7</string>
      <VerseData>
        <Cluster>
          <Range Index="115" Length="3" />
          <Lexeme Id="Word:koo" GlossId="qabCX+Xk" />
        </Cluster>
        <Cluster>
          <Range Index="119" Length="7" />
          <Lexeme Id="Word:nsarkul" GlossId="du/lFOHO" />
        </Cluster>
        <Cluster>
          <Range Index="108" Length="6" />
          <Lexeme Id="Prefix:n" GlossId="p6M/XpAL" />
          <Lexeme Id="Stem:sarse" />
        </Cluster>
        <Cluster>
          <Range Index="115" Length="3" />
          <Lexeme Id="Stem:koo" GlossId="r7ltB34i" />
        </Cluster>
        <Cluster>
          <Range Index="119" Length="7" />
          <Lexeme Id="Prefix:n" GlossId="p6M/XpAL" />
          <Lexeme Id="Stem:sarkul" GlossId="ACxVSFpD" />
        </Cluster>
        <Cluster>
          <Range Index="9" Length="5" />
          <Lexeme Id="Word:kurum" GlossId="oTSzINb7" />
        </Cluster>
        <Cluster>
          <Range Index="9" Length="5" />
          <Lexeme Id="Stem:kurum" GlossId="okpK46vw" />
        </Cluster>
        <Cluster>
          <Range Index="15" Length="3" />
          <Lexeme Id="Word:kok" GlossId="5fNQc7qX" />
        </Cluster>
      </VerseData>
    </item>
    <item>
      <string>JOL 2:8</string>
      <VerseData>
        <Cluster>
          <Range Index="36" Length="5" />
          <Lexeme Id="Prefix:n" GlossId="yl2qMR22" />
          <Lexeme Id="Stem:shak" />
        </Cluster>
        <Cluster>
          <Range Index="36" Length="5" />
          <Lexeme Id="Word:nshak" GlossId="mUuqe+0A" />
        </Cluster>
        <Cluster>
          <Range Index="69" Length="2" />
          <Lexeme Id="Word:kɨ" GlossId="XnpMLw0H" />
        </Cluster>
        <Cluster>
          <Range Index="24" Length="6" />
          <Lexeme Id="Stem:tɨreng" GlossId="d6QtYPCe" />
        </Cluster>
        <Cluster>
          <Range Index="24" Length="6" />
          <Lexeme Id="Word:tɨreng" GlossId="xVqYQ0Dc" />
        </Cluster>
        <Cluster>
          <Range Index="78" Length="5" />
          <Lexeme Id="Stem:kyeen" GlossId="/groOOL0" />
        </Cluster>
        <Cluster>
          <Range Index="78" Length="5" />
          <Lexeme Id="Word:kyeen" GlossId="iQ13MLBY" />
        </Cluster>
        <Cluster>
          <Range Index="76" Length="1" />
          <Lexeme Id="Word:a" GlossId="yS1xXpEj" />
        </Cluster>
        <Cluster>
          <Range Index="76" Length="1" />
          <Lexeme Id="Stem:a" GlossId="DvoVhogP" />
        </Cluster>
        <Cluster>
          <Range Index="111" Length="4" />
          <Lexeme Id="Word:mpee" GlossId="CQjRthbW" />
        </Cluster>
        <Cluster>
          <Range Index="126" Length="3" />
          <Lexeme Id="Word:baa" GlossId="xAG5i1iH" />
        </Cluster>
        <Cluster>
          <Range Index="126" Length="3" />
          <Lexeme Id="Stem:baa" GlossId="FwTDQgk8" />
        </Cluster>
        <Cluster>
          <Range Index="144" Length="3" />
          <Lexeme Id="Word:koo" GlossId="AiSzUpE1" />
        </Cluster>
        <Cluster>
          <Range Index="144" Length="3" />
          <Lexeme Id="Stem:koo" GlossId="ZjOAzwQ4" />
        </Cluster>
        <Cluster>
          <Range Index="84" Length="3" />
          <Lexeme Id="Word:kɨr" GlossId="MTTBNsx4" />
        </Cluster>
        <Cluster>
          <Range Index="88" Length="3" />
          <Lexeme Id="Word:kɨr" GlossId="MTTBNsx4" />
        </Cluster>
        <Cluster>
          <Range Index="72" Length="3" />
          <Lexeme Id="Word:yit" GlossId="9NHtGzR8" />
        </Cluster>
      </VerseData>
    </item>
    <item>
      <string>JOL 2:9</string>
      <VerseData>
        <Cluster>
          <Range Index="8" Length="5" />
          <Lexeme Id="Word:kurum" GlossId="oTSzINb7" />
        </Cluster>
        <Cluster>
          <Range Index="17" Length="3" />
          <Lexeme Id="Word:tur" GlossId="VoiwzG/i" />
        </Cluster>
        <Cluster>
          <Range Index="133" Length="4" />
          <Lexeme Id="Word:fung" GlossId="wTB94hfq" />
        </Cluster>
        <Cluster>
          <Range Index="157" Length="3" />
          <Lexeme Id="Word:wat" GlossId="4UrdMdPh" />
        </Cluster>
        <Cluster>
          <Range Index="161" Length="2" />
          <Lexeme Id="Word:mo" GlossId="5kG/NbNs" />
        </Cluster>
        <Cluster>
          <Range Index="164" Length="2" />
          <Lexeme Id="Word:kɨ" GlossId="lWTksVS/" />
        </Cluster>
        <Cluster>
          <Range Index="133" Length="4" />
          <Lexeme Id="Stem:fung" GlossId="ygFOhjUG" />
        </Cluster>
        <Cluster>
          <Range Index="68" Length="3" />
          <Lexeme Id="Word:kòk" GlossId="SFv4SPPL" />
        </Cluster>
      </VerseData>
    </item>
    <item>
      <string>JOL 2:10</string>
      <VerseData>
        <Cluster>
          <Range Index="81" Length="8" />
          <Lexeme Id="Phrase:pee nkoo" GlossId="fZAk6smC" />
        </Cluster>
        <Cluster>
          <Range Index="14" Length="2" />
          <Lexeme Id="Word:ni" GlossId="dAzF/grS" />
        </Cluster>
        <Cluster>
          <Range Index="17" Length="2" />
          <Lexeme Id="Word:kɨ" GlossId="YSRE6VQK" />
        </Cluster>
        <Cluster>
          <Range Index="31" Length="1" />
          <Lexeme Id="Word:a" GlossId="QEVzPhrw" />
        </Cluster>
        <Cluster>
          <Range Index="33" Length="7" />
          <Lexeme Id="Word:kɨkyeen" GlossId="ntqqt2FY" />
        </Cluster>
        <Cluster>
          <Range Index="41" Length="2" />
          <Lexeme Id="Word:kɨ" GlossId="gYGthKa8" />
        </Cluster>
        <Cluster>
          <Range Index="44" Length="2" />
          <Lexeme Id="Word:mo" GlossId="Gbpyilzw" />
        </Cluster>
        <Cluster>
          <Range Index="97" Length="4" />
          <Lexeme Id="Word:puus" GlossId="l/6aZzCj" />
        </Cluster>
        <Cluster>
          <Range Index="105" Length="3" />
          <Lexeme Id="Word:tár" GlossId="0KfLLHta" />
        </Cluster>
        <Cluster>
          <Range Index="109" Length="3" />
          <Lexeme Id="Word:har" GlossId="rQjpMrLb" />
        </Cluster>
        <Cluster>
          <Range Index="120" Length="2" />
          <Lexeme Id="Word:mo" GlossId="5kG/NbNs" />
        </Cluster>
        <Cluster>
          <Range Index="123" Length="4" />
          <Lexeme Id="Word:kuɗi" GlossId="1LlBN4er" />
        </Cluster>
        <Cluster>
          <Range Index="128" Length="2" />
          <Lexeme Id="Word:kɨ" GlossId="XnpMLw0H" />
        </Cluster>
        <Cluster>
          <Range Index="131" Length="4" />
          <Lexeme Id="Word:ɓang" GlossId="7vqZKcKW" />
        </Cluster>
        <Cluster>
          <Range Index="31" Length="1" />
          <Lexeme Id="Stem:a" GlossId="2aXDiz/E" />
        </Cluster>
        <Cluster>
          <Range Index="97" Length="4" />
          <Lexeme Id="Stem:puus" GlossId="WwIckZMQ" />
        </Cluster>
        <Cluster>
          <Range Index="20" Length="6" />
          <Lexeme Id="Prefix:ɗɨ" GlossId="FZY6L0e/" />
          <Lexeme Id="Stem:ɗaar" />
        </Cluster>
        <Cluster>
          <Range Index="20" Length="6" />
          <Lexeme Id="Word:ɗɨɗaar" GlossId="dP+ADZIV" />
        </Cluster>
        <Cluster>
          <Range Index="65" Length="3" />
          <Lexeme Id="Word:tak" GlossId="DJnNUUo6" />
        </Cluster>
      </VerseData>
    </item>
    <item>
      <string>JOL 2:11</string>
      <VerseData>
        <Cluster>
          <Range Index="20" Length="14" />
          <Lexeme Id="Phrase:pɨrep kaa nluu" GlossId="QypQvhue" />
        </Cluster>
        <Cluster>
          <Range Index="47" Length="2" />
          <Lexeme Id="Word:kɨ" GlossId="gYGthKa8" />
        </Cluster>
        <Cluster>
          <Range Index="111" Length="7" />
          <Lexeme Id="Prefix:pee" GlossId="GDV/h8Gy" />
          <Lexeme Id="Stem:tang" GlossId="3KxGnbQ/" />
        </Cluster>
        <Cluster>
          <Range Index="148" Length="2" />
          <Lexeme Id="Word:kɨ" GlossId="WzORqb7y" />
        </Cluster>
        <Cluster>
          <Range Index="209" Length="9" />
          <Lexeme Id="Phrase:mbii kɨɨr" GlossId="kb9ONro2" />
        </Cluster>
        <Cluster>
          <Range Index="229" Length="4" />
          <Lexeme Id="Stem:gung" GlossId="DGfI0bAg" />
        </Cluster>
        <Cluster>
          <Range Index="229" Length="4" />
          <Lexeme Id="Word:gung" GlossId="vT7nxJvo" />
        </Cluster>
        <Cluster>
          <Range Index="234" Length="2" />
          <Lexeme Id="Word:kɨ" GlossId="HLTNeslC" />
        </Cluster>
        <Cluster>
          <Range Index="237" Length="2" />
          <Lexeme Id="Word:ni" GlossId="dAzF/grS" />
        </Cluster>
        <Cluster>
          <Range Index="240" Length="2" />
          <Lexeme Id="Word:ye" GlossId="XLNoy521" />
        </Cluster>
        <Cluster>
          <Range Index="220" Length="1" />
          <Lexeme Id="Word:a" GlossId="e7WnnjJ5" />
        </Cluster>
      </VerseData>
    </item>
    <item>
      <string>JOL 2:12</string>
      <VerseData>
        <Cluster>
          <Range Index="27" Length="3" />
          <Lexeme Id="Word:koo" GlossId="D18Excy7" />
        </Cluster>
        <Cluster>
          <Range Index="31" Length="8" />
          <Lexeme Id="Word:yakyaksi" GlossId="TSZi4NNO" />
        </Cluster>
        <Cluster>
          <Range Index="67" Length="2" />
          <Lexeme Id="Word:kɨ" GlossId="XnpMLw0H" />
        </Cluster>
        <Cluster>
          <Range Index="92" Length="4" />
          <Lexeme Id="Word:nook" GlossId="aFeOvjNE" />
        </Cluster>
      </VerseData>
    </item>
    <item>
      <string>JOL 2:13</string>
      <VerseData>
        <Cluster>
          <Range Index="153" Length="2" />
          <Lexeme Id="Word:kɨ" GlossId="XnpMLw0H" />
        </Cluster>
        <Cluster>
          <Range Index="240" Length="4" />
          <Lexeme Id="Word:nook" GlossId="aFeOvjNE" />
        </Cluster>
        <Cluster>
          <Range Index="240" Length="4" />
          <Lexeme Id="Stem:nook" GlossId="yXKduK14" />
        </Cluster>
      </VerseData>
    </item>
    <item>
      <string>JOL 2:14</string>
      <VerseData>
        <Cluster>
          <Range Index="15" Length="2" />
          <Lexeme Id="Word:ye" GlossId="XLNoy521" />
        </Cluster>
        <Cluster>
          <Range Index="6" Length="1" />
          <Lexeme Id="Word:a" GlossId="e7WnnjJ5" />
        </Cluster>
        <Cluster>
          <Range Index="19" Length="5" />
          <Lexeme Id="Stem:meeɓe" GlossId="IEUnOUMW" />
        </Cluster>
        <Cluster>
          <Range Index="44" Length="2" />
          <Lexeme Id="Word:kɨ" GlossId="HLTNeslC" />
        </Cluster>
        <Cluster>
          <Range Index="107" Length="3" />
          <Lexeme Id="Word:yit" GlossId="Gvy/U0Ec" />
        </Cluster>
        <Cluster>
          <Range Index="107" Length="3" />
          <Lexeme Id="Stem:yit" GlossId="fzAk0sUB" />
        </Cluster>
      </VerseData>
    </item>
    <item>
      <string>JOL 2:15</string>
      <VerseData>
        <Cluster>
          <Range Index="85" Length="7" />
          <Lexeme Id="Stem:daampee" GlossId="hUjdJFZm" />
        </Cluster>
        <Cluster>
          <Range Index="85" Length="7" />
          <Lexeme Id="Word:daampee" GlossId="7E9wASV7" />
        </Cluster>
        <Cluster>
          <Range Index="102" Length="4" />
          <Lexeme Id="Word:tong" GlossId="Vk8g59Dj" />
        </Cluster>
        <Cluster>
          <Range Index="107" Length="2" />
          <Lexeme Id="Word:kɨ" GlossId="XnpMLw0H" />
        </Cluster>
        <Cluster>
          <Range Index="110" Length="4" />
          <Lexeme Id="Word:neen" GlossId="GIUDDTbX" />
        </Cluster>
        <Cluster>
          <Range Index="102" Length="12" />
          <Lexeme Id="Phrase:tong kɨ neen" GlossId="839JYMOz" />
        </Cluster>
      </VerseData>
    </item>
    <item>
      <string>JOL 2:16</string>
      <VerseData>
        <Cluster>
          <Range Index="14" Length="11" />
          <Lexeme Id="Phrase:gurum ni mo" GlossId="bMShlSY5" />
        </Cluster>
        <Cluster>
          <Range Index="14" Length="5" />
          <Lexeme Id="Word:gurum" GlossId="LxPVBwme" />
        </Cluster>
        <Cluster>
          <Range Index="20" Length="2" />
          <Lexeme Id="Word:ni" GlossId="DKXEBqTO" />
        </Cluster>
        <Cluster>
          <Range Index="72" Length="4" />
          <Lexeme Id="Word:mbut" GlossId="7GlCq1tO" />
        </Cluster>
        <Cluster>
          <Range Index="160" Length="3" />
          <Lexeme Id="Word:ɗik" GlossId="j2B50aP0" />
        </Cluster>
        <Cluster>
          <Range Index="14" Length="5" />
          <Lexeme Id="Stem:gurum" GlossId="t4FCOHpd" />
        </Cluster>
        <Cluster>
          <Range Index="20" Length="2" />
          <Lexeme Id="Stem:ni" GlossId="BNNFu+/Y" />
        </Cluster>
        <Cluster>
          <Range Index="160" Length="3" />
          <Lexeme Id="Stem:ɗik" GlossId="SBfaO9yp" />
        </Cluster>
        <Cluster>
          <Range Index="58" Length="4" />
          <Lexeme Id="Word:ɓang" GlossId="Y+09x879" />
        </Cluster>
        <Cluster>
          <Range Index="63" Length="4" />
          <Lexeme Id="Word:ɓang" GlossId="Y+09x879" />
        </Cluster>
      </VerseData>
    </item>
    <item>
      <string>JOL 2:17</string>
      <VerseData>
        <Cluster>
          <Range Index="34" Length="3" />
          <Lexeme Id="Stem:ɗak" GlossId="cXV4o/6S" />
        </Cluster>
        <Cluster>
          <Range Index="34" Length="3" />
          <Lexeme Id="Word:ɗak" GlossId="1rcbASZr" />
        </Cluster>
        <Cluster>
          <Range Index="38" Length="3" />
          <Lexeme Id="Prefix:n" GlossId="k7xG9kFI" />
          <Lexeme Id="Stem:lu" />
        </Cluster>
        <Cluster>
          <Range Index="38" Length="12" />
          <Lexeme Id="Phrase:nlu kɨ̀ naan" GlossId="urkK34pV" />
        </Cluster>
        <Cluster>
          <Range Index="38" Length="3" />
          <Lexeme Id="Word:nlu" GlossId="dbnuYGHn" />
        </Cluster>
        <Cluster>
          <Range Index="51" Length="2" />
          <Lexeme Id="Word:mo" GlossId="LxjF2idy" />
        </Cluster>
        <Cluster>
          <Range Index="69" Length="2" />
          <Lexeme Id="Word:kɨ" GlossId="lWTksVS/" />
        </Cluster>
        <Cluster>
          <Range Index="72" Length="6" />
          <Lexeme Id="Word:loghot" GlossId="2aY8kSPd" />
        </Cluster>
        <Cluster>
          <Range Index="83" Length="2" />
          <Lexeme Id="Word:ɗi" GlossId="H0eEJSBq" />
        </Cluster>
        <Cluster>
          <Range Index="134" Length="4" />
          <Lexeme Id="Word:màap" GlossId="5m9mAHYi" />
        </Cluster>
      </VerseData>
    </item>
    <item>
      <string>JOL 2:18</string>
      <VerseData />
    </item>
    <item>
      <string>JOL 2:19</string>
      <VerseData>
        <Cluster>
          <Range Index="21" Length="4" />
          <Lexeme Id="Word:ɗáng" GlossId="YL7abS6J" />
        </Cluster>
        <Cluster>
          <Range Index="46" Length="3" />
          <Lexeme Id="Word:wan" GlossId="uxuyozQa" />
        </Cluster>
        <Cluster>
          <Range Index="99" Length="2" />
          <Lexeme Id="Word:mo" GlossId="LxjF2idy" />
        </Cluster>
        <Cluster>
          <Range Index="165" Length="4" />
          <Lexeme Id="Stem:m" GlossId="bssGkG2n" />
          <Lexeme Id="Stem:mee" GlossId="mvYAKtmd" />
        </Cluster>
        <Cluster>
          <Range Index="165" Length="4" />
          <Lexeme Id="Word:mmee" GlossId="HrGO6kRL" />
        </Cluster>
        <Cluster>
          <Range Index="170" Length="3" />
          <Lexeme Id="Word:das" GlossId="GKEtAz7o" />
        </Cluster>
      </VerseData>
    </item>
    <item>
      <string>JOL 2:20</string>
      <VerseData>
        <Cluster>
          <Range Index="87" Length="2" />
          <Lexeme Id="Word:ɗi" GlossId="H0eEJSBq" />
        </Cluster>
        <Cluster>
          <Range Index="87" Length="2" />
          <Lexeme Id="Stem:ɗi" GlossId="5+fqaSjH" />
        </Cluster>
        <Cluster>
          <Range Index="91" Length="3" />
          <Lexeme Id="Word:wan" GlossId="uxuyozQa" />
        </Cluster>
        <Cluster>
          <Range Index="95" Length="4" />
          <Lexeme Id="Stem:n" GlossId="FHs0/mas" />
          <Lexeme Id="Stem:tup" GlossId="b9jv5RqO" />
        </Cluster>
        <Cluster>
          <Range Index="95" Length="4" />
          <Lexeme Id="Word:ntup" GlossId="wTKNGIoP" />
        </Cluster>
        <Cluster>
          <Range Index="100" Length="2" />
          <Lexeme Id="Word:mo" GlossId="Gbpyilzw" />
        </Cluster>
        <Cluster>
          <Range Index="106" Length="7" />
          <Lexeme Id="Word:twagham" GlossId="6msgCSbe" />
        </Cluster>
        <Cluster>
          <Range Index="114" Length="1" />
          <Lexeme Id="Word:a" GlossId="Ii8TwxuG" />
        </Cluster>
        <Cluster>
          <Range Index="114" Length="1" />
          <Lexeme Id="Stem:a" GlossId="KRDtMhEQ" />
        </Cluster>
        <Cluster>
          <Range Index="148" Length="6" />
          <Lexeme Id="Stem:koghop" GlossId="YhU8kZdX" />
        </Cluster>
        <Cluster>
          <Range Index="148" Length="6" />
          <Lexeme Id="Word:koghop" GlossId="deoAG9bL" />
        </Cluster>
        <Cluster>
          <Range Index="141" Length="2" />
          <Lexeme Id="Word:kɨ" GlossId="y7y079dc" />
        </Cluster>
        <Cluster>
          <Range Index="235" Length="3" />
          <Lexeme Id="Stem:kaa" GlossId="jslqGZn/" />
        </Cluster>
        <Cluster>
          <Range Index="235" Length="3" />
          <Lexeme Id="Word:kaa" GlossId="yoUunLgj" />
        </Cluster>
        <Cluster>
          <Range Index="215" Length="5" />
          <Lexeme Id="Stem:bahar" GlossId="rnD4fnvA" />
        </Cluster>
        <Cluster>
          <Range Index="215" Length="5" />
          <Lexeme Id="Word:bahar" GlossId="ov+JmqKI" />
        </Cluster>
        <Cluster>
          <Range Index="301" Length="15" />
          <Lexeme Id="Phrase:nkoghop puus ru" GlossId="zDZHnMU3" />
        </Cluster>
        <Cluster>
          <Range Index="222" Length="16" />
          <Lexeme Id="Phrase:nkoghop puus kaa" GlossId="JAX7VFfN" />
        </Cluster>
        <Cluster>
          <Range Index="330" Length="4" />
          <Lexeme Id="Stem:n" GlossId="FHs0/mas" />
          <Lexeme Id="Stem:kaa" GlossId="jslqGZn/" />
        </Cluster>
        <Cluster>
          <Range Index="330" Length="4" />
          <Lexeme Id="Word:nkaa" GlossId="x0xy4uEd" />
        </Cluster>
      </VerseData>
    </item>
    <item>
      <string>JOL 2:21</string>
      <VerseData>
        <Cluster>
          <Range Index="100" Length="2" />
          <Lexeme Id="Word:kɨ" GlossId="lWTksVS/" />
        </Cluster>
        <Cluster>
          <Range Index="103" Length="3" />
          <Lexeme Id="Word:cin" GlossId="bEX0zlwG" />
        </Cluster>
      </VerseData>
    </item>
    <item>
      <string>JOL 2:32</string>
      <VerseData>
        <Cluster>
          <Range Index="28" Length="10" />
          <Lexeme Id="Phrase:ɗiiɗang ye" GlossId="JY826wOo" />
        </Cluster>
        <Cluster>
          <Range Index="18" Length="3" />
          <Lexeme Id="Word:koo" GlossId="LeZXaAB4" />
        </Cluster>
        <Cluster>
          <Range Index="92" Length="4" />
          <Lexeme Id="Word:ɗeng" GlossId="Ao4jx993" />
        </Cluster>
        <Cluster>
          <Range Index="112" Length="10" />
          <Lexeme Id="Word:njerusalem" GlossId="dXZMvqKW" />
        </Cluster>
        <Cluster>
          <Range Index="175" Length="2" />
          <Lexeme Id="Word:kɨ" GlossId="lWTksVS/" />
        </Cluster>
        <Cluster>
          <Range Index="112" Length="10" />
          <Lexeme Id="Prefix:n" GlossId="k7xG9kFI" />
          <Lexeme Id="Stem:jerusalem" />
        </Cluster>
        <Cluster>
          <Range Index="6" Length="7" />
          <Lexeme Id="Word:parmɨni" GlossId="LZGrpqNa" />
        </Cluster>
      </VerseData>
    </item>
    <item>
      <string>JOL 2:22</string>
      <VerseData>
        <Cluster>
          <Range Index="77" Length="2" />
          <Lexeme Id="Word:kɨ" GlossId="lWTksVS/" />
        </Cluster>
        <Cluster>
          <Range Index="80" Length="3" />
          <Lexeme Id="Word:yaa" GlossId="E+cnczaZ" />
        </Cluster>
        <Cluster>
          <Range Index="84" Length="3" />
          <Lexeme Id="Word:kaa" GlossId="qJaKbNet" />
        </Cluster>
        <Cluster>
          <Range Index="136" Length="2" />
          <Lexeme Id="Word:kɨ" GlossId="WzORqb7y" />
        </Cluster>
        <Cluster>
          <Range Index="156" Length="2" />
          <Lexeme Id="Word:kɨ" GlossId="XnpMLw0H" />
        </Cluster>
        <Cluster>
          <Range Index="159" Length="3" />
          <Lexeme Id="Word:laa" GlossId="/bip4XAL" />
        </Cluster>
        <Cluster>
          <Range Index="42" Length="3" />
          <Lexeme Id="Stem:yaa" GlossId="QwuLyjYo" />
        </Cluster>
        <Cluster>
          <Range Index="159" Length="3" />
          <Lexeme Id="Stem:laa" GlossId="hmmwYn6J" />
        </Cluster>
        <Cluster>
          <Range Index="101" Length="4" />
          <Lexeme Id="Word:nkaa" GlossId="5BnKTgRU" />
        </Cluster>
      </VerseData>
    </item>
    <item>
      <string>JOL 2:23</string>
      <VerseData>
        <Cluster>
          <Range Index="111" Length="6" />
          <Lexeme Id="Word:tarlok" GlossId="PlQSrOfK" />
        </Cluster>
        <Cluster>
          <Range Index="251" Length="2" />
          <Lexeme Id="Word:kɨ" GlossId="lWTksVS/" />
        </Cluster>
        <Cluster>
          <Range Index="261" Length="2" />
          <Lexeme Id="Word:kɨ" GlossId="lWTksVS/" />
        </Cluster>
        <Cluster>
          <Range Index="264" Length="3" />
          <Lexeme Id="Word:cin" GlossId="bEX0zlwG" />
        </Cluster>
        <Cluster>
          <Range Index="111" Length="6" />
          <Lexeme Id="Stem:tarlok" GlossId="WyWoMyGm" />
        </Cluster>
        <Cluster>
          <Range Index="212" Length="6" />
          <Lexeme Id="Stem:tarpas" GlossId="aagrLEHm" />
        </Cluster>
        <Cluster>
          <Range Index="212" Length="6" />
          <Lexeme Id="Word:tarpas" GlossId="Qi7bg0V2" />
        </Cluster>
        <Cluster>
          <Range Index="254" Length="6" />
          <Lexeme Id="Word:loghot" GlossId="lu9mavBe" />
        </Cluster>
      </VerseData>
    </item>
    <item>
      <string>JOL 2:24</string>
      <VerseData>
        <Cluster>
          <Range Index="6" Length="4" />
          <Lexeme Id="Word:láap" GlossId="KcBxQjRd" />
        </Cluster>
        <Cluster>
          <Range Index="23" Length="2" />
          <Lexeme Id="Word:àa" GlossId="tIolEy78" />
        </Cluster>
        <Cluster>
          <Range Index="47" Length="2" />
          <Lexeme Id="Word:kɨ" GlossId="XnpMLw0H" />
        </Cluster>
        <Cluster>
          <Range Index="27" Length="4" />
          <Lexeme Id="Word:been" GlossId="l9RsEuiJ" />
        </Cluster>
        <Cluster>
          <Range Index="64" Length="9" />
          <Lexeme Id="Phrase:tughul am" GlossId="p9mwLm0F" />
        </Cluster>
        <Cluster>
          <Range Index="83" Length="2" />
          <Lexeme Id="Word:kɨ" GlossId="XnpMLw0H" />
        </Cluster>
      </VerseData>
    </item>
    <item>
      <string>JOL 2:25</string>
      <VerseData>
        <Cluster>
          <Range Index="36" Length="7" />
          <Lexeme Id="Word:taamɗok" GlossId="fl/AfTP0" />
        </Cluster>
      </VerseData>
    </item>
    <item>
      <string>JOL 2:27</string>
      <VerseData>
        <Cluster>
          <Range Index="139" Length="3" />
          <Lexeme Id="Word:see" GlossId="ofqkLXff" />
        </Cluster>
      </VerseData>
    </item>
    <item>
      <string>JOL 2:26</string>
      <VerseData />
    </item>
    <item>
      <string>JOL 2:28</string>
      <VerseData>
        <Cluster>
          <Range Index="84" Length="4" />
          <Lexeme Id="Word:nɗoo" GlossId="rw7qeixr" />
        </Cluster>
        <Cluster>
          <Range Index="192" Length="5" />
          <Lexeme Id="Word:ndung" GlossId="YJF2cBhZ" />
        </Cluster>
        <Cluster>
          <Range Index="201" Length="7" />
          <Lexeme Id="Word:akiyeen" GlossId="737Uzcd4" />
        </Cluster>
        <Cluster>
          <Range Index="237" Length="7" />
          <Lexeme Id="Word:nsughun" GlossId="MmV0Tx0E" />
        </Cluster>
        <Cluster>
          <Range Index="282" Length="5" />
          <Lexeme Id="Word:sɨsok" GlossId="vUs2L5/Q" />
        </Cluster>
        <Cluster>
          <Range Index="308" Length="6" />
          <Lexeme Id="Word:nrɨɓet" GlossId="w0kqOdUa" />
        </Cluster>
        <Cluster>
          <Range Index="315" Length="3" />
          <Lexeme Id="Word:kám" GlossId="NICYpO8Y" />
        </Cluster>
        <Cluster>
          <Range Index="319" Length="2" />
          <Lexeme Id="Word:ni" GlossId="dAzF/grS" />
        </Cluster>
        <Cluster>
          <Range Index="192" Length="5" />
          <Lexeme Id="Stem:n" />
          <Lexeme Id="Stem:dung" GlossId="HuyU/1o0" />
        </Cluster>
        <Cluster>
          <Range Index="201" Length="7" />
          <Lexeme Id="Prefix:a" />
          <Lexeme Id="Stem:kiyeen" GlossId="7g5L54UL" />
        </Cluster>
        <Cluster>
          <Range Index="237" Length="7" />
          <Lexeme Id="Prefix:n" />
          <Lexeme Id="Stem:sughun" GlossId="kB8p+9Bp" />
        </Cluster>
        <Cluster>
          <Range Index="282" Length="5" />
          <Lexeme Id="Stem:sɨsok" GlossId="iGNgEAfN" />
        </Cluster>
        <Cluster>
          <Range Index="308" Length="6" />
          <Lexeme Id="Stem:n" GlossId="FHs0/mas" />
          <Lexeme Id="Suffix:rɨɓet" GlossId="+LPM9b/+" />
        </Cluster>
        <Cluster>
          <Range Index="225" Length="3" />
          <Lexeme Id="Stem:kun" GlossId="2XmXKhHt" />
        </Cluster>
        <Cluster>
          <Range Index="225" Length="3" />
          <Lexeme Id="Word:kun" GlossId="hwS3mUFB" />
        </Cluster>
      </VerseData>
    </item>
    <item>
      <string>JOL 2:29</string>
      <VerseData />
    </item>
    <item>
      <string>JOL 2:31</string>
      <VerseData>
        <Cluster>
          <Range Index="106" Length="4" />
          <Lexeme Id="Stem:naat" GlossId="4A1EYxfj" />
        </Cluster>
        <Cluster>
          <Range Index="106" Length="4" />
          <Lexeme Id="Word:naat" GlossId="ldCKVnmc" />
        </Cluster>
      </VerseData>
    </item>
    <item>
      <string>JOL 2:30</string>
      <VerseData />
    </item>
    <item>
      <string>JOL 3:2</string>
      <VerseData>
        <Cluster>
          <Range Index="12" Length="5" />
          <Lexeme Id="Word:nkyak" GlossId="zoNcUCFx" />
        </Cluster>
        <Cluster>
          <Range Index="23" Length="2" />
          <Lexeme Id="Word:ɗi" GlossId="H0eEJSBq" />
        </Cluster>
        <Cluster>
          <Range Index="92" Length="4" />
          <Lexeme Id="Word:mpee" GlossId="ehwp5ZvI" />
        </Cluster>
        <Cluster>
          <Range Index="97" Length="3" />
          <Lexeme Id="Word:kop" GlossId="XGGB56ql" />
        </Cluster>
        <Cluster>
          <Range Index="203" Length="4" />
          <Lexeme Id="Word:furu" GlossId="0PkWa96H" />
        </Cluster>
      </VerseData>
    </item>
    <item>
      <string>JOL 3:4</string>
      <VerseData>
        <Cluster>
          <Range Index="127" Length="8" />
          <Lexeme Id="Phrase:mee mbii" GlossId="T3Fjqbfa" />
        </Cluster>
        <Cluster>
          <Range Index="111" Length="1" />
          <Lexeme Id="Word:a" GlossId="e7WnnjJ5" />
        </Cluster>
        <Cluster>
          <Range Index="122" Length="4" />
          <Lexeme Id="Word:mpee" GlossId="8sAKQ1Te" />
        </Cluster>
        <Cluster>
          <Range Index="127" Length="3" />
          <Lexeme Id="Word:mee" GlossId="B7kf0B5u" />
        </Cluster>
        <Cluster>
          <Range Index="136" Length="2" />
          <Lexeme Id="Word:aa" GlossId="yxGpQxaw" />
        </Cluster>
        <Cluster>
          <Range Index="140" Length="7" />
          <Lexeme Id="Word:katɗang" GlossId="/Wfn7VOx" />
        </Cluster>
        <Cluster>
          <Range Index="148" Length="1" />
          <Lexeme Id="Word:a" GlossId="S0SOwU+a" />
        </Cluster>
        <Cluster>
          <Range Index="150" Length="3" />
          <Lexeme Id="Word:pan" GlossId="BzgJe0Uu" />
        </Cluster>
        <Cluster>
          <Range Index="154" Length="3" />
          <Lexeme Id="Word:fuu" GlossId="q/zJfB6o" />
        </Cluster>
        <Cluster>
          <Range Index="35" Length="5" />
          <Lexeme Id="Word:sidon" GlossId="dzgn6jb0" />
        </Cluster>
        <Cluster>
          <Range Index="35" Length="5" />
          <Lexeme Id="Stem:sidon" GlossId="arnVi6Gt" />
        </Cluster>
      </VerseData>
    </item>
    <item>
      <string>JOL 3:0</string>
      <VerseData />
    </item>
    <item>
      <string>JOL 3:5</string>
      <VerseData />
    </item>
    <item>
      <string>JOL 3:6</string>
      <VerseData>
        <Cluster>
          <Range Index="63" Length="2" />
          <Lexeme Id="Word:kɨ" GlossId="HLTNeslC" />
        </Cluster>
        <Cluster>
          <Range Index="66" Length="2" />
          <Lexeme Id="Word:mo" GlossId="Gbpyilzw" />
        </Cluster>
        <Cluster>
          <Range Index="74" Length="4" />
          <Lexeme Id="Word:grik" GlossId="6RuhRchm" />
        </Cluster>
        <Cluster>
          <Range Index="82" Length="4" />
          <Lexeme Id="Stem:m" GlossId="7A7xjWUs" />
          <Lexeme Id="Stem:mee" GlossId="O+qEMcWq" />
        </Cluster>
        <Cluster>
          <Range Index="82" Length="4" />
          <Lexeme Id="Word:mmee" GlossId="S5/ZsQj8" />
        </Cluster>
      </VerseData>
    </item>
    <item>
      <string>JOL 3:7</string>
      <VerseData>
        <Cluster>
          <Range Index="14" Length="4" />
          <Lexeme Id="Stem:m" GlossId="HWUq2A3P" />
          <Lexeme Id="Stem:baa" />
        </Cluster>
        <Cluster>
          <Range Index="14" Length="4" />
          <Lexeme Id="Word:mbaa" GlossId="Ceauyic6" />
        </Cluster>
        <Cluster>
          <Range Index="19" Length="3" />
          <Lexeme Id="Word:njì" GlossId="F7CM5M3y" />
        </Cluster>
        <Cluster>
          <Range Index="23" Length="2" />
          <Lexeme Id="Word:kɨ" GlossId="HLTNeslC" />
        </Cluster>
        <Cluster>
          <Range Index="26" Length="2" />
          <Lexeme Id="Word:mo" GlossId="Gbpyilzw" />
        </Cluster>
        <Cluster>
          <Range Index="29" Length="4" />
          <Lexeme Id="Stem:m" GlossId="N1BB4moh" />
          <Lexeme Id="Stem:pee" GlossId="Tnd70omE" />
        </Cluster>
        <Cluster>
          <Range Index="29" Length="4" />
          <Lexeme Id="Word:mpee" GlossId="2otcW5mw" />
        </Cluster>
        <Cluster>
          <Range Index="51" Length="2" />
          <Lexeme Id="Word:kɨ" GlossId="HLTNeslC" />
        </Cluster>
        <Cluster>
          <Range Index="54" Length="2" />
          <Lexeme Id="Word:mo" GlossId="Gbpyilzw" />
        </Cluster>
      </VerseData>
    </item>
    <item>
      <string>JOL 3:8</string>
      <VerseData>
        <Cluster>
          <Range Index="9" Length="5" />
          <Lexeme Id="Word:nseet" GlossId="JaYNrHew" />
        </Cluster>
        <Cluster>
          <Range Index="15" Length="2" />
          <Lexeme Id="Word:kɨ" GlossId="HLTNeslC" />
        </Cluster>
        <Cluster>
          <Range Index="90" Length="2" />
          <Lexeme Id="Word:kɨ" GlossId="HLTNeslC" />
        </Cluster>
        <Cluster>
          <Range Index="101" Length="6" />
          <Lexeme Id="Word:sabiya" GlossId="H4GO6V64" />
        </Cluster>
        <Cluster>
          <Range Index="165" Length="2" />
          <Lexeme Id="Word:kɨ" GlossId="lWTksVS/" />
        </Cluster>
      </VerseData>
    </item>
    <item>
      <string>JOL 3:9</string>
      <VerseData>
        <Cluster>
          <Range Index="34" Length="3" />
          <Lexeme Id="Stem:ɗak" GlossId="vTW0XyjH" />
        </Cluster>
        <Cluster>
          <Range Index="34" Length="3" />
          <Lexeme Id="Word:ɗak" GlossId="/lW8eKwb" />
        </Cluster>
        <Cluster>
          <Range Index="38" Length="3" />
          <Lexeme Id="Word:suk" GlossId="BGG4buFO" />
        </Cluster>
        <Cluster>
          <Range Index="42" Length="4" />
          <Lexeme Id="Word:mpee" GlossId="8sAKQ1Te" />
        </Cluster>
        <Cluster>
          <Range Index="78" Length="3" />
          <Lexeme Id="Stem:ɗak" GlossId="vTW0XyjH" />
        </Cluster>
        <Cluster>
          <Range Index="78" Length="3" />
          <Lexeme Id="Word:ɗak" GlossId="/lW8eKwb" />
        </Cluster>
      </VerseData>
    </item>
    <item>
      <string>JOL 3:10</string>
      <VerseData>
        <Cluster>
          <Range Index="9" Length="3" />
          <Lexeme Id="Stem:ɗak" GlossId="aG6dRJfk" />
        </Cluster>
        <Cluster>
          <Range Index="9" Length="3" />
          <Lexeme Id="Word:ɗak" GlossId="Fznmzq5F" />
        </Cluster>
        <Cluster>
          <Range Index="13" Length="4" />
          <Lexeme Id="Stem:caan" GlossId="/EnPK31R" />
        </Cluster>
        <Cluster>
          <Range Index="18" Length="4" />
          <Lexeme Id="Stem:maar" GlossId="2jG1Y3yO" />
        </Cluster>
        <Cluster>
          <Range Index="13" Length="9" />
          <Lexeme Id="Phrase:caan maar" GlossId="QHPDM4vZ" />
        </Cluster>
        <Cluster>
          <Range Index="30" Length="3" />
          <Lexeme Id="Word:baa" GlossId="3lV+dzev" />
        </Cluster>
        <Cluster>
          <Range Index="34" Length="5" />
          <Lexeme Id="Prefix:n" GlossId="jd5zHNYT" />
          <Lexeme Id="Stem:kwai" GlossId="3LrklAjC" />
        </Cluster>
        <Cluster>
          <Range Index="34" Length="5" />
          <Lexeme Id="Word:nkwai" GlossId="UbEfIVgJ" />
        </Cluster>
        <Cluster>
          <Range Index="44" Length="3" />
          <Lexeme Id="Word:cuk" GlossId="o5jFS2SL" />
        </Cluster>
        <Cluster>
          <Range Index="78" Length="3" />
          <Lexeme Id="Word:koo" GlossId="D18Excy7" />
        </Cluster>
        <Cluster>
          <Range Index="98" Length="2" />
          <Lexeme Id="Word:kɨ" GlossId="y7y079dc" />
        </Cluster>
        <Cluster>
          <Range Index="121" Length="4" />
          <Lexeme Id="Prefix:n" GlossId="p6M/XpAL" />
          <Lexeme Id="Stem:lek" />
        </Cluster>
        <Cluster>
          <Range Index="121" Length="4" />
          <Lexeme Id="Word:nlek" GlossId="e7tXN/db" />
        </Cluster>
      </VerseData>
    </item>
    <item>
      <string>JOL 3:11</string>
      <VerseData>
        <Cluster>
          <Range Index="91" Length="7" />
          <Lexeme Id="Prefix:n" GlossId="oYKLxMWO" />
          <Lexeme Id="Stem:voghor" GlossId="RHBmqukl" />
        </Cluster>
        <Cluster>
          <Range Index="91" Length="7" />
          <Lexeme Id="Word:nvoghor" GlossId="PvDY6zpc" />
        </Cluster>
      </VerseData>
    </item>
    <item>
      <string>JOL 3:12</string>
      <VerseData>
        <Cluster>
          <Range Index="30" Length="3" />
          <Lexeme Id="Stem:ɗak" GlossId="vTW0XyjH" />
        </Cluster>
        <Cluster>
          <Range Index="30" Length="3" />
          <Lexeme Id="Word:ɗak" GlossId="/lW8eKwb" />
        </Cluster>
        <Cluster>
          <Range Index="60" Length="10" />
          <Lexeme Id="Word:jehoshafat" GlossId="bFnC/9iS" />
        </Cluster>
        <Cluster>
          <Range Index="60" Length="10" />
          <Lexeme Id="Stem:jehoshafat" GlossId="lRzeRuNS" />
        </Cluster>
        <Cluster>
          <Range Index="74" Length="4" />
          <Lexeme Id="Stem:m" GlossId="YsUWwSW+" />
          <Lexeme Id="Stem:pee" GlossId="Tnd70omE" />
        </Cluster>
        <Cluster>
          <Range Index="74" Length="4" />
          <Lexeme Id="Word:mpee" GlossId="n3xwyE0E" />
        </Cluster>
        <Cluster>
          <Range Index="108" Length="3" />
          <Lexeme Id="Stem:kun" />
        </Cluster>
      </VerseData>
    </item>
    <item>
      <string>JOL 3:13</string>
      <VerseData>
        <Cluster>
          <Range Index="73" Length="4" />
          <Lexeme Id="Word:ɗìip" GlossId="5zbGz9Gs" />
        </Cluster>
        <Cluster>
          <Range Index="68" Length="4" />
          <Lexeme Id="Stem:n" />
          <Lexeme Id="Stem:tar" GlossId="xeksuJ2L" />
        </Cluster>
        <Cluster>
          <Range Index="68" Length="4" />
          <Lexeme Id="Word:ntar" GlossId="vcP1QKmh" />
        </Cluster>
        <Cluster>
          <Range Index="96" Length="2" />
          <Lexeme Id="Word:kɨ" GlossId="XnpMLw0H" />
        </Cluster>
        <Cluster>
          <Range Index="113" Length="2" />
          <Lexeme Id="Word:kɨ" GlossId="lWTksVS/" />
        </Cluster>
        <Cluster>
          <Range Index="116" Length="6" />
          <Lexeme Id="Stem:tɨreng" GlossId="d6QtYPCe" />
        </Cluster>
        <Cluster>
          <Range Index="116" Length="6" />
          <Lexeme Id="Word:tɨreng" GlossId="xVqYQ0Dc" />
        </Cluster>
      </VerseData>
    </item>
    <item>
      <string>JOL 3:14</string>
      <VerseData>
        <Cluster>
          <Range Index="48" Length="3" />
          <Lexeme Id="Word:dan" GlossId="JBTSUrXy" />
        </Cluster>
        <Cluster>
          <Range Index="72" Length="4" />
          <Lexeme Id="Word:puus" GlossId="vGQvsMfj" />
        </Cluster>
        <Cluster>
          <Range Index="72" Length="4" />
          <Lexeme Id="Stem:puus" GlossId="XMKnuCIe" />
        </Cluster>
      </VerseData>
    </item>
    <item>
      <string>JOL 3:15</string>
      <VerseData>
        <Cluster>
          <Range Index="57" Length="7" />
          <Lexeme Id="Stem:ɓángpee" GlossId="PEMFDOrc" />
        </Cluster>
        <Cluster>
          <Range Index="57" Length="7" />
          <Lexeme Id="Word:ɓángpee" GlossId="HkJ41Ma+" />
        </Cluster>
      </VerseData>
    </item>
    <item>
      <string>JOL 3:16</string>
      <VerseData>
        <Cluster>
          <Range Index="25" Length="4" />
          <Lexeme Id="Word:ɗeng" GlossId="Ao4jx993" />
        </Cluster>
        <Cluster>
          <Range Index="25" Length="4" />
          <Lexeme Id="Stem:ɗeng" GlossId="HPyJizOM" />
        </Cluster>
        <Cluster>
          <Range Index="23" Length="1" />
          <Lexeme Id="Word:a" GlossId="6WdxiA6A" />
        </Cluster>
        <Cluster>
          <Range Index="78" Length="4" />
          <Lexeme Id="Word:koot" GlossId="u8eiYuND" />
        </Cluster>
        <Cluster>
          <Range Index="129" Length="6" />
          <Lexeme Id="Word:nfwang" GlossId="h27bxL98" />
        </Cluster>
      </VerseData>
    </item>
    <item>
      <string>JOL 3:17</string>
      <VerseData>
        <Cluster>
          <Range Index="12" Length="4" />
          <Lexeme Id="Word:kɨsi" GlossId="0HUKoExi" />
        </Cluster>
        <Cluster>
          <Range Index="165" Length="6" />
          <Lexeme Id="Word:yaghal" GlossId="3uN3/QBo" />
        </Cluster>
      </VerseData>
    </item>
    <item>
      <string>JOL 3:18</string>
      <VerseData>
        <Cluster>
          <Range Index="14" Length="4" />
          <Lexeme Id="Word:puus" GlossId="vGQvsMfj" />
        </Cluster>
        <Cluster>
          <Range Index="38" Length="4" />
          <Lexeme Id="Word:ɗeng" GlossId="fju0+VPs" />
        </Cluster>
        <Cluster>
          <Range Index="57" Length="2" />
          <Lexeme Id="Word:kɨ" GlossId="XnpMLw0H" />
        </Cluster>
        <Cluster>
          <Range Index="215" Length="2" />
          <Lexeme Id="Word:kɨ" GlossId="gYGthKa8" />
        </Cluster>
        <Cluster>
          <Range Index="231" Length="4" />
          <Lexeme Id="Word:pang" GlossId="6HqxjjT8" />
        </Cluster>
      </VerseData>
    </item>
    <item>
      <string>JOL 3:19</string>
      <VerseData>
        <Cluster>
          <Range Index="23" Length="3" />
          <Lexeme Id="Word:mee" GlossId="FvQwDmZK" />
        </Cluster>
        <Cluster>
          <Range Index="133" Length="2" />
          <Lexeme Id="Word:kɨ" GlossId="lWTksVS/" />
        </Cluster>
        <Cluster>
          <Range Index="148" Length="2" />
          <Lexeme Id="Word:kɨ" GlossId="gYGthKa8" />
        </Cluster>
        <Cluster>
          <Range Index="156" Length="8" />
          <Lexeme Id="Phrase:sar pàat" GlossId="y2+X7lDp" />
        </Cluster>
      </VerseData>
    </item>
    <item>
      <string>JOL 3:20</string>
      <VerseData>
        <Cluster>
          <Range Index="56" Length="4" />
          <Lexeme Id="Word:mɓut" GlossId="l3Kb9bRB" />
        </Cluster>
        <Cluster>
          <Range Index="61" Length="4" />
          <Lexeme Id="Word:mumo" GlossId="K0WFewGJ" />
        </Cluster>
        <Cluster>
          <Range Index="76" Length="6" />
          <Lexeme Id="Stem:yaghal" GlossId="utUDUbSn" />
        </Cluster>
        <Cluster>
          <Range Index="76" Length="6" />
          <Lexeme Id="Word:yaghal" GlossId="93rxKhmw" />
        </Cluster>
        <Cluster>
          <Range Index="92" Length="2" />
          <Lexeme Id="Word:so" GlossId="SmIM94Tt" />
        </Cluster>
        <Cluster>
          <Range Index="83" Length="8" />
          <Lexeme Id="Word:ngangkaa" GlossId="IyUfs4XS" />
        </Cluster>
        <Cluster>
          <Range Index="95" Length="8" />
          <Lexeme Id="Word:ngangkàa" GlossId="TZd5aJKI" />
        </Cluster>
        <Cluster>
          <Range Index="95" Length="8" />
          <Lexeme Id="Stem:ngangkàa" GlossId="4XX4UOWa" />
        </Cluster>
      </VerseData>
    </item>
  </Verses>
</InterlinearData>