﻿<?xml version="1.0" encoding="utf-8"?>
<InterlinearData ScrTextName="zz_SUR" GlossLanguage="English" BookId="JOB">
  <Verses>
    <item>
      <string>JOB 6:9</string>
      <VerseData>
        <Cluster>
          <Range Index="5" Length="4" />
          <Lexeme Id="Word:ɗyen" GlossId="qUpcChJ5" />
        </Cluster>
        <Cluster>
          <Range Index="10" Length="4" />
          <Lexeme Id="Stem:n" GlossId="HbTDYNvG" />
          <Lexeme Id="Stem:wan" GlossId="tMGqmHaO" />
        </Cluster>
        <Cluster>
          <Range Index="10" Length="4" />
          <Lexeme Id="Word:nwan" GlossId="MGCLMw9a" />
        </Cluster>
        <Cluster>
          <Range Index="5" Length="4" />
          <Lexeme Id="Stem:ɗyen" GlossId="Pz90wJBV" />
        </Cluster>
        <Cluster>
          <Range Index="5" Length="9" />
          <Lexeme Id="Phrase:ɗyen nwan" GlossId="NK2B35rZ" />
        </Cluster>
        <Cluster>
          <Range Index="36" Length="4" />
          <Lexeme Id="Word:ɗyen" GlossId="qUpcChJ5" />
        </Cluster>
        <Cluster>
          <Range Index="36" Length="4" />
          <Lexeme Id="Stem:ɗyen" GlossId="Pz90wJBV" />
        </Cluster>
        <Cluster>
          <Range Index="41" Length="4" />
          <Lexeme Id="Stem:n" GlossId="HbTDYNvG" />
          <Lexeme Id="Stem:wan" GlossId="tMGqmHaO" />
        </Cluster>
        <Cluster>
          <Range Index="41" Length="4" />
          <Lexeme Id="Word:nwan" GlossId="MGCLMw9a" />
        </Cluster>
        <Cluster>
          <Range Index="36" Length="9" />
          <Lexeme Id="Phrase:ɗyen nwan" GlossId="NK2B35rZ" />
        </Cluster>
      </VerseData>
    </item>
    <item>
      <string>JOB 6:0</string>
      <VerseData />
    </item>
    <item>
      <string>JOB 7:12</string>
      <VerseData>
        <Cluster>
          <Range Index="6" Length="3" />
          <Lexeme Id="Word:wan" GlossId="uxuyozQa" />
        </Cluster>
        <Cluster>
          <Range Index="6" Length="3" />
          <Lexeme Id="Stem:wan" GlossId="DWFVsqge" />
        </Cluster>
        <Cluster>
          <Range Index="10" Length="1" />
          <Lexeme Id="Word:a" GlossId="WT42eOvt" />
        </Cluster>
        <Cluster>
          <Range Index="10" Length="1" />
          <Lexeme Id="Stem:a" GlossId="wcjmsIBG" />
        </Cluster>
        <Cluster>
          <Range Index="115" Length="5" />
          <Lexeme Id="Stem:arang" GlossId="fCUPRVHq" />
        </Cluster>
        <Cluster>
          <Range Index="115" Length="5" />
          <Lexeme Id="Word:arang" GlossId="i6OxKmYz" />
        </Cluster>
      </VerseData>
    </item>
    <item>
      <string>JOB 1:1</string>
      <VerseData />
    </item>
    <item>
      <string>JOB 38:1</string>
      <VerseData>
        <Cluster>
          <Range Index="26" Length="4" />
          <Lexeme Id="Stem:n" GlossId="qLQFc8Lp" />
          <Lexeme Id="Stem:jop" GlossId="SVw8ePe+" />
        </Cluster>
        <Cluster>
          <Range Index="26" Length="4" />
          <Lexeme Id="Word:njop" GlossId="ZwC2spqQ" />
        </Cluster>
      </VerseData>
    </item>
    <item>
      <string>JOB 39:18</string>
      <VerseData>
        <Cluster>
          <Range Index="26" Length="4" />
          <Lexeme Id="Word:wura" GlossId="W48GpVSa" />
        </Cluster>
        <Cluster>
          <Range Index="31" Length="6" />
          <Lexeme Id="Stem:bɨghɨr" GlossId="FA5vZwlH" />
        </Cluster>
        <Cluster>
          <Range Index="31" Length="6" />
          <Lexeme Id="Word:bɨghɨr" GlossId="spGSNZ7/" />
        </Cluster>
        <Cluster>
          <Range Index="51" Length="4" />
          <Lexeme Id="Word:wura" GlossId="W48GpVSa" />
        </Cluster>
        <Cluster>
          <Range Index="51" Length="4" />
          <Lexeme Id="Stem:wura" GlossId="Fd6z3m8E" />
        </Cluster>
        <Cluster>
          <Range Index="56" Length="3" />
          <Lexeme Id="Stem:yaa" GlossId="QwuLyjYo" />
        </Cluster>
        <Cluster>
          <Range Index="60" Length="2" />
          <Lexeme Id="Word:su" GlossId="gZs9EH9w" />
        </Cluster>
        <Cluster>
          <Range Index="63" Length="4" />
          <Lexeme Id="Word:shii" GlossId="ybQDOnCF" />
        </Cluster>
        <Cluster>
          <Range Index="72" Length="5" />
          <Lexeme Id="Word:wuraa" GlossId="Rpmxkuj1" />
        </Cluster>
        <Cluster>
          <Range Index="101" Length="4" />
          <Lexeme Id="Word:lang" GlossId="4UFkMxpb" />
        </Cluster>
        <Cluster>
          <Range Index="101" Length="4" />
          <Lexeme Id="Stem:lang" GlossId="og5pQJjd" />
        </Cluster>
      </VerseData>
    </item>
    <item>
      <string>JOB 15:26</string>
      <VerseData />
    </item>
    <item>
      <string>JOB 39:20</string>
      <VerseData>
        <Cluster>
          <Range Index="97" Length="5" />
          <Lexeme Id="Stem:sogho" GlossId="Bo1tEdfh" />
        </Cluster>
      </VerseData>
    </item>
    <item>
      <string>JOB 39:21</string>
      <VerseData>
        <Cluster>
          <Range Index="63" Length="5" />
          <Lexeme Id="Word:sogho" GlossId="kQHJF5jb" />
        </Cluster>
        <Cluster>
          <Range Index="63" Length="5" />
          <Lexeme Id="Stem:sogho" GlossId="Bo1tEdfh" />
        </Cluster>
      </VerseData>
    </item>
    <item>
      <string>JOB 41:1</string>
      <VerseData>
        <Cluster>
          <Range Index="26" Length="4" />
          <Lexeme Id="Word:mbut" GlossId="snMes28r" />
        </Cluster>
      </VerseData>
    </item>
    <item>
      <string>JOB 8:11</string>
      <VerseData>
        <Cluster>
          <Range Index="12" Length="3" />
          <Lexeme Id="Word:ɓuu" GlossId="Sw0Lk5FX" />
        </Cluster>
      </VerseData>
    </item>
  </Verses>
</InterlinearData>