﻿<?xml version="1.0" encoding="utf-8"?>
<InterlinearData ScrTextName="zz_SUR" GlossLanguage="en" BookId="GEN">
  <Verses>
    <item>
      <string>GEN 19:0</string>
      <VerseData />
    </item>
    <item>
      <string>GEN 19:26</string>
      <VerseData>
        <Cluster>
          <Range Index="19" Length="3" />
          <Lexeme Id="Word:lot" GlossId="Tcnq8rzJ" />
        </Cluster>
      </VerseData>
    </item>
    <item>
      <string>GEN 29:31</string>
      <VerseData />
    </item>
    <item>
      <string>GEN 29:17</string>
      <VerseData>
        <Cluster>
          <Range Index="48" Length="4" />
          <Lexeme Id="Word:wura" GlossId="br8oFv4B" />
        </Cluster>
        <Cluster>
          <Range Index="48" Length="4" />
          <Lexeme Id="Stem:wura" GlossId="w0z8srcu" />
        </Cluster>
        <Cluster>
          <Range Index="32" Length="3" />
          <Lexeme Id="Word:kas" GlossId="Nf9tdDNt" />
        </Cluster>
        <Cluster>
          <Range Index="42" Length="5" />
          <Lexeme Id="Stem:recel" GlossId="s4xvHGLr" />
        </Cluster>
        <Cluster>
          <Range Index="42" Length="5" />
          <Lexeme Id="Word:recel" GlossId="8IpDWgSQ" />
        </Cluster>
        <Cluster>
          <Range Index="65" Length="4" />
          <Lexeme Id="Word:wura" GlossId="br8oFv4B" />
        </Cluster>
        <Cluster>
          <Range Index="9" Length="4" />
          <Lexeme Id="Word:leya" GlossId="L+NI7Ufp" />
        </Cluster>
        <Cluster>
          <Range Index="9" Length="4" />
          <Lexeme Id="Stem:leya" GlossId="W/J0ZXuL" />
        </Cluster>
      </VerseData>
    </item>
    <item>
      <string>GEN 38:17</string>
      <VerseData />
    </item>
    <item>
      <string>GEN 38:5</string>
      <VerseData>
        <Cluster>
          <Range Index="5" Length="4" />
          <Lexeme Id="Word:wura" GlossId="br8oFv4B" />
        </Cluster>
        <Cluster>
          <Range Index="5" Length="4" />
          <Lexeme Id="Stem:wura" GlossId="3YVxHhqG" />
        </Cluster>
      </VerseData>
    </item>
    <item>
      <string>GEN 42:0</string>
      <VerseData />
    </item>
    <item>
      <string>GEN 42:22</string>
      <VerseData>
        <Cluster>
          <Range Index="6" Length="2" />
          <Lexeme Id="Word:ɓe" GlossId="WJn29L/Q" />
        </Cluster>
        <Cluster>
          <Range Index="9" Length="5" />
          <Lexeme Id="Word:ruben" GlossId="IagxSwLy" />
        </Cluster>
        <Cluster>
          <Range Index="15" Length="4" />
          <Lexeme Id="Word:wuri" GlossId="sY+SZC6q" />
        </Cluster>
        <Cluster>
          <Range Index="20" Length="3" />
          <Lexeme Id="Word:sat" GlossId="3YkjNAtH" />
        </Cluster>
        <Cluster>
          <Range Index="24" Length="3" />
          <Lexeme Id="Stem:m" GlossId="Y4gwXqDg" />
          <Lexeme Id="Stem:mo" GlossId="MrkKzorg" />
        </Cluster>
        <Cluster>
          <Range Index="24" Length="3" />
          <Lexeme Id="Word:mmo" GlossId="AOn8dY3o" />
        </Cluster>
        <Cluster>
          <Range Index="45" Length="3" />
          <Lexeme Id="Stem:wan" GlossId="DWFVsqge" />
        </Cluster>
        <Cluster>
          <Range Index="45" Length="3" />
          <Lexeme Id="Word:wan" GlossId="knxvsHdf" />
        </Cluster>
        <Cluster>
          <Range Index="49" Length="3" />
          <Lexeme Id="Word:sat" GlossId="3YkjNAtH" />
        </Cluster>
        <Cluster>
          <Range Index="53" Length="3" />
          <Lexeme Id="Word:wun" GlossId="zrmli1UF" />
        </Cluster>
        <Cluster>
          <Range Index="61" Length="4" />
          <Lexeme Id="Word:taji" GlossId="/cVyraIe" />
        </Cluster>
        <Cluster>
          <Range Index="66" Length="2" />
          <Lexeme Id="Word:wu" GlossId="nyWbdlOP" />
        </Cluster>
        <Cluster>
          <Range Index="69" Length="3" />
          <Lexeme Id="Word:cìn" GlossId="3UuDuXxK" />
        </Cluster>
        <Cluster>
          <Range Index="73" Length="8" />
          <Lexeme Id="Phrase:mee mbii" GlossId="rK1wrdQO" />
        </Cluster>
        <Cluster>
          <Range Index="82" Length="7" />
          <Lexeme Id="Word:ɗiibish" GlossId="tnC6qxSM" />
        </Cluster>
        <Cluster>
          <Range Index="82" Length="7" />
          <Lexeme Id="Prefix:ɗii" GlossId="24RkDqWV" />
          <Lexeme Id="Stem:bish" GlossId="4fhAtFng" />
        </Cluster>
        <Cluster>
          <Range Index="90" Length="4" />
          <Lexeme Id="Stem:n" GlossId="G7e5+gKq" />
          <Lexeme Id="Stem:laa" GlossId="+bhLGPXT" />
        </Cluster>
        <Cluster>
          <Range Index="90" Length="4" />
          <Lexeme Id="Word:nlaa" GlossId="JrgzUvSt" />
        </Cluster>
        <Cluster>
          <Range Index="95" Length="2" />
          <Lexeme Id="Word:ni" GlossId="DKXEBqTO" />
        </Cluster>
        <Cluster>
          <Range Index="98" Length="3" />
          <Lexeme Id="Word:kas" GlossId="Nf9tdDNt" />
        </Cluster>
        <Cluster>
          <Range Index="103" Length="2" />
          <Lexeme Id="Word:ɓe" GlossId="WJn29L/Q" />
        </Cluster>
        <Cluster>
          <Range Index="110" Length="2" />
          <Lexeme Id="Word:wu" GlossId="nyWbdlOP" />
        </Cluster>
        <Cluster>
          <Range Index="120" Length="3" />
          <Lexeme Id="Word:kas" GlossId="Nf9tdDNt" />
        </Cluster>
        <Cluster>
          <Range Index="113" Length="6" />
          <Lexeme Id="Stem:kɨling" GlossId="D6rJulGe" />
        </Cluster>
        <Cluster>
          <Range Index="113" Length="6" />
          <Lexeme Id="Word:kɨling" GlossId="iCvJ33e1" />
        </Cluster>
        <Cluster>
          <Range Index="134" Length="2" />
          <Lexeme Id="Word:ɓe" GlossId="WJn29L/Q" />
        </Cluster>
        <Cluster>
          <Range Index="137" Length="6" />
          <Lexeme Id="Stem:toghom" GlossId="UCpknNIO" />
        </Cluster>
        <Cluster>
          <Range Index="137" Length="6" />
          <Lexeme Id="Word:toghom" GlossId="5tmr4A5t" />
        </Cluster>
        <Cluster>
          <Range Index="144" Length="2" />
          <Lexeme Id="Word:kɨ" GlossId="ZTsgHfxm" />
        </Cluster>
        <Cluster>
          <Range Index="147" Length="4" />
          <Lexeme Id="Word:wuri" GlossId="TJCQulZh" />
        </Cluster>
        <Cluster>
          <Range Index="152" Length="2" />
          <Lexeme Id="Word:ni" GlossId="DKXEBqTO" />
        </Cluster>
        <Cluster>
          <Range Index="158" Length="5" />
          <Lexeme Id="Prefix:n" GlossId="lU+QygqJ" />
          <Lexeme Id="Stem:took" GlossId="FRZCSeMM" />
        </Cluster>
        <Cluster>
          <Range Index="158" Length="5" />
          <Lexeme Id="Word:ntook" GlossId="0QV/EL6G" />
        </Cluster>
      </VerseData>
    </item>
    <item>
      <string>GEN 1:1</string>
      <VerseData Hash="EF0CC4DC">
        <Cluster>
          <Range Index="22" Length="2" />
          <Lexeme Id="Word:ɓe" GlossId="WJn29L/Q" />
        </Cluster>
        <Cluster>
          <Range Index="25" Length="4" />
          <Lexeme Id="Stem:naan" GlossId="//z9+y4o" />
        </Cluster>
        <Cluster>
          <Range Index="25" Length="4" />
          <Lexeme Id="Word:naan" GlossId="//z9+y4o" />
        </Cluster>
        <Cluster>
          <Range Index="30" Length="4" />
          <Lexeme Id="Word:wuri" GlossId="X3W44pH8" />
        </Cluster>
        <Cluster>
          <Range Index="35" Length="2" />
          <Lexeme Id="Word:le" GlossId="BDz1uPwT" />
        </Cluster>
        <Cluster>
          <Range Index="38" Length="4" />
          <Lexeme Id="Stem:ɗeng" GlossId="+XwqRxhx" />
        </Cluster>
        <Cluster>
          <Range Index="38" Length="4" />
          <Lexeme Id="Word:ɗeng" GlossId="+XwqRxhx" />
        </Cluster>
        <Cluster>
          <Range Index="43" Length="2" />
          <Lexeme Id="Word:kɨ" GlossId="WzORqb7y" />
        </Cluster>
        <Cluster>
          <Range Index="46" Length="3" />
          <Lexeme Id="Word:yil" GlossId="QycTNfwd" />
        </Cluster>
        <Cluster>
          <Range Index="15" Length="5" />
          <Lexeme Id="Prefix:n" GlossId="oYKLxMWO" />
          <Lexeme Id="Stem:shee" GlossId="RjBkAF+K" />
        </Cluster>
        <Cluster>
          <Range Index="15" Length="5" />
          <Lexeme Id="Word:nshee" GlossId="0i/xH2HG" />
        </Cluster>
        <Cluster>
          <Range Index="5" Length="6" />
          <Lexeme Id="Word:pugyet" GlossId="y7RQbEh8" />
        </Cluster>
        <Cluster>
          <Range Index="12" Length="2" />
          <Lexeme Id="Word:ɗi" GlossId="C8GQRmuR" />
        </Cluster>
      </VerseData>
    </item>
    <item>
      <string>GEN 1:2</string>
      <VerseData>
        <Cluster>
          <Range Index="5" Length="3" />
          <Lexeme Id="Word:yil" GlossId="QycTNfwd" />
        </Cluster>
        <Cluster>
          <Range Index="9" Length="2" />
          <Lexeme Id="Word:ni" GlossId="DKXEBqTO" />
        </Cluster>
        <Cluster>
          <Range Index="12" Length="4" />
          <Lexeme Id="Word:aasi" GlossId="uDqjUvet" />
        </Cluster>
        <Cluster>
          <Range Index="22" Length="2" />
          <Lexeme Id="Word:kɨ" GlossId="WzORqb7y" />
        </Cluster>
        <Cluster>
          <Range Index="59" Length="4" />
          <Lexeme Id="Stem:nkoo" GlossId="fv3U6yJl" />
        </Cluster>
        <Cluster>
          <Range Index="59" Length="4" />
          <Lexeme Id="Word:nkoo" GlossId="xJhqrk7M" />
        </Cluster>
        <Cluster>
          <Range Index="64" Length="3" />
          <Lexeme Id="Word:jir" GlossId="EuVxUJcg" />
        </Cluster>
        <Cluster>
          <Range Index="35" Length="3" />
          <Lexeme Id="Word:zak" GlossId="oApGS0yy" />
        </Cluster>
        <Cluster>
          <Range Index="40" Length="3" />
          <Lexeme Id="Stem:pee" GlossId="Iszyj7Ca" />
        </Cluster>
        <Cluster>
          <Range Index="40" Length="3" />
          <Lexeme Id="Word:pee" GlossId="vsXFGZVl" />
        </Cluster>
        <Cluster>
          <Range Index="74" Length="3" />
          <Lexeme Id="Word:kɨ̀" GlossId="WzORqb7y" />
        </Cluster>
        <Cluster>
          <Range Index="69" Length="4" />
          <Lexeme Id="Word:riin" GlossId="/KtzZwXF" />
        </Cluster>
        <Cluster>
          <Range Index="78" Length="4" />
          <Lexeme Id="Word:naan" GlossId="JeKFwFkt" />
        </Cluster>
        <Cluster>
          <Range Index="88" Length="7" />
          <Lexeme Id="Stem:tung" GlossId="pg0lQt72" />
          <Lexeme Id="Stem:pee" GlossId="Iszyj7Ca" />
        </Cluster>
        <Cluster>
          <Range Index="83" Length="4" />
          <Lexeme Id="Word:wuri" GlossId="sY+SZC6q" />
        </Cluster>
        <Cluster>
          <Range Index="88" Length="7" />
          <Lexeme Id="Word:tungpee" GlossId="Hu62sM7k" />
        </Cluster>
        <Cluster>
          <Range Index="101" Length="2" />
          <Lexeme Id="Stem:am" GlossId="zrwTJmlf" />
        </Cluster>
        <Cluster>
          <Range Index="101" Length="2" />
          <Lexeme Id="Word:am" GlossId="9N1GstFB" />
        </Cluster>
        <Cluster>
          <Range Index="104" Length="2" />
          <Lexeme Id="Word:ni" GlossId="DKXEBqTO" />
        </Cluster>
        <Cluster>
          <Range Index="96" Length="4" />
          <Lexeme Id="Stem:n" GlossId="00+Vn1xr" />
          <Lexeme Id="Stem:kaa" GlossId="JeUc3qtk" />
        </Cluster>
        <Cluster>
          <Range Index="96" Length="4" />
          <Lexeme Id="Word:nkaa" GlossId="Sr7Fi9KS" />
        </Cluster>
        <Cluster>
          <Range Index="69" Length="4" />
          <Lexeme Id="Stem:riin" GlossId="rwY3l29X" />
        </Cluster>
        <Cluster>
          <Range Index="44" Length="9" />
          <Lexeme Id="Phrase:ɗii jurum" />
        </Cluster>
      </VerseData>
    </item>
    <item>
      <string>GEN 1:3</string>
      <VerseData>
        <Cluster>
          <Range Index="5" Length="4" />
          <Lexeme Id="Word:naan" GlossId="JeKFwFkt" />
        </Cluster>
        <Cluster>
          <Range Index="5" Length="4" />
          <Lexeme Id="Stem:naan" GlossId="qkggm92Z" />
        </Cluster>
        <Cluster>
          <Range Index="10" Length="4" />
          <Lexeme Id="Word:wuri" GlossId="sY+SZC6q" />
        </Cluster>
        <Cluster>
          <Range Index="15" Length="3" />
          <Lexeme Id="Word:sat" GlossId="3YkjNAtH" />
        </Cluster>
      </VerseData>
    </item>
    <item>
      <string>GEN 18:12</string>
      <VerseData>
        <Cluster>
          <Range Index="23" Length="5" />
          <Lexeme Id="Stem:shwar" GlossId="45KHnxIz" />
        </Cluster>
        <Cluster>
          <Range Index="23" Length="5" />
          <Lexeme Id="Word:shwar" GlossId="e8fESD4B" />
        </Cluster>
        <Cluster>
          <Range Index="29" Length="7" />
          <Lexeme Id="Word:ndɨghɨn" GlossId="UueeJ1qM" />
        </Cluster>
        <Cluster>
          <Range Index="37" Length="8" />
          <Lexeme Id="Word:putughup" GlossId="/0OdrSbX" />
        </Cluster>
        <Cluster>
          <Range Index="37" Length="8" />
          <Lexeme Id="Stem:putughup" GlossId="/0OdrSbX" />
        </Cluster>
        <Cluster>
          <Range Index="46" Length="4" />
          <Lexeme Id="Word:fɨra" GlossId="YMlvqZHY" />
        </Cluster>
        <Cluster>
          <Range Index="18" Length="4" />
          <Lexeme Id="Word:wura" GlossId="W48GpVSa" />
        </Cluster>
        <Cluster>
          <Range Index="18" Length="4" />
          <Lexeme Id="Stem:wura" GlossId="Fd6z3m8E" />
        </Cluster>
        <Cluster>
          <Range Index="12" Length="5" />
          <Lexeme Id="Word:seera" GlossId="WkMSi8tU" />
        </Cluster>
        <Cluster>
          <Range Index="12" Length="5" />
          <Lexeme Id="Stem:seera" GlossId="hb9FDJu2" />
        </Cluster>
        <Cluster>
          <Range Index="6" Length="5" />
          <Lexeme Id="Stem:yaksi" GlossId="8MfVsWUS" />
        </Cluster>
        <Cluster>
          <Range Index="6" Length="5" />
          <Lexeme Id="Word:yaksi" GlossId="VbZDgi16" />
        </Cluster>
        <Cluster>
          <Range Index="52" Length="4" />
          <Lexeme Id="Word:wura" GlossId="W48GpVSa" />
        </Cluster>
        <Cluster>
          <Range Index="52" Length="4" />
          <Lexeme Id="Stem:wura" GlossId="Fd6z3m8E" />
        </Cluster>
        <Cluster>
          <Range Index="57" Length="3" />
          <Lexeme Id="Word:sat" GlossId="syHYRBSY" />
        </Cluster>
        <Cluster>
          <Range Index="61" Length="3" />
          <Lexeme Id="Word:nee" GlossId="gOYyYE5S" />
        </Cluster>
        <Cluster>
          <Range Index="68" Length="6" />
          <Lexeme Id="Word:aɓwoon" GlossId="6c6V5Dfb" />
        </Cluster>
        <Cluster>
          <Range Index="68" Length="6" />
          <Lexeme Id="Stem:aɓwoon" GlossId="6c6V5Dfb" />
        </Cluster>
        <Cluster>
          <Range Index="75" Length="2" />
          <Lexeme Id="Word:ɗi" GlossId="DPU98lCE" />
        </Cluster>
        <Cluster>
          <Range Index="78" Length="3" />
          <Lexeme Id="Word:wan" GlossId="DWFVsqge" />
        </Cluster>
        <Cluster>
          <Range Index="78" Length="3" />
          <Lexeme Id="Stem:wan" GlossId="DWFVsqge" />
        </Cluster>
        <Cluster>
          <Range Index="68" Length="9" />
          <Lexeme Id="Phrase:aɓwoon ɗi" GlossId="QUtk9Ukw" />
        </Cluster>
        <Cluster>
          <Range Index="139" Length="4" />
          <Lexeme Id="Stem:n" GlossId="FHs0/mas" />
          <Lexeme Id="Stem:kat" GlossId="DM0kISXk" />
        </Cluster>
        <Cluster>
          <Range Index="139" Length="4" />
          <Lexeme Id="Word:nkat" GlossId="t7CmKUr6" />
        </Cluster>
        <Cluster>
          <Range Index="144" Length="7" />
          <Lexeme Id="Word:retnyit" GlossId="AZLi4Zes" />
        </Cluster>
        <Cluster>
          <Range Index="144" Length="7" />
          <Lexeme Id="Stem:retnyit" GlossId="AZLi4Zes" />
        </Cluster>
        <Cluster>
          <Range Index="152" Length="4" />
          <Lexeme Id="Word:mɨni" GlossId="UuggO3kG" />
        </Cluster>
        <Cluster>
          <Range Index="157" Length="2" />
          <Lexeme Id="Word:aa" GlossId="yxGpQxaw" />
        </Cluster>
        <Cluster>
          <Range Index="135" Length="3" />
          <Lexeme Id="Word:wan" GlossId="DWFVsqge" />
        </Cluster>
        <Cluster>
          <Range Index="135" Length="3" />
          <Lexeme Id="Stem:wan" GlossId="DWFVsqge" />
        </Cluster>
        <Cluster>
          <Range Index="132" Length="2" />
          <Lexeme Id="Word:ɓe" GlossId="JjCJ3uk8" />
        </Cluster>
        <Cluster>
          <Range Index="127" Length="4" />
          <Lexeme Id="Word:ɗang" GlossId="6DzcUEAh" />
        </Cluster>
        <Cluster>
          <Range Index="105" Length="4" />
          <Lexeme Id="Word:fɨna" GlossId="OP2h6uUp" />
        </Cluster>
      </VerseData>
    </item>
    <item>
      <string>GEN 21:0</string>
      <VerseData />
    </item>
    <item>
      <string>GEN 21:12</string>
      <VerseData />
    </item>
    <item>
      <string>GEN 25:3</string>
      <VerseData />
    </item>
    <item>
      <string>GEN 33:8</string>
      <VerseData />
    </item>
    <item>
      <string>GEN 3:2</string>
      <VerseData>
        <Cluster>
          <Range Index="39" Length="2" />
          <Lexeme Id="Word:mu" GlossId="GZcU1RTl" />
        </Cluster>
        <Cluster>
          <Range Index="42" Length="3" />
          <Lexeme Id="Word:mak" GlossId="ANfAvPD4" />
        </Cluster>
        <Cluster>
          <Range Index="42" Length="3" />
          <Lexeme Id="Stem:mak" GlossId="Zwt05tm7" />
        </Cluster>
        <Cluster>
          <Range Index="46" Length="2" />
          <Lexeme Id="Word:se" GlossId="+XZGi8sA" />
        </Cluster>
        <Cluster>
          <Range Index="46" Length="2" />
          <Lexeme Id="Stem:se" GlossId="+XZGi8sA" />
        </Cluster>
        <Cluster>
          <Range Index="57" Length="4" />
          <Lexeme Id="Word:ting" GlossId="nfvdImRN" />
        </Cluster>
        <Cluster>
          <Range Index="57" Length="4" />
          <Lexeme Id="Stem:ting" GlossId="jKm1PJMQ" />
        </Cluster>
        <Cluster>
          <Range Index="49" Length="3" />
          <Lexeme Id="Word:laa" GlossId="/bip4XAL" />
        </Cluster>
        <Cluster>
          <Range Index="49" Length="3" />
          <Lexeme Id="Stem:laa" GlossId="yiYxyMR7" />
        </Cluster>
        <Cluster>
          <Range Index="53" Length="3" />
          <Lexeme Id="Word:kɨ̀" GlossId="fns9mpQl" />
        </Cluster>
        <Cluster>
          <Range Index="53" Length="8" />
          <Lexeme Id="Phrase:kɨ̀ ting" />
        </Cluster>
      </VerseData>
    </item>
    <item>
      <string>GEN 3:3</string>
      <VerseData>
        <Cluster>
          <Range Index="40" Length="3" />
          <Lexeme Id="Word:laa" GlossId="/bip4XAL" />
        </Cluster>
        <Cluster>
          <Range Index="40" Length="3" />
          <Lexeme Id="Stem:laa" GlossId="yiYxyMR7" />
        </Cluster>
        <Cluster>
          <Range Index="44" Length="3" />
          <Lexeme Id="Word:kɨ̀" GlossId="fns9mpQl" />
        </Cluster>
        <Cluster>
          <Range Index="48" Length="4" />
          <Lexeme Id="Word:ting" GlossId="nfvdImRN" />
        </Cluster>
        <Cluster>
          <Range Index="48" Length="4" />
          <Lexeme Id="Stem:ting" GlossId="jKm1PJMQ" />
        </Cluster>
      </VerseData>
    </item>
    <item>
      <string>GEN 7:10</string>
      <VerseData>
        <Cluster>
          <Range Index="17" Length="4" />
          <Lexeme Id="Word:teer" GlossId="cXPSPwBA" />
        </Cluster>
        <Cluster>
          <Range Index="17" Length="4" />
          <Lexeme Id="Stem:teer" GlossId="RsEvR0Pr" />
        </Cluster>
        <Cluster>
          <Range Index="22" Length="5" />
          <Lexeme Id="Stem:povul" GlossId="VbmaIi1N" />
        </Cluster>
        <Cluster>
          <Range Index="22" Length="5" />
          <Lexeme Id="Word:povul" GlossId="ebLpIRGK" />
        </Cluster>
        <Cluster>
          <Range Index="6" Length="6" />
          <Lexeme Id="Word:aɓwoon" GlossId="6c6V5Dfb" />
        </Cluster>
        <Cluster>
          <Range Index="6" Length="6" />
          <Lexeme Id="Stem:aɓwoon" GlossId="6c6V5Dfb" />
        </Cluster>
        <Cluster>
          <Range Index="13" Length="3" />
          <Lexeme Id="Word:kɨ̀" GlossId="jpLLHz1S" />
        </Cluster>
      </VerseData>
    </item>
    <item>
      <string>GEN 11:27</string>
      <VerseData />
    </item>
    <item>
      <string>GEN 16:14</string>
      <VerseData />
    </item>
    <item>
      <string>GEN 21:1</string>
      <VerseData />
    </item>
    <item>
      <string>GEN 21:7</string>
      <VerseData>
        <Cluster>
          <Range Index="41" Length="7" />
          <Lexeme Id="Word:abraham" GlossId="3g50qzn5" />
        </Cluster>
        <Cluster>
          <Range Index="41" Length="7" />
          <Lexeme Id="Stem:abraham" GlossId="lu05fCHr" />
        </Cluster>
        <Cluster>
          <Range Index="27" Length="3" />
          <Lexeme Id="Stem:kat" GlossId="cGkys+zi" />
        </Cluster>
        <Cluster>
          <Range Index="27" Length="3" />
          <Lexeme Id="Word:kat" GlossId="PvCV9248" />
        </Cluster>
      </VerseData>
    </item>
    <item>
      <string>GEN 21:6</string>
      <VerseData />
    </item>
    <item>
      <string>GEN 23:17</string>
      <VerseData />
    </item>
    <item>
      <string>GEN 6:0</string>
      <VerseData />
    </item>
    <item>
      <string>GEN 6:9</string>
      <VerseData />
    </item>
    <item>
      <string>GEN 1:0</string>
      <VerseData />
    </item>
    <item>
      <string>GEN 46:34</string>
      <VerseData />
    </item>
    <item>
      <string>GEN 6:4</string>
      <VerseData />
    </item>
    <item>
      <string>GEN 20:0</string>
      <VerseData />
    </item>
    <item>
      <string>GEN 20:11</string>
      <VerseData />
    </item>
    <item>
      <string>GEN 24:49</string>
      <VerseData />
    </item>
    <item>
      <string>GEN 25:22</string>
      <VerseData>
        <Cluster>
          <Range Index="35" Length="3" />
          <Lexeme Id="Stem:ɓut" GlossId="UjLgbtt4" />
        </Cluster>
        <Cluster>
          <Range Index="35" Length="3" />
          <Lexeme Id="Word:ɓut" GlossId="MhKRMlZ5" />
        </Cluster>
      </VerseData>
    </item>
    <item>
      <string>GEN 30:1</string>
      <VerseData>
        <Cluster>
          <Range Index="5" Length="5" />
          <Lexeme Id="Word:kaaɗi" GlossId="filQ49UN" />
        </Cluster>
        <Cluster>
          <Range Index="11" Length="7" />
          <Lexeme Id="Word:reachel" GlossId="q2qUivVE" />
        </Cluster>
        <Cluster>
          <Range Index="40" Length="3" />
          <Lexeme Id="Word:laa" GlossId="W8R6/G/Z" />
        </Cluster>
        <Cluster>
          <Range Index="44" Length="3" />
          <Lexeme Id="Word:mee" GlossId="L27a/sRk" />
        </Cluster>
        <Cluster>
          <Range Index="48" Length="3" />
          <Lexeme Id="Word:laa" GlossId="jUIgSdB3" />
        </Cluster>
        <Cluster>
          <Range Index="52" Length="6" />
          <Lexeme Id="Prefix:n" GlossId="p6M/XpAL" />
          <Lexeme Id="Stem:jekop" GlossId="oFJNEOad" />
        </Cluster>
        <Cluster>
          <Range Index="52" Length="6" />
          <Lexeme Id="Word:njekop" GlossId="7BqY9IqZ" />
        </Cluster>
        <Cluster>
          <Range Index="48" Length="3" />
          <Lexeme Id="Stem:laa" GlossId="+bhLGPXT" />
        </Cluster>
        <Cluster>
          <Range Index="40" Length="3" />
          <Lexeme Id="Stem:laa" GlossId="6jtty2UE" />
        </Cluster>
        <Cluster>
          <Range Index="35" Length="4" />
          <Lexeme Id="Stem:wura" GlossId="Fd6z3m8E" />
        </Cluster>
        <Cluster>
          <Range Index="35" Length="4" />
          <Lexeme Id="Word:wura" GlossId="W48GpVSa" />
        </Cluster>
        <Cluster>
          <Range Index="59" Length="3" />
          <Lexeme Id="Word:kas" GlossId="cxkywNrt" />
        </Cluster>
        <Cluster>
          <Range Index="32" Length="2" />
          <Lexeme Id="Word:ba" GlossId="QqAQUdvE" />
        </Cluster>
        <Cluster>
          <Range Index="24" Length="3" />
          <Lexeme Id="Word:naa" GlossId="8ajNz/Wt" />
        </Cluster>
        <Cluster>
          <Range Index="24" Length="3" />
          <Lexeme Id="Stem:naa" GlossId="O8EzlZpZ" />
        </Cluster>
        <Cluster>
          <Range Index="19" Length="4" />
          <Lexeme Id="Word:wura" GlossId="W48GpVSa" />
        </Cluster>
        <Cluster>
          <Range Index="19" Length="4" />
          <Lexeme Id="Stem:wura" GlossId="Fd6z3m8E" />
        </Cluster>
        <Cluster>
          <Range Index="28" Length="3" />
          <Lexeme Id="Word:nne" GlossId="3PHy6O7r" />
        </Cluster>
        <Cluster>
          <Range Index="119" Length="3" />
          <Lexeme Id="Word:nee" GlossId="gOYyYE5S" />
        </Cluster>
        <Cluster>
          <Range Index="83" Length="2" />
          <Lexeme Id="Word:kɨ" GlossId="gYGthKa8" />
        </Cluster>
        <Cluster>
          <Range Index="97" Length="4" />
          <Lexeme Id="Word:fɨra" GlossId="YMlvqZHY" />
        </Cluster>
        <Cluster>
          <Range Index="86" Length="10" />
          <Lexeme Id="Word:ɗyemnɨghɨn" GlossId="RToposvC" />
        </Cluster>
        <Cluster>
          <Range Index="112" Length="6" />
          <Lexeme Id="Prefix:n" GlossId="p6M/XpAL" />
          <Lexeme Id="Stem:jekop" GlossId="oFJNEOad" />
        </Cluster>
        <Cluster>
          <Range Index="112" Length="6" />
          <Lexeme Id="Word:njekop" GlossId="YO7G1KDk" />
        </Cluster>
      </VerseData>
    </item>
    <item>
      <string>GEN 32:30</string>
      <VerseData>
        <Cluster>
          <Range Index="83" Length="3" />
          <Lexeme Id="Word:yit" GlossId="9NHtGzR8" />
        </Cluster>
        <Cluster>
          <Range Index="87" Length="2" />
          <Lexeme Id="Word:kɨ" GlossId="XnpMLw0H" />
        </Cluster>
        <Cluster>
          <Range Index="90" Length="3" />
          <Lexeme Id="Word:yit" GlossId="9NHtGzR8" />
        </Cluster>
        <Cluster>
          <Range Index="83" Length="10" />
          <Lexeme Id="Phrase:yit kɨ yit" GlossId="HS2lFFkE" />
        </Cluster>
      </VerseData>
    </item>
    <item>
      <string>GEN 37:22</string>
      <VerseData>
        <Cluster>
          <Range Index="133" Length="3" />
          <Lexeme Id="Word:ɓam" GlossId="5RTADJ2H" />
        </Cluster>
        <Cluster>
          <Range Index="133" Length="3" />
          <Lexeme Id="Stem:ɓam" GlossId="6U89eG23" />
        </Cluster>
        <Cluster>
          <Range Index="137" Length="5" />
          <Lexeme Id="Word:josep" GlossId="lg6e26sa" />
        </Cluster>
        <Cluster>
          <Range Index="137" Length="5" />
          <Lexeme Id="Stem:josep" GlossId="DpYSM2so" />
        </Cluster>
        <Cluster>
          <Range Index="128" Length="4" />
          <Lexeme Id="Stem:wuri" GlossId="X3W44pH8" />
        </Cluster>
        <Cluster>
          <Range Index="128" Length="4" />
          <Lexeme Id="Word:wuri" GlossId="X3W44pH8" />
        </Cluster>
        <Cluster>
          <Range Index="121" Length="6" />
          <Lexeme Id="Word:mpeeku" GlossId="TQsSkm7i" />
        </Cluster>
        <Cluster>
          <Range Index="143" Length="2" />
          <Lexeme Id="Word:ɗi" GlossId="H0eEJSBq" />
        </Cluster>
        <Cluster>
          <Range Index="147" Length="2" />
          <Lexeme Id="Word:ku" GlossId="tEj7rhh/" />
        </Cluster>
        <Cluster>
          <Range Index="114" Length="4" />
          <Lexeme Id="Word:kɨsi" GlossId="nRVs34Tr" />
        </Cluster>
        <Cluster>
          <Range Index="114" Length="4" />
          <Lexeme Id="Stem:kɨsi" GlossId="/i/ZV9hk" />
        </Cluster>
        <Cluster>
          <Range Index="74" Length="6" />
          <Lexeme Id="Stem:tughun" GlossId="CW8z/1hM" />
        </Cluster>
        <Cluster>
          <Range Index="81" Length="2" />
          <Lexeme Id="Stem:am" GlossId="9N1GstFB" />
        </Cluster>
        <Cluster>
          <Range Index="74" Length="6" />
          <Lexeme Id="Word:tughun" GlossId="CW8z/1hM" />
        </Cluster>
        <Cluster>
          <Range Index="81" Length="2" />
          <Lexeme Id="Word:am" GlossId="9N1GstFB" />
        </Cluster>
        <Cluster>
          <Range Index="74" Length="9" />
          <Lexeme Id="Phrase:tughun am" GlossId="GC6OAntA" />
        </Cluster>
        <Cluster>
          <Range Index="84" Length="2" />
          <Lexeme Id="Word:ɗi" GlossId="L+7d7AUh" />
        </Cluster>
        <Cluster>
          <Range Index="87" Length="4" />
          <Lexeme Id="Prefix:n" GlossId="oYKLxMWO" />
          <Lexeme Id="Stem:fii" GlossId="6uyaddVP" />
        </Cluster>
      </VerseData>
    </item>
    <item>
      <string>GEN 30:0</string>
      <VerseData />
    </item>
    <item>
      <string>GEN 42:20</string>
      <VerseData>
        <Cluster>
          <Range Index="131" Length="3" />
          <Lexeme Id="Word:lap" GlossId="njENGple" />
        </Cluster>
        <Cluster>
          <Range Index="135" Length="2" />
          <Lexeme Id="Word:ii" GlossId="4AU/Uikw" />
        </Cluster>
      </VerseData>
    </item>
    <item>
      <string>GEN 1:30</string>
      <VerseData />
    </item>
    <item>
      <string>GEN 9:2</string>
      <VerseData />
    </item>
    <item>
      <string>GEN 9:3</string>
      <VerseData />
    </item>
    <item>
      <string>GEN 11:31</string>
      <VerseData />
    </item>
    <item>
      <string>GEN 13:10</string>
      <VerseData />
    </item>
    <item>
      <string>GEN 14:3</string>
      <VerseData>
        <Cluster>
          <Range Index="120" Length="4" />
          <Lexeme Id="Stem:kɨɨn" GlossId="641CnlqX" />
        </Cluster>
      </VerseData>
    </item>
    <item>
      <string>GEN 14:5</string>
      <VerseData />
    </item>
    <item>
      <string>GEN 14:11</string>
      <VerseData />
    </item>
    <item>
      <string>GEN 24:43</string>
      <VerseData>
        <Cluster>
          <Range Index="92" Length="5" />
          <Lexeme Id="Prefix:n" GlossId="p6M/XpAL" />
          <Lexeme Id="Stem:wura" GlossId="6UKW9BIR" />
        </Cluster>
        <Cluster>
          <Range Index="92" Length="5" />
          <Lexeme Id="Word:nwura" GlossId="LypHluqS" />
        </Cluster>
        <Cluster>
          <Range Index="88" Length="3" />
          <Lexeme Id="Word:sat" GlossId="syHYRBSY" />
        </Cluster>
        <Cluster>
          <Range Index="88" Length="3" />
          <Lexeme Id="Stem:sat" GlossId="syHYRBSY" />
        </Cluster>
        <Cluster>
          <Range Index="84" Length="3" />
          <Lexeme Id="Word:wan" GlossId="DWFVsqge" />
        </Cluster>
        <Cluster>
          <Range Index="84" Length="3" />
          <Lexeme Id="Stem:wan" GlossId="DWFVsqge" />
        </Cluster>
        <Cluster>
          <Range Index="98" Length="3" />
          <Lexeme Id="Word:nee" GlossId="gOYyYE5S" />
        </Cluster>
        <Cluster>
          <Range Index="105" Length="2" />
          <Lexeme Id="Word:yi" GlossId="QGr0HE4V" />
        </Cluster>
        <Cluster>
          <Range Index="108" Length="3" />
          <Lexeme Id="Word:cín" GlossId="GfvdMqny" />
        </Cluster>
        <Cluster>
          <Range Index="108" Length="3" />
          <Lexeme Id="Stem:cín" GlossId="GfvdMqny" />
        </Cluster>
        <Cluster>
          <Range Index="133" Length="3" />
          <Lexeme Id="Stem:fii" GlossId="74t1ks9B" />
        </Cluster>
        <Cluster>
          <Range Index="133" Length="3" />
          <Lexeme Id="Word:fii" GlossId="IkKVxz3y" />
        </Cluster>
      </VerseData>
    </item>
    <item>
      <string>GEN 3:0</string>
      <VerseData />
    </item>
    <item>
      <string>GEN 3:5</string>
      <VerseData>
        <Cluster>
          <Range Index="92" Length="4" />
          <Lexeme Id="Stem:n" GlossId="FHs0/mas" />
          <Lexeme Id="Stem:ɗee" GlossId="qbdailPW" />
        </Cluster>
        <Cluster>
          <Range Index="92" Length="4" />
          <Lexeme Id="Word:nɗee" GlossId="p0SP5nDm" />
        </Cluster>
      </VerseData>
    </item>
    <item>
      <string>GEN 6:17</string>
      <VerseData />
    </item>
    <item>
      <string>GEN 9:8</string>
      <VerseData>
        <Cluster>
          <Range Index="19" Length="5" />
          <Lexeme Id="Prefix:n" GlossId="p6M/XpAL" />
          <Lexeme Id="Stem:nowa" GlossId="wObyNB6L" />
        </Cluster>
        <Cluster>
          <Range Index="19" Length="5" />
          <Lexeme Id="Word:nnowa" GlossId="9cN2nD1o" />
        </Cluster>
      </VerseData>
    </item>
    <item>
      <string>GEN 6:15</string>
      <VerseData>
        <Cluster>
          <Range Index="38" Length="5" />
          <Lexeme Id="Word:shwal" GlossId="fDOf+doj" />
        </Cluster>
      </VerseData>
    </item>
    <item>
      <string>GEN 50:26</string>
      <VerseData>
        <Cluster>
          <Range Index="71" Length="3" />
          <Lexeme Id="Word:kum" GlossId="XtXBAdva" />
        </Cluster>
        <Cluster>
          <Range Index="71" Length="3" />
          <Lexeme Id="Stem:kum" GlossId="VqAXzMqw" />
        </Cluster>
      </VerseData>
    </item>
    <item>
      <string>GEN 41:43</string>
      <VerseData>
        <Cluster>
          <Range Index="22" Length="4" />
          <Lexeme Id="Stem:lang" GlossId="og5pQJjd" />
        </Cluster>
        <Cluster>
          <Range Index="22" Length="4" />
          <Lexeme Id="Word:lang" GlossId="4UFkMxpb" />
        </Cluster>
        <Cluster>
          <Range Index="22" Length="21" />
          <Lexeme Id="Phrase:lang nkaa keke bɨring" GlossId="i2MZvPok" />
        </Cluster>
      </VerseData>
    </item>
    <item>
      <string>GEN 4:2</string>
      <VerseData />
    </item>
    <item>
      <string>GEN 4:3</string>
      <VerseData />
    </item>
    <item>
      <string>GEN 4:26</string>
      <VerseData />
    </item>
    <item>
      <string>GEN 1:31</string>
      <VerseData />
    </item>
    <item>
      <string>GEN 2:5</string>
      <VerseData>
        <Cluster>
          <Range Index="214" Length="4" />
          <Lexeme Id="Prefix:n" GlossId="/xOWDHtl" />
          <Lexeme Id="Stem:sak" GlossId="0imT4fL5" />
        </Cluster>
        <Cluster>
          <Range Index="219" Length="4" />
          <Lexeme Id="Word:máar" GlossId="tmJog/Bz" />
        </Cluster>
        <Cluster>
          <Range Index="214" Length="4" />
          <Lexeme Id="Word:nsak" GlossId="VMy73j/T" />
        </Cluster>
      </VerseData>
    </item>
    <item>
      <string>GEN 2:4</string>
      <VerseData />
    </item>
    <item>
      <string>GEN 2:15</string>
      <VerseData>
        <Cluster>
          <Range Index="63" Length="4" />
          <Lexeme Id="Word:eden" GlossId="wmqZrRnE" />
        </Cluster>
        <Cluster>
          <Range Index="84" Length="3" />
          <Lexeme Id="Stem:sak" GlossId="0imT4fL5" />
        </Cluster>
      </VerseData>
    </item>
    <item>
      <string>GEN 3:23</string>
      <VerseData />
    </item>
    <item>
      <string>GEN 4:12</string>
      <VerseData>
        <Cluster>
          <Range Index="20" Length="3" />
          <Lexeme Id="Stem:sak" GlossId="0imT4fL5" />
        </Cluster>
        <Cluster>
          <Range Index="20" Length="3" />
          <Lexeme Id="Word:sak" GlossId="cX27UWwI" />
        </Cluster>
      </VerseData>
    </item>
    <item>
      <string>GEN 6:14</string>
      <VerseData>
        <Cluster>
          <Range Index="8" Length="3" />
          <Lexeme Id="Stem:ɗak" GlossId="aG6dRJfk" />
        </Cluster>
        <Cluster>
          <Range Index="8" Length="3" />
          <Lexeme Id="Word:ɗak" GlossId="SD7K01q5" />
        </Cluster>
      </VerseData>
    </item>
    <item>
      <string>GEN 6:21</string>
      <VerseData />
    </item>
    <item>
      <string>GEN 9:20</string>
      <VerseData>
        <Cluster>
          <Range Index="16" Length="3" />
          <Lexeme Id="Stem:yaa" GlossId="QwuLyjYo" />
        </Cluster>
        <Cluster>
          <Range Index="16" Length="3" />
          <Lexeme Id="Word:yaa" GlossId="E+cnczaZ" />
        </Cluster>
        <Cluster>
          <Range Index="20" Length="3" />
          <Lexeme Id="Stem:sak" GlossId="0imT4fL5" />
        </Cluster>
        <Cluster>
          <Range Index="20" Length="3" />
          <Lexeme Id="Word:sak" GlossId="cX27UWwI" />
        </Cluster>
        <Cluster>
          <Range Index="24" Length="4" />
          <Lexeme Id="Word:máar" GlossId="mIZhKTl5" />
        </Cluster>
        <Cluster>
          <Range Index="20" Length="8" />
          <Lexeme Id="Phrase:sak máar" GlossId="K6EqkJF2" />
        </Cluster>
      </VerseData>
    </item>
    <item>
      <string>GEN 35:23</string>
      <VerseData />
    </item>
    <item>
      <string>GEN 8:22</string>
      <VerseData>
        <Cluster>
          <Range Index="71" Length="4" />
          <Lexeme Id="Stem:ɗiip" GlossId="5TJmz9+V" />
        </Cluster>
        <Cluster>
          <Range Index="71" Length="4" />
          <Lexeme Id="Word:ɗiip" GlossId="3KGVAAgr" />
        </Cluster>
        <Cluster>
          <Range Index="67" Length="3" />
          <Lexeme Id="Word:tar" GlossId="VQ5C8iG6" />
        </Cluster>
        <Cluster>
          <Range Index="67" Length="3" />
          <Lexeme Id="Stem:tar" GlossId="VTe8gYM+" />
        </Cluster>
        <Cluster>
          <Range Index="47" Length="15" />
          <Lexeme Id="Phrase:tar kop mbii mo" GlossId="iZqCeJlf" />
        </Cluster>
        <Cluster>
          <Range Index="67" Length="16" />
          <Lexeme Id="Phrase:tar ɗiip mbii mo" GlossId="16XuKFI+" />
        </Cluster>
        <Cluster>
          <Range Index="89" Length="3" />
          <Lexeme Id="Stem:pee" GlossId="wCyWcD0f" />
        </Cluster>
        <Cluster>
          <Range Index="89" Length="3" />
          <Lexeme Id="Word:pee" GlossId="Z6fzb6ZK" />
        </Cluster>
        <Cluster>
          <Range Index="103" Length="3" />
          <Lexeme Id="Stem:pee" GlossId="wCyWcD0f" />
        </Cluster>
        <Cluster>
          <Range Index="103" Length="3" />
          <Lexeme Id="Word:pee" GlossId="Z6fzb6ZK" />
        </Cluster>
        <Cluster>
          <Range Index="107" Length="4" />
          <Lexeme Id="Stem:wong" GlossId="RMEKHWDg" />
        </Cluster>
        <Cluster>
          <Range Index="107" Length="4" />
          <Lexeme Id="Word:wong" GlossId="Ci07gjR0" />
        </Cluster>
        <Cluster>
          <Range Index="93" Length="6" />
          <Lexeme Id="Stem:zughum" GlossId="wplFRRNA" />
        </Cluster>
        <Cluster>
          <Range Index="93" Length="6" />
          <Lexeme Id="Word:zughum" GlossId="GMIoYj1v" />
        </Cluster>
      </VerseData>
    </item>
    <item>
      <string>GEN 2:7</string>
      <VerseData>
        <Cluster>
          <Range Index="70" Length="4" />
          <Lexeme Id="Stem:nòok" GlossId="oyV5f9aX" />
        </Cluster>
        <Cluster>
          <Range Index="70" Length="4" />
          <Lexeme Id="Word:nòok" GlossId="w/mN/GDs" />
        </Cluster>
        <Cluster>
          <Range Index="91" Length="9" />
          <Lexeme Id="Stem:pɨghɨzɨng" GlossId="TOsg3b2G" />
        </Cluster>
        <Cluster>
          <Range Index="91" Length="9" />
          <Lexeme Id="Word:pɨghɨzɨng" GlossId="C11vE9dF" />
        </Cluster>
      </VerseData>
    </item>
    <item>
      <string>GEN 1:27</string>
      <VerseData />
    </item>
    <item>
      <string>GEN 2:3</string>
      <VerseData />
    </item>
    <item>
      <string>GEN 6:1</string>
      <VerseData />
    </item>
    <item>
      <string>GEN 6:2</string>
      <VerseData>
        <Cluster>
          <Range Index="32" Length="6" />
          <Lexeme Id="Stem:jiraap" GlossId="N8Ss0nfn" />
        </Cluster>
      </VerseData>
    </item>
    <item>
      <string>GEN 6:5</string>
      <VerseData />
    </item>
    <item>
      <string>GEN 1:4</string>
      <VerseData />
    </item>
    <item>
      <string>GEN 1:5</string>
      <VerseData />
    </item>
    <item>
      <string>GEN 13:6</string>
      <VerseData>
        <Cluster>
          <Range Index="49" Length="3" />
          <Lexeme Id="Word:mak" GlossId="J5Kzy/Tl" />
        </Cluster>
      </VerseData>
    </item>
    <item>
      <string>GEN 15:17</string>
      <VerseData />
    </item>
    <item>
      <string>GEN 24:25</string>
      <VerseData />
    </item>
    <item>
      <string>GEN 27:36</string>
      <VerseData>
        <Cluster>
          <Range Index="129" Length="7" />
          <Lexeme Id="Stem:shee" GlossId="eUShRFNI" />
          <Lexeme Id="Suffix:laa" GlossId="6dQTJRyz" />
        </Cluster>
        <Cluster>
          <Range Index="129" Length="7" />
          <Lexeme Id="Word:sheelaa" GlossId="tm2jD/br" />
        </Cluster>
        <Cluster>
          <Range Index="125" Length="3" />
          <Lexeme Id="Word:pee" GlossId="bAd5F4UF" />
        </Cluster>
        <Cluster>
          <Range Index="125" Length="11" />
          <Lexeme Id="Phrase:pee sheelaa" GlossId="KMMu+2gd" />
        </Cluster>
      </VerseData>
    </item>
    <item>
      <string>GEN 35:15</string>
      <VerseData />
    </item>
    <item>
      <string>GEN 12:1</string>
      <VerseData />
    </item>
    <item>
      <string>GEN 12:0</string>
      <VerseData />
    </item>
    <item>
      <string>GEN 2:8</string>
      <VerseData>
        <Cluster>
          <Range Index="34" Length="16" />
          <Lexeme Id="Phrase:nkoghop puus kàa" GlossId="GJwkYEgv" />
        </Cluster>
        <Cluster>
          <Range Index="51" Length="2" />
          <Lexeme Id="Word:kɨ" GlossId="gYGthKa8" />
        </Cluster>
      </VerseData>
    </item>
    <item>
      <string>GEN 20:7</string>
      <VerseData>
        <Cluster>
          <Range Index="61" Length="1" />
          <Lexeme Id="Word:a" GlossId="cEQlMUfu" />
        </Cluster>
        <Cluster>
          <Range Index="63" Length="6" />
          <Lexeme Id="Prefix:ngu" />
          <Lexeme Id="Stem:sat" />
        </Cluster>
        <Cluster>
          <Range Index="63" Length="6" />
          <Lexeme Id="Word:ngusat" GlossId="t8GciE4C" />
        </Cluster>
      </VerseData>
    </item>
    <item>
      <string>GEN 10:5</string>
      <VerseData />
    </item>
    <item>
      <string>GEN 27:30</string>
      <VerseData />
    </item>
    <item>
      <string>GEN 19:9</string>
      <VerseData />
    </item>
    <item>
      <string>GEN 21:20</string>
      <VerseData />
    </item>
    <item>
      <string>GEN 21:21</string>
      <VerseData />
    </item>
    <item>
      <string>GEN 25:18</string>
      <VerseData />
    </item>
    <item>
      <string>GEN 25:17</string>
      <VerseData />
    </item>
    <item>
      <string>GEN 25:27</string>
      <VerseData />
    </item>
    <item>
      <string>GEN 18:29</string>
      <VerseData />
    </item>
    <item>
      <string>GEN 24:21</string>
      <VerseData />
    </item>
    <item>
      <string>GEN 24:23</string>
      <VerseData />
    </item>
    <item>
      <string>GEN 26:9</string>
      <VerseData>
        <Cluster>
          <Range Index="65" Length="1" />
          <Lexeme Id="Word:a" GlossId="WT42eOvt" />
        </Cluster>
        <Cluster>
          <Range Index="8" Length="8" />
          <Lexeme Id="Word:abimelek" GlossId="KaaIbbPs" />
        </Cluster>
      </VerseData>
    </item>
    <item>
      <string>GEN 27:12</string>
      <VerseData />
    </item>
    <item>
      <string>GEN 32:32</string>
      <VerseData />
    </item>
    <item>
      <string>GEN 32:20</string>
      <VerseData />
    </item>
    <item>
      <string>GEN 38:25</string>
      <VerseData />
    </item>
    <item>
      <string>GEN 43:12</string>
      <VerseData />
    </item>
    <item>
      <string>GEN 43:18</string>
      <VerseData />
    </item>
    <item>
      <string>GEN 43:23</string>
      <VerseData />
    </item>
    <item>
      <string>GEN 50:15</string>
      <VerseData />
    </item>
    <item>
      <string>GEN 37:16</string>
      <VerseData />
    </item>
    <item>
      <string>GEN 4:22</string>
      <VerseData />
    </item>
    <item>
      <string>GEN 10:8</string>
      <VerseData />
    </item>
    <item>
      <string>GEN 10:10</string>
      <VerseData>
        <Cluster>
          <Range Index="11" Length="4" />
          <Lexeme Id="Word:shee" GlossId="WoXYjyQM" />
        </Cluster>
        <Cluster>
          <Range Index="16" Length="5" />
          <Lexeme Id="Word:mulki" GlossId="qXABTGNR" />
        </Cluster>
      </VerseData>
    </item>
    <item>
      <string>GEN 13:3</string>
      <VerseData>
        <Cluster>
          <Range Index="103" Length="4" />
          <Lexeme Id="Word:ɓwot" GlossId="iFulpbmj" />
        </Cluster>
      </VerseData>
    </item>
    <item>
      <string>GEN 19:29</string>
      <VerseData />
    </item>
    <item>
      <string>GEN 25:25</string>
      <VerseData />
    </item>
    <item>
      <string>GEN 28:19</string>
      <VerseData />
    </item>
    <item>
      <string>GEN 4:16</string>
      <VerseData />
    </item>
    <item>
      <string>GEN 10:18</string>
      <VerseData />
    </item>
    <item>
      <string>GEN 10:19</string>
      <VerseData />
    </item>
    <item>
      <string>GEN 10:30</string>
      <VerseData />
    </item>
    <item>
      <string>GEN 13:13</string>
      <VerseData />
    </item>
    <item>
      <string>GEN 19:1</string>
      <VerseData>
        <Cluster>
          <Range Index="128" Length="4" />
          <Lexeme Id="Word:kaat" GlossId="hqPONuEm" />
        </Cluster>
      </VerseData>
    </item>
    <item>
      <string>GEN 19:3</string>
      <VerseData />
    </item>
    <item>
      <string>GEN 25:33</string>
      <VerseData />
    </item>
    <item>
      <string>GEN 37:7</string>
      <VerseData>
        <Cluster>
          <Range Index="36" Length="3" />
          <Lexeme Id="Word:kas" GlossId="WCezPAOU" />
        </Cluster>
        <Cluster>
          <Range Index="28" Length="7" />
          <Lexeme Id="Stem:ɓwaghat" GlossId="9rjk12P6" />
        </Cluster>
        <Cluster>
          <Range Index="28" Length="7" />
          <Lexeme Id="Word:ɓwaghat" GlossId="OA393XPB" />
        </Cluster>
        <Cluster>
          <Range Index="20" Length="7" />
          <Lexeme Id="Stem:ɓwaghat" GlossId="UbslbgAV" />
        </Cluster>
        <Cluster>
          <Range Index="20" Length="7" />
          <Lexeme Id="Word:ɓwaghat" GlossId="Cu+tPbi3" />
        </Cluster>
        <Cluster>
          <Range Index="40" Length="1" />
          <Lexeme Id="Word:a" GlossId="obNx21cE" />
        </Cluster>
        <Cluster>
          <Range Index="42" Length="3" />
          <Lexeme Id="Word:yil" GlossId="u0AHkJWq" />
        </Cluster>
        <Cluster>
          <Range Index="50" Length="7" />
          <Lexeme Id="Stem:ɓwaghat" GlossId="9rjk12P6" />
        </Cluster>
        <Cluster>
          <Range Index="50" Length="7" />
          <Lexeme Id="Word:ɓwaghat" GlossId="OA393XPB" />
        </Cluster>
      </VerseData>
    </item>
    <item>
      <string>GEN 4:7</string>
      <VerseData>
        <Cluster>
          <Range Index="223" Length="3" />
          <Lexeme Id="Stem:met" GlossId="K4731laP" />
        </Cluster>
      </VerseData>
    </item>
    <item>
      <string>GEN 28:18</string>
      <VerseData />
    </item>
    <item>
      <string>GEN 28:20</string>
      <VerseData />
    </item>
    <item>
      <string>GEN 1:20</string>
      <VerseData />
    </item>
    <item>
      <string>GEN 1:26</string>
      <VerseData />
    </item>
    <item>
      <string>GEN 6:3</string>
      <VerseData>
        <Cluster>
          <Range Index="42" Length="5" />
          <Lexeme Id="Prefix:n" />
          <Lexeme Id="Stem:tong" GlossId="wuwvjSuU" />
        </Cluster>
        <Cluster>
          <Range Index="42" Length="5" />
          <Lexeme Id="Word:ntong" GlossId="mNmwQqmI" />
        </Cluster>
      </VerseData>
    </item>
    <item>
      <string>GEN 7:3</string>
      <VerseData />
    </item>
    <item>
      <string>GEN 8:21</string>
      <VerseData>
        <Cluster>
          <Range Index="89" Length="5" />
          <Lexeme Id="Stem:fulup" GlossId="36+4LOEt" />
        </Cluster>
        <Cluster>
          <Range Index="89" Length="5" />
          <Lexeme Id="Word:fulup" GlossId="rN4tNmwi" />
        </Cluster>
      </VerseData>
    </item>
    <item>
      <string>GEN 10:32</string>
      <VerseData />
    </item>
    <item>
      <string>GEN 13:7</string>
      <VerseData />
    </item>
    <item>
      <string>GEN 13:17</string>
      <VerseData />
    </item>
    <item>
      <string>GEN 14:23</string>
      <VerseData />
    </item>
    <item>
      <string>GEN 17:12</string>
      <VerseData />
    </item>
    <item>
      <string>GEN 18:16</string>
      <VerseData />
    </item>
    <item>
      <string>GEN 18:18</string>
      <VerseData />
    </item>
    <item>
      <string>GEN 21:24</string>
      <VerseData />
    </item>
    <item>
      <string>GEN 24:58</string>
      <VerseData />
    </item>
    <item>
      <string>GEN 42:21</string>
      <VerseData />
    </item>
    <item>
      <string>GEN 42:19</string>
      <VerseData />
    </item>
    <item>
      <string>GEN 4:9</string>
      <VerseData />
    </item>
    <item>
      <string>GEN 4:8</string>
      <VerseData />
    </item>
    <item>
      <string>GEN 4:11</string>
      <VerseData />
    </item>
    <item>
      <string>GEN 12:4</string>
      <VerseData>
        <Cluster>
          <Range Index="117" Length="4" />
          <Lexeme Id="Word:paat" GlossId="iMv75U3z" />
        </Cluster>
      </VerseData>
    </item>
    <item>
      <string>GEN 29:1</string>
      <VerseData />
    </item>
    <item>
      <string>GEN 34:30</string>
      <VerseData />
    </item>
    <item>
      <string>GEN 31:35</string>
      <VerseData />
    </item>
    <item>
      <string>GEN 31:20</string>
      <VerseData />
    </item>
    <item>
      <string>GEN 31:21</string>
      <VerseData />
    </item>
    <item>
      <string>GEN 31:55</string>
      <VerseData />
    </item>
    <item>
      <string>GEN 33:12</string>
      <VerseData />
    </item>
    <item>
      <string>GEN 35:13</string>
      <VerseData />
    </item>
    <item>
      <string>GEN 38:11</string>
      <VerseData>
        <Cluster>
          <Range Index="124" Length="6" />
          <Lexeme Id="Word:wurang" GlossId="ayxZI/is" />
        </Cluster>
        <Cluster>
          <Range Index="124" Length="6" />
          <Lexeme Id="Stem:wurang" GlossId="DfSjgvVy" />
        </Cluster>
        <Cluster>
          <Range Index="131" Length="3" />
          <Lexeme Id="Stem:aku" GlossId="4AsjeKHr" />
        </Cluster>
        <Cluster>
          <Range Index="131" Length="3" />
          <Lexeme Id="Word:aku" GlossId="qnEfaBSr" />
        </Cluster>
        <Cluster>
          <Range Index="160" Length="4" />
          <Lexeme Id="Word:taji" GlossId="vN6mK31m" />
        </Cluster>
      </VerseData>
    </item>
    <item>
      <string>GEN 38:12</string>
      <VerseData />
    </item>
    <item>
      <string>GEN 38:16</string>
      <VerseData />
    </item>
    <item>
      <string>GEN 38:19</string>
      <VerseData />
    </item>
    <item>
      <string>GEN 42:4</string>
      <VerseData />
    </item>
    <item>
      <string>GEN 43:8</string>
      <VerseData />
    </item>
    <item>
      <string>GEN 43:30</string>
      <VerseData />
    </item>
    <item>
      <string>GEN 46:3</string>
      <VerseData />
    </item>
    <item>
      <string>GEN 47:1</string>
      <VerseData />
    </item>
    <item>
      <string>GEN 49:23</string>
      <VerseData />
    </item>
    <item>
      <string>GEN 1:21</string>
      <VerseData />
    </item>
    <item>
      <string>GEN 2:19</string>
      <VerseData />
    </item>
    <item>
      <string>GEN 2:20</string>
      <VerseData />
    </item>
    <item>
      <string>GEN 15:18</string>
      <VerseData />
    </item>
    <item>
      <string>GEN 19:13</string>
      <VerseData>
        <Cluster>
          <Range Index="165" Length="6" />
          <Lexeme Id="Stem:mpeeku" GlossId="ZY+BgZ7w" />
        </Cluster>
        <Cluster>
          <Range Index="172" Length="2" />
          <Lexeme Id="Word:mu" GlossId="GZcU1RTl" />
        </Cluster>
        <Cluster>
          <Range Index="172" Length="2" />
          <Lexeme Id="Stem:mu" GlossId="DWvY55pp" />
        </Cluster>
        <Cluster>
          <Range Index="13" Length="3" />
          <Lexeme Id="Word:mun" GlossId="oTnW5F3O" />
        </Cluster>
        <Cluster>
          <Range Index="17" Length="3" />
          <Lexeme Id="Word:kús" GlossId="XSaNU5/U" />
        </Cluster>
        <Cluster>
          <Range Index="50" Length="3" />
          <Lexeme Id="Word:wal" GlossId="ChTAdrgV" />
        </Cluster>
      </VerseData>
    </item>
    <item>
      <string>GEN 10:16</string>
      <VerseData />
    </item>
    <item>
      <string>GEN 15:21</string>
      <VerseData />
    </item>
    <item>
      <string>GEN 46:11</string>
      <VerseData />
    </item>
    <item>
      <string>GEN 19:11</string>
      <VerseData />
    </item>
    <item>
      <string>GEN 12:8</string>
      <VerseData />
    </item>
    <item>
      <string>GEN 18:23</string>
      <VerseData />
    </item>
    <item>
      <string>GEN 21:16</string>
      <VerseData>
        <Cluster>
          <Range Index="18" Length="4" />
          <Lexeme Id="Word:gyes" GlossId="Rq5Aw72K" />
        </Cluster>
      </VerseData>
    </item>
    <item>
      <string>GEN 22:13</string>
      <VerseData>
        <Cluster>
          <Range Index="98" Length="7" />
          <Lexeme Id="Prefix:n" GlossId="k7xG9kFI" />
          <Lexeme Id="Stem:yoghom" GlossId="tdJhHoID" />
        </Cluster>
        <Cluster>
          <Range Index="98" Length="7" />
          <Lexeme Id="Word:nyoghom" GlossId="w4nfTWF2" />
        </Cluster>
        <Cluster>
          <Range Index="87" Length="5" />
          <Lexeme Id="Word:lɨɓet" GlossId="MSE4ytxH" />
        </Cluster>
      </VerseData>
    </item>
    <item>
      <string>GEN 37:26</string>
      <VerseData />
    </item>
    <item>
      <string>GEN 11:3</string>
      <VerseData />
    </item>
    <item>
      <string>GEN 11:5</string>
      <VerseData />
    </item>
    <item>
      <string>GEN 11:9</string>
      <VerseData />
    </item>
    <item>
      <string>GEN 11:10</string>
      <VerseData />
    </item>
    <item>
      <string>GEN 11:30</string>
      <VerseData />
    </item>
    <item>
      <string>GEN 12:2</string>
      <VerseData />
    </item>
    <item>
      <string>GEN 12:3</string>
      <VerseData />
    </item>
    <item>
      <string>GEN 12:5</string>
      <VerseData />
    </item>
    <item>
      <string>GEN 12:6</string>
      <VerseData />
    </item>
    <item>
      <string>GEN 12:7</string>
      <VerseData />
    </item>
    <item>
      <string>GEN 12:11</string>
      <VerseData />
    </item>
    <item>
      <string>GEN 12:15</string>
      <VerseData />
    </item>
    <item>
      <string>GEN 12:16</string>
      <VerseData />
    </item>
    <item>
      <string>GEN 12:17</string>
      <VerseData />
    </item>
    <item>
      <string>GEN 12:18</string>
      <VerseData />
    </item>
    <item>
      <string>GEN 12:20</string>
      <VerseData />
    </item>
    <item>
      <string>GEN 13:1</string>
      <VerseData />
    </item>
    <item>
      <string>GEN 13:4</string>
      <VerseData />
    </item>
    <item>
      <string>GEN 13:8</string>
      <VerseData />
    </item>
    <item>
      <string>GEN 13:18</string>
      <VerseData />
    </item>
    <item>
      <string>GEN 14:1</string>
      <VerseData />
    </item>
    <item>
      <string>GEN 14:2</string>
      <VerseData />
    </item>
    <item>
      <string>GEN 14:4</string>
      <VerseData />
    </item>
    <item>
      <string>GEN 14:6</string>
      <VerseData />
    </item>
    <item>
      <string>GEN 14:8</string>
      <VerseData />
    </item>
    <item>
      <string>GEN 14:9</string>
      <VerseData />
    </item>
    <item>
      <string>GEN 14:10</string>
      <VerseData />
    </item>
    <item>
      <string>GEN 14:14</string>
      <VerseData />
    </item>
    <item>
      <string>GEN 14:15</string>
      <VerseData />
    </item>
    <item>
      <string>GEN 14:17</string>
      <VerseData />
    </item>
    <item>
      <string>GEN 14:19</string>
      <VerseData />
    </item>
    <item>
      <string>GEN 14:20</string>
      <VerseData />
    </item>
    <item>
      <string>GEN 14:22</string>
      <VerseData />
    </item>
    <item>
      <string>GEN 15:1</string>
      <VerseData />
    </item>
    <item>
      <string>GEN 15:2</string>
      <VerseData />
    </item>
    <item>
      <string>GEN 15:3</string>
      <VerseData />
    </item>
    <item>
      <string>GEN 15:4</string>
      <VerseData />
    </item>
    <item>
      <string>GEN 15:5</string>
      <VerseData />
    </item>
    <item>
      <string>GEN 15:6</string>
      <VerseData />
    </item>
    <item>
      <string>GEN 15:9</string>
      <VerseData />
    </item>
    <item>
      <string>GEN 15:12</string>
      <VerseData />
    </item>
    <item>
      <string>GEN 15:13</string>
      <VerseData />
    </item>
    <item>
      <string>GEN 15:20</string>
      <VerseData />
    </item>
    <item>
      <string>GEN 16:1</string>
      <VerseData />
    </item>
    <item>
      <string>GEN 16:7</string>
      <VerseData />
    </item>
    <item>
      <string>GEN 16:10</string>
      <VerseData />
    </item>
    <item>
      <string>GEN 16:11</string>
      <VerseData />
    </item>
    <item>
      <string>GEN 16:13</string>
      <VerseData />
    </item>
    <item>
      <string>GEN 17:1</string>
      <VerseData />
    </item>
    <item>
      <string>GEN 17:4</string>
      <VerseData />
    </item>
    <item>
      <string>GEN 17:5</string>
      <VerseData />
    </item>
    <item>
      <string>GEN 17:8</string>
      <VerseData />
    </item>
    <item>
      <string>GEN 17:9</string>
      <VerseData />
    </item>
    <item>
      <string>GEN 17:11</string>
      <VerseData />
    </item>
    <item>
      <string>GEN 17:15</string>
      <VerseData />
    </item>
    <item>
      <string>GEN 17:16</string>
      <VerseData />
    </item>
    <item>
      <string>GEN 17:19</string>
      <VerseData />
    </item>
    <item>
      <string>GEN 17:20</string>
      <VerseData />
    </item>
    <item>
      <string>GEN 17:22</string>
      <VerseData />
    </item>
    <item>
      <string>GEN 18:1</string>
      <VerseData />
    </item>
    <item>
      <string>GEN 18:2</string>
      <VerseData />
    </item>
    <item>
      <string>GEN 18:3</string>
      <VerseData />
    </item>
    <item>
      <string>GEN 18:5</string>
      <VerseData />
    </item>
    <item>
      <string>GEN 18:7</string>
      <VerseData />
    </item>
    <item>
      <string>GEN 18:10</string>
      <VerseData />
    </item>
    <item>
      <string>GEN 18:11</string>
      <VerseData />
    </item>
    <item>
      <string>GEN 18:14</string>
      <VerseData />
    </item>
    <item>
      <string>GEN 18:15</string>
      <VerseData />
    </item>
    <item>
      <string>GEN 18:21</string>
      <VerseData />
    </item>
    <item>
      <string>GEN 18:25</string>
      <VerseData />
    </item>
    <item>
      <string>GEN 18:28</string>
      <VerseData />
    </item>
    <item>
      <string>GEN 18:32</string>
      <VerseData />
    </item>
    <item>
      <string>GEN 18:33</string>
      <VerseData />
    </item>
    <item>
      <string>GEN 19:2</string>
      <VerseData />
    </item>
    <item>
      <string>GEN 19:5</string>
      <VerseData />
    </item>
    <item>
      <string>GEN 19:14</string>
      <VerseData />
    </item>
    <item>
      <string>GEN 19:17</string>
      <VerseData />
    </item>
    <item>
      <string>GEN 19:18</string>
      <VerseData />
    </item>
    <item>
      <string>GEN 19:19</string>
      <VerseData />
    </item>
    <item>
      <string>GEN 19:20</string>
      <VerseData />
    </item>
    <item>
      <string>GEN 19:22</string>
      <VerseData />
    </item>
    <item>
      <string>GEN 19:24</string>
      <VerseData />
    </item>
    <item>
      <string>GEN 19:25</string>
      <VerseData />
    </item>
    <item>
      <string>GEN 19:31</string>
      <VerseData />
    </item>
    <item>
      <string>GEN 19:38</string>
      <VerseData />
    </item>
    <item>
      <string>GEN 20:1</string>
      <VerseData />
    </item>
    <item>
      <string>GEN 20:3</string>
      <VerseData />
    </item>
    <item>
      <string>GEN 20:13</string>
      <VerseData />
    </item>
    <item>
      <string>GEN 20:5</string>
      <VerseData />
    </item>
    <item>
      <string>GEN 20:4</string>
      <VerseData />
    </item>
    <item>
      <string>GEN 21:2</string>
      <VerseData />
    </item>
    <item>
      <string>GEN 21:3</string>
      <VerseData />
    </item>
    <item>
      <string>GEN 21:10</string>
      <VerseData />
    </item>
    <item>
      <string>GEN 21:11</string>
      <VerseData />
    </item>
    <item>
      <string>GEN 21:13</string>
      <VerseData />
    </item>
    <item>
      <string>GEN 21:14</string>
      <VerseData />
    </item>
    <item>
      <string>GEN 21:15</string>
      <VerseData />
    </item>
    <item>
      <string>GEN 21:17</string>
      <VerseData />
    </item>
    <item>
      <string>GEN 21:23</string>
      <VerseData />
    </item>
    <item>
      <string>GEN 21:27</string>
      <VerseData />
    </item>
    <item>
      <string>GEN 21:31</string>
      <VerseData />
    </item>
    <item>
      <string>GEN 21:33</string>
      <VerseData />
    </item>
    <item>
      <string>GEN 22:1</string>
      <VerseData />
    </item>
    <item>
      <string>GEN 22:2</string>
      <VerseData />
    </item>
    <item>
      <string>GEN 22:6</string>
      <VerseData />
    </item>
    <item>
      <string>GEN 22:7</string>
      <VerseData />
    </item>
    <item>
      <string>GEN 22:9</string>
      <VerseData />
    </item>
    <item>
      <string>GEN 22:14</string>
      <VerseData />
    </item>
    <item>
      <string>GEN 22:15</string>
      <VerseData />
    </item>
    <item>
      <string>GEN 22:16</string>
      <VerseData />
    </item>
    <item>
      <string>GEN 22:17</string>
      <VerseData />
    </item>
    <item>
      <string>GEN 22:18</string>
      <VerseData />
    </item>
    <item>
      <string>GEN 22:19</string>
      <VerseData />
    </item>
    <item>
      <string>GEN 22:20</string>
      <VerseData />
    </item>
    <item>
      <string>GEN 22:22</string>
      <VerseData />
    </item>
    <item>
      <string>GEN 22:24</string>
      <VerseData />
    </item>
    <item>
      <string>GEN 23:1</string>
      <VerseData />
    </item>
    <item>
      <string>GEN 23:3</string>
      <VerseData />
    </item>
    <item>
      <string>GEN 23:4</string>
      <VerseData />
    </item>
    <item>
      <string>GEN 23:6</string>
      <VerseData />
    </item>
    <item>
      <string>GEN 23:9</string>
      <VerseData />
    </item>
    <item>
      <string>GEN 23:10</string>
      <VerseData />
    </item>
    <item>
      <string>GEN 23:11</string>
      <VerseData />
    </item>
    <item>
      <string>GEN 23:15</string>
      <VerseData />
    </item>
    <item>
      <string>GEN 23:18</string>
      <VerseData />
    </item>
    <item>
      <string>GEN 24:1</string>
      <VerseData />
    </item>
    <item>
      <string>GEN 24:2</string>
      <VerseData />
    </item>
    <item>
      <string>GEN 24:3</string>
      <VerseData />
    </item>
    <item>
      <string>GEN 24:5</string>
      <VerseData />
    </item>
    <item>
      <string>GEN 24:7</string>
      <VerseData />
    </item>
    <item>
      <string>GEN 24:8</string>
      <VerseData />
    </item>
    <item>
      <string>GEN 24:10</string>
      <VerseData />
    </item>
    <item>
      <string>GEN 24:11</string>
      <VerseData />
    </item>
    <item>
      <string>GEN 24:12</string>
      <VerseData />
    </item>
    <item>
      <string>GEN 24:13</string>
      <VerseData />
    </item>
    <item>
      <string>GEN 24:14</string>
      <VerseData />
    </item>
    <item>
      <string>GEN 24:15</string>
      <VerseData />
    </item>
    <item>
      <string>GEN 24:18</string>
      <VerseData />
    </item>
    <item>
      <string>GEN 24:19</string>
      <VerseData />
    </item>
    <item>
      <string>GEN 24:27</string>
      <VerseData />
    </item>
    <item>
      <string>GEN 24:31</string>
      <VerseData />
    </item>
    <item>
      <string>GEN 24:36</string>
      <VerseData />
    </item>
    <item>
      <string>GEN 24:37</string>
      <VerseData />
    </item>
    <item>
      <string>GEN 24:46</string>
      <VerseData />
    </item>
    <item>
      <string>GEN 24:50</string>
      <VerseData />
    </item>
    <item>
      <string>GEN 24:55</string>
      <VerseData />
    </item>
    <item>
      <string>GEN 24:63</string>
      <VerseData />
    </item>
    <item>
      <string>GEN 24:65</string>
      <VerseData />
    </item>
    <item>
      <string>GEN 24:67</string>
      <VerseData />
    </item>
    <item>
      <string>GEN 25:1</string>
      <VerseData>
        <Cluster>
          <Range Index="52" Length="6" />
          <Lexeme Id="Word:ketura" GlossId="QknAFOBV" />
        </Cluster>
      </VerseData>
    </item>
    <item>
      <string>GEN 26:3</string>
      <VerseData />
    </item>
    <item>
      <string>GEN 26:6</string>
      <VerseData />
    </item>
    <item>
      <string>GEN 26:1</string>
      <VerseData />
    </item>
    <item>
      <string>GEN 26:4</string>
      <VerseData />
    </item>
    <item>
      <string>GEN 26:8</string>
      <VerseData>
        <Cluster>
          <Range Index="129" Length="4" />
          <Lexeme Id="Prefix:n" />
          <Lexeme Id="Stem:tan" />
        </Cluster>
      </VerseData>
    </item>
    <item>
      <string>GEN 26:12</string>
      <VerseData />
    </item>
    <item>
      <string>GEN 26:17</string>
      <VerseData />
    </item>
    <item>
      <string>GEN 26:20</string>
      <VerseData />
    </item>
    <item>
      <string>GEN 26:21</string>
      <VerseData />
    </item>
    <item>
      <string>GEN 26:22</string>
      <VerseData />
    </item>
    <item>
      <string>GEN 26:23</string>
      <VerseData />
    </item>
    <item>
      <string>GEN 4:25</string>
      <VerseData />
    </item>
    <item>
      <string>GEN 26:25</string>
      <VerseData />
    </item>
    <item>
      <string>GEN 26:29</string>
      <VerseData />
    </item>
    <item>
      <string>GEN 26:31</string>
      <VerseData />
    </item>
    <item>
      <string>GEN 26:30</string>
      <VerseData />
    </item>
    <item>
      <string>GEN 26:32</string>
      <VerseData />
    </item>
    <item>
      <string>GEN 26:33</string>
      <VerseData />
    </item>
    <item>
      <string>GEN 26:34</string>
      <VerseData />
    </item>
    <item>
      <string>GEN 27:1</string>
      <VerseData />
    </item>
    <item>
      <string>GEN 27:3</string>
      <VerseData />
    </item>
    <item>
      <string>GEN 27:7</string>
      <VerseData />
    </item>
    <item>
      <string>GEN 27:9</string>
      <VerseData />
    </item>
    <item>
      <string>GEN 27:23</string>
      <VerseData />
    </item>
    <item>
      <string>GEN 27:24</string>
      <VerseData />
    </item>
    <item>
      <string>GEN 27:25</string>
      <VerseData />
    </item>
    <item>
      <string>GEN 27:27</string>
      <VerseData />
    </item>
    <item>
      <string>GEN 27:28</string>
      <VerseData />
    </item>
    <item>
      <string>GEN 27:35</string>
      <VerseData />
    </item>
    <item>
      <string>GEN 27:37</string>
      <VerseData />
    </item>
    <item>
      <string>GEN 27:38</string>
      <VerseData />
    </item>
    <item>
      <string>GEN 27:39</string>
      <VerseData />
    </item>
    <item>
      <string>GEN 27:40</string>
      <VerseData />
    </item>
    <item>
      <string>GEN 27:44</string>
      <VerseData />
    </item>
    <item>
      <string>GEN 27:45</string>
      <VerseData />
    </item>
    <item>
      <string>GEN 27:46</string>
      <VerseData />
    </item>
    <item>
      <string>GEN 28:1</string>
      <VerseData />
    </item>
    <item>
      <string>GEN 28:2</string>
      <VerseData />
    </item>
    <item>
      <string>GEN 28:3</string>
      <VerseData />
    </item>
    <item>
      <string>GEN 28:5</string>
      <VerseData />
    </item>
    <item>
      <string>GEN 28:14</string>
      <VerseData />
    </item>
    <item>
      <string>GEN 28:21</string>
      <VerseData />
    </item>
    <item>
      <string>GEN 28:22</string>
      <VerseData />
    </item>
    <item>
      <string>GEN 29:4</string>
      <VerseData />
    </item>
    <item>
      <string>GEN 29:14</string>
      <VerseData />
    </item>
    <item>
      <string>GEN 29:16</string>
      <VerseData />
    </item>
    <item>
      <string>GEN 29:32</string>
      <VerseData />
    </item>
    <item>
      <string>GEN 29:33</string>
      <VerseData />
    </item>
    <item>
      <string>GEN 29:34</string>
      <VerseData />
    </item>
    <item>
      <string>GEN 29:35</string>
      <VerseData />
    </item>
    <item>
      <string>GEN 30:6</string>
      <VerseData />
    </item>
    <item>
      <string>GEN 30:7</string>
      <VerseData />
    </item>
    <item>
      <string>GEN 30:8</string>
      <VerseData />
    </item>
    <item>
      <string>GEN 30:11</string>
      <VerseData />
    </item>
    <item>
      <string>GEN 30:13</string>
      <VerseData />
    </item>
    <item>
      <string>GEN 30:14</string>
      <VerseData />
    </item>
    <item>
      <string>GEN 30:18</string>
      <VerseData />
    </item>
    <item>
      <string>GEN 30:19</string>
      <VerseData />
    </item>
    <item>
      <string>GEN 30:20</string>
      <VerseData />
    </item>
    <item>
      <string>GEN 30:22</string>
      <VerseData />
    </item>
    <item>
      <string>GEN 30:24</string>
      <VerseData />
    </item>
    <item>
      <string>GEN 30:27</string>
      <VerseData />
    </item>
    <item>
      <string>GEN 30:29</string>
      <VerseData />
    </item>
    <item>
      <string>GEN 30:30</string>
      <VerseData />
    </item>
    <item>
      <string>GEN 30:31</string>
      <VerseData />
    </item>
    <item>
      <string>GEN 30:34</string>
      <VerseData />
    </item>
    <item>
      <string>GEN 30:37</string>
      <VerseData />
    </item>
    <item>
      <string>GEN 30:38</string>
      <VerseData />
    </item>
    <item>
      <string>GEN 31:1</string>
      <VerseData />
    </item>
    <item>
      <string>GEN 31:4</string>
      <VerseData />
    </item>
    <item>
      <string>GEN 31:8</string>
      <VerseData />
    </item>
    <item>
      <string>GEN 31:11</string>
      <VerseData />
    </item>
    <item>
      <string>GEN 31:12</string>
      <VerseData />
    </item>
    <item>
      <string>GEN 31:13</string>
      <VerseData />
    </item>
    <item>
      <string>GEN 31:24</string>
      <VerseData />
    </item>
    <item>
      <string>GEN 31:27</string>
      <VerseData />
    </item>
    <item>
      <string>GEN 31:28</string>
      <VerseData>
        <Cluster>
          <Range Index="20" Length="3" />
          <Lexeme Id="Word:kub" GlossId="D0cgS3zl" />
        </Cluster>
        <Cluster>
          <Range Index="123" Length="3" />
          <Lexeme Id="Word:kai" GlossId="p6C4OgDZ" />
        </Cluster>
      </VerseData>
    </item>
    <item>
      <string>GEN 47:23</string>
      <VerseData />
    </item>
    <item>
      <string>GEN 47:22</string>
      <VerseData />
    </item>
    <item>
      <string>GEN 23:0</string>
      <VerseData>
        <Cluster>
          <Range Index="17" Length="8" />
          <Lexeme Id="Phrase:seet pee" GlossId="lX8goIs8" />
        </Cluster>
      </VerseData>
    </item>
    <item>
      <string>GEN 3:24</string>
      <VerseData>
        <Cluster>
          <Range Index="22" Length="4" />
          <Lexeme Id="Word:ceen" GlossId="cHVtRN5C" />
        </Cluster>
      </VerseData>
    </item>
    <item>
      <string>GEN 2:1</string>
      <VerseData />
    </item>
    <item>
      <string>GEN 3:1</string>
      <VerseData />
    </item>
    <item>
      <string>GEN 4:1</string>
      <VerseData />
    </item>
    <item>
      <string>GEN 5:1</string>
      <VerseData />
    </item>
    <item>
      <string>GEN 8:10</string>
      <VerseData>
        <Cluster>
          <Range Index="11" Length="4" />
          <Lexeme Id="Word:gong" GlossId="w6A9AWe9" />
        </Cluster>
      </VerseData>
    </item>
  </Verses>
</InterlinearData>