﻿<?xml version="1.0" encoding="utf-8"?>
<InterlinearData ScrTextName="zz_SUR" GlossLanguage="English" BookId="LEV">
  <Verses>
    <item>
      <string>LEV 26:0</string>
      <VerseData />
    </item>
    <item>
      <string>LEV 26:13</string>
      <VerseData>
        <Cluster>
          <Range Index="173" Length="7" />
          <Lexeme Id="Word:nyaghas" GlossId="IsZt2bJc" />
        </Cluster>
        <Cluster>
          <Range Index="173" Length="7" />
          <Lexeme Id="Stem:nyaghas" GlossId="h7KAoOk+" />
        </Cluster>
      </VerseData>
    </item>
    <item>
      <string>LEV 18:0</string>
      <VerseData />
    </item>
    <item>
      <string>LEV 18:23</string>
      <VerseData>
        <Cluster>
          <Range Index="17" Length="4" />
          <Lexeme Id="Stem:teer" GlossId="/TYaHFd4" />
        </Cluster>
        <Cluster>
          <Range Index="17" Length="4" />
          <Lexeme Id="Word:teer" GlossId="6kXxvv1A" />
        </Cluster>
        <Cluster>
          <Range Index="22" Length="2" />
          <Lexeme Id="Word:kɨ" GlossId="XnpMLw0H" />
        </Cluster>
        <Cluster>
          <Range Index="17" Length="7" />
          <Lexeme Id="Phrase:teer kɨ" GlossId="en4htNgS" />
        </Cluster>
      </VerseData>
    </item>
    <item>
      <string>LEV 20:12</string>
      <VerseData>
        <Cluster>
          <Range Index="26" Length="4" />
          <Lexeme Id="Stem:teer" GlossId="/TYaHFd4" />
        </Cluster>
        <Cluster>
          <Range Index="31" Length="2" />
          <Lexeme Id="Word:kɨ" GlossId="XnpMLw0H" />
        </Cluster>
        <Cluster>
          <Range Index="26" Length="4" />
          <Lexeme Id="Word:teer" GlossId="6kXxvv1A" />
        </Cluster>
        <Cluster>
          <Range Index="26" Length="7" />
          <Lexeme Id="Phrase:teer kɨ" GlossId="en4htNgS" />
        </Cluster>
      </VerseData>
    </item>
    <item>
      <string>LEV 20:0</string>
      <VerseData />
    </item>
    <item>
      <string>LEV 15:0</string>
      <VerseData />
    </item>
    <item>
      <string>LEV 15:2</string>
      <VerseData>
        <Cluster>
          <Range Index="35" Length="12" />
          <Lexeme Id="Phrase:koo pɨrangye" GlossId="E51+uqjB" />
        </Cluster>
      </VerseData>
    </item>
    <item>
      <string>LEV 15:19</string>
      <VerseData>
        <Cluster>
          <Range Index="10" Length="12" />
          <Lexeme Id="Phrase:koo pɨrangye" GlossId="E51+uqjB" />
        </Cluster>
        <Cluster>
          <Range Index="10" Length="3" />
          <Lexeme Id="Word:koo" GlossId="r+HabNjI" />
        </Cluster>
        <Cluster>
          <Range Index="14" Length="8" />
          <Lexeme Id="Word:pɨrangye" GlossId="LMPqXF5P" />
        </Cluster>
        <Cluster>
          <Range Index="14" Length="8" />
          <Lexeme Id="Stem:pɨrangye" GlossId="LMPqXF5P" />
        </Cluster>
        <Cluster>
          <Range Index="10" Length="3" />
          <Lexeme Id="Stem:koo" GlossId="b6V8WC3g" />
        </Cluster>
      </VerseData>
    </item>
    <item>
      <string>LEV 16:0</string>
      <VerseData />
    </item>
    <item>
      <string>LEV 16:2</string>
      <VerseData>
        <Cluster>
          <Range Index="93" Length="3" />
          <Lexeme Id="Stem:pee" GlossId="Tnd70omE" />
        </Cluster>
        <Cluster>
          <Range Index="93" Length="3" />
          <Lexeme Id="Word:pee" GlossId="bAd5F4UF" />
        </Cluster>
        <Cluster>
          <Range Index="97" Length="7" />
          <Lexeme Id="Prefix:ɗii" GlossId="24RkDqWV" />
          <Lexeme Id="Stem:ɓang" GlossId="oOz5R5WT" />
        </Cluster>
        <Cluster>
          <Range Index="97" Length="7" />
          <Lexeme Id="Word:ɗiiɓang" GlossId="GCjXTCeX" />
        </Cluster>
        <Cluster>
          <Range Index="105" Length="3" />
          <Lexeme Id="Word:met" GlossId="uPlmdoac" />
        </Cluster>
        <Cluster>
          <Range Index="109" Length="3" />
          <Lexeme Id="Word:jir" GlossId="EuVxUJcg" />
        </Cluster>
        <Cluster>
          <Range Index="93" Length="19" />
          <Lexeme Id="Phrase:pee ɗiiɓang met jir" GlossId="14oDtstP" />
        </Cluster>
        <Cluster>
          <Range Index="137" Length="19" />
          <Lexeme Id="Phrase:pee ɗiiɓang met jir" GlossId="14oDtstP" />
        </Cluster>
        <Cluster>
          <Range Index="137" Length="3" />
          <Lexeme Id="Word:pee" GlossId="bAd5F4UF" />
        </Cluster>
        <Cluster>
          <Range Index="137" Length="3" />
          <Lexeme Id="Stem:pee" GlossId="Tnd70omE" />
        </Cluster>
        <Cluster>
          <Range Index="141" Length="7" />
          <Lexeme Id="Prefix:ɗii" GlossId="24RkDqWV" />
          <Lexeme Id="Stem:ɓang" GlossId="oOz5R5WT" />
        </Cluster>
        <Cluster>
          <Range Index="141" Length="7" />
          <Lexeme Id="Word:ɗiiɓang" GlossId="GCjXTCeX" />
        </Cluster>
        <Cluster>
          <Range Index="149" Length="3" />
          <Lexeme Id="Word:met" GlossId="uPlmdoac" />
        </Cluster>
        <Cluster>
          <Range Index="153" Length="3" />
          <Lexeme Id="Word:jir" GlossId="EuVxUJcg" />
        </Cluster>
        <Cluster>
          <Range Index="275" Length="17" />
          <Lexeme Id="Phrase:kwati mu tuwoorpo" GlossId="zcU7u/12" />
        </Cluster>
        <Cluster>
          <Range Index="66" Length="4" />
          <Lexeme Id="Word:taji" GlossId="pQ2dqCkh" />
        </Cluster>
        <Cluster>
          <Range Index="173" Length="3" />
          <Lexeme Id="Word:kas" GlossId="cxkywNrt" />
        </Cluster>
      </VerseData>
    </item>
    <item>
      <string>LEV 24:2</string>
      <VerseData>
        <Cluster>
          <Range Index="13" Length="14" />
          <Lexeme Id="Phrase:nyem isreil mo" GlossId="2LmgU18c" />
        </Cluster>
        <Cluster>
          <Range Index="13" Length="4" />
          <Lexeme Id="Word:nyem" GlossId="cokI24r5" />
        </Cluster>
        <Cluster>
          <Range Index="18" Length="6" />
          <Lexeme Id="Word:isreil" GlossId="7NQftLYc" />
        </Cluster>
        <Cluster>
          <Range Index="25" Length="2" />
          <Lexeme Id="Word:mo" GlossId="2aJ5bkAV" />
        </Cluster>
        <Cluster>
          <Range Index="25" Length="2" />
          <Lexeme Id="Stem:mo" GlossId="2aJ5bkAV" />
        </Cluster>
        <Cluster>
          <Range Index="29" Length="2" />
          <Lexeme Id="Word:ku" GlossId="tEj7rhh/" />
        </Cluster>
        <Cluster>
          <Range Index="32" Length="2" />
          <Lexeme Id="Word:mo" GlossId="LxjF2idy" />
        </Cluster>
        <Cluster>
          <Range Index="32" Length="2" />
          <Lexeme Id="Stem:mo" GlossId="aD1WoOyt" />
        </Cluster>
        <Cluster>
          <Range Index="35" Length="2" />
          <Lexeme Id="Word:jì" GlossId="XNzN3lZr" />
        </Cluster>
        <Cluster>
          <Range Index="38" Length="2" />
          <Lexeme Id="Word:kɨ" GlossId="WzORqb7y" />
        </Cluster>
        <Cluster>
          <Range Index="7" Length="1" />
          <Lexeme Id="Word:a" GlossId="LsHrYZ+T" />
        </Cluster>
        <Cluster>
          <Range Index="9" Length="3" />
          <Lexeme Id="Word:sat" GlossId="syHYRBSY" />
        </Cluster>
        <Cluster>
          <Range Index="57" Length="4" />
          <Lexeme Id="Word:olif" GlossId="2i0hp6P8" />
        </Cluster>
        <Cluster>
          <Range Index="141" Length="12" />
          <Lexeme Id="Phrase:koo pɨrangye" GlossId="KOG3K1Rz" />
        </Cluster>
        <Cluster>
          <Range Index="141" Length="3" />
          <Lexeme Id="Word:koo" GlossId="r+HabNjI" />
        </Cluster>
        <Cluster>
          <Range Index="145" Length="8" />
          <Lexeme Id="Word:pɨrangye" GlossId="LMPqXF5P" />
        </Cluster>
        <Cluster>
          <Range Index="145" Length="8" />
          <Lexeme Id="Stem:pɨrangye" GlossId="LMPqXF5P" />
        </Cluster>
        <Cluster>
          <Range Index="141" Length="3" />
          <Lexeme Id="Stem:koo" GlossId="b6V8WC3g" />
        </Cluster>
      </VerseData>
    </item>
    <item>
      <string>LEV 26:16</string>
      <VerseData />
    </item>
    <item>
      <string>LEV 26:34</string>
      <VerseData>
        <Cluster>
          <Range Index="26" Length="7" />
          <Lexeme Id="Prefix:n" GlossId="/xOWDHtl" />
          <Lexeme Id="Stem:kɨling" GlossId="6MN8GuIB" />
        </Cluster>
        <Cluster>
          <Range Index="26" Length="7" />
          <Lexeme Id="Word:nkɨling" GlossId="mGZdfxTd" />
        </Cluster>
        <Cluster>
          <Range Index="34" Length="5" />
          <Lexeme Id="Stem:shang" GlossId="y+PuNl3n" />
        </Cluster>
        <Cluster>
          <Range Index="34" Length="5" />
          <Lexeme Id="Word:shang" GlossId="fu5ySnwX" />
        </Cluster>
        <Cluster>
          <Range Index="26" Length="13" />
          <Lexeme Id="Phrase:nkɨling shang" GlossId="pg8htpob" />
        </Cluster>
        <Cluster>
          <Range Index="13" Length="3" />
          <Lexeme Id="Word:yil" GlossId="x0TyMiE0" />
        </Cluster>
        <Cluster>
          <Range Index="13" Length="3" />
          <Lexeme Id="Stem:yil" GlossId="8VZBwscP" />
        </Cluster>
        <Cluster>
          <Range Index="6" Length="6" />
          <Lexeme Id="Word:ɗangɓe" GlossId="NRIZhm7t" />
        </Cluster>
        <Cluster>
          <Range Index="17" Length="2" />
          <Lexeme Id="Word:ni" GlossId="DKXEBqTO" />
        </Cluster>
        <Cluster>
          <Range Index="40" Length="3" />
          <Lexeme Id="Word:kɨ̀" GlossId="8qlNfeel" />
        </Cluster>
        <Cluster>
          <Range Index="44" Length="3" />
          <Lexeme Id="Word:ɓit" GlossId="rMSBKpDn" />
        </Cluster>
      </VerseData>
    </item>
    <item>
      <string>LEV 25:0</string>
      <VerseData />
    </item>
    <item>
      <string>LEV 25:48</string>
      <VerseData>
        <Cluster>
          <Range Index="72" Length="4" />
          <Lexeme Id="Stem:mwol" GlossId="gBoYmu3S" />
        </Cluster>
        <Cluster>
          <Range Index="72" Length="4" />
          <Lexeme Id="Word:mwol" GlossId="20Yrz851" />
        </Cluster>
      </VerseData>
    </item>
    <item>
      <string>LEV 2:16</string>
      <VerseData />
    </item>
    <item>
      <string>LEV 2:1</string>
      <VerseData>
        <Cluster>
          <Range Index="68" Length="4" />
          <Lexeme Id="Word:ting" GlossId="9TyZ1r5H" />
        </Cluster>
        <Cluster>
          <Range Index="68" Length="4" />
          <Lexeme Id="Stem:ting" GlossId="Y/rHlZBy" />
        </Cluster>
        <Cluster>
          <Range Index="123" Length="4" />
          <Lexeme Id="Word:ting" GlossId="9TyZ1r5H" />
        </Cluster>
        <Cluster>
          <Range Index="118" Length="2" />
          <Lexeme Id="Word:ni" GlossId="dAzF/grS" />
        </Cluster>
        <Cluster>
          <Range Index="170" Length="4" />
          <Lexeme Id="Word:páat" GlossId="p6jcZtJE" />
        </Cluster>
        <Cluster>
          <Range Index="137" Length="5" />
          <Lexeme Id="Word:mwòor" GlossId="E06+EZLq" />
        </Cluster>
      </VerseData>
    </item>
    <item>
      <string>LEV 26:1</string>
      <VerseData>
        <Cluster>
          <Range Index="49" Length="4" />
          <Lexeme Id="Stem:n" GlossId="okUr5VWG" />
          <Lexeme Id="Stem:suk" GlossId="iwGY4q3E" />
        </Cluster>
        <Cluster>
          <Range Index="49" Length="4" />
          <Lexeme Id="Word:nsuk" GlossId="L1lQS4tG" />
        </Cluster>
      </VerseData>
    </item>
    <item>
      <string>LEV 5:16</string>
      <VerseData />
    </item>
    <item>
      <string>LEV 25:36</string>
      <VerseData>
        <Cluster>
          <Range Index="20" Length="5" />
          <Lexeme Id="Word:lɨɓet" GlossId="3YXOrdwf" />
        </Cluster>
      </VerseData>
    </item>
    <item>
      <string>LEV 1:5</string>
      <VerseData>
        <Cluster>
          <Range Index="113" Length="6" />
          <Lexeme Id="Word:tòghòm" GlossId="PRna1/C5" />
        </Cluster>
        <Cluster>
          <Range Index="184" Length="4" />
          <Lexeme Id="Stem:n" GlossId="FHs0/mas" />
          <Lexeme Id="Stem:jik" GlossId="OmSS88PO" />
        </Cluster>
        <Cluster>
          <Range Index="184" Length="4" />
          <Lexeme Id="Word:njik" GlossId="N0XYILf6" />
        </Cluster>
        <Cluster>
          <Range Index="189" Length="6" />
          <Lexeme Id="Stem:tòghòm" GlossId="lsTPyHdo" />
        </Cluster>
        <Cluster>
          <Range Index="189" Length="6" />
          <Lexeme Id="Word:tòghòm" GlossId="PRna1/C5" />
        </Cluster>
      </VerseData>
    </item>
  </Verses>
</InterlinearData>