﻿<?xml version="1.0" encoding="utf-8"?>
<InterlinearData ScrTextName="zz_SUR" GlossLanguage="en" BookId="NUM">
  <Verses>
    <item>
      <string>NUM 1:1</string>
      <VerseData>
        <Cluster>
          <Range Index="11" Length="7" />
          <Lexeme Id="Prefix:ɗi" />
          <Lexeme Id="Prefix:n" />
          <Lexeme Id="Stem:shee" GlossId="RjBkAF+K" />
        </Cluster>
        <Cluster>
          <Range Index="5" Length="5" />
          <Lexeme Id="Prefix:m" GlossId="++Ibcmdh" />
          <Lexeme Id="Stem:puus" GlossId="XMKnuCIe" />
        </Cluster>
        <Cluster>
          <Range Index="5" Length="5" />
          <Lexeme Id="Word:mpuus" GlossId="5ds1a08I" />
        </Cluster>
        <Cluster>
          <Range Index="29" Length="6" />
          <Lexeme Id="Stem:ɗii" GlossId="24RkDqWV" />
          <Lexeme Id="Stem:vul" GlossId="6quRgD0I" />
        </Cluster>
        <Cluster>
          <Range Index="29" Length="6" />
          <Lexeme Id="Word:ɗiivul" GlossId="qxpUtQS2" />
        </Cluster>
        <Cluster>
          <Range Index="43" Length="6" />
          <Lexeme Id="Stem:ɗii" GlossId="24RkDqWV" />
          <Lexeme Id="Stem:vul" GlossId="UrOq4Sbg" />
        </Cluster>
        <Cluster>
          <Range Index="43" Length="6" />
          <Lexeme Id="Word:ɗiivul" GlossId="qxpUtQS2" />
        </Cluster>
        <Cluster>
          <Range Index="39" Length="3" />
          <Lexeme Id="Word:ɓit" GlossId="rMSBKpDn" />
        </Cluster>
        <Cluster>
          <Range Index="61" Length="4" />
          <Lexeme Id="Word:nyem" GlossId="cokI24r5" />
        </Cluster>
        <Cluster>
          <Range Index="66" Length="6" />
          <Lexeme Id="Word:isreil" GlossId="7NQftLYc" />
        </Cluster>
        <Cluster>
          <Range Index="73" Length="2" />
          <Lexeme Id="Word:mo" GlossId="2aJ5bkAV" />
        </Cluster>
        <Cluster>
          <Range Index="73" Length="2" />
          <Lexeme Id="Stem:mo" GlossId="2aJ5bkAV" />
        </Cluster>
        <Cluster>
          <Range Index="81" Length="4" />
          <Lexeme Id="Stem:n" GlossId="HbTDYNvG" />
          <Lexeme Id="Stem:yil" GlossId="8VZBwscP" />
        </Cluster>
        <Cluster>
          <Range Index="81" Length="4" />
          <Lexeme Id="Word:nyil" GlossId="sj7IMJYs" />
        </Cluster>
        <Cluster>
          <Range Index="86" Length="4" />
          <Lexeme Id="Word:ijip" GlossId="O31ETieM" />
        </Cluster>
        <Cluster>
          <Range Index="92" Length="2" />
          <Lexeme Id="Word:ɓe" GlossId="JjCJ3uk8" />
        </Cluster>
        <Cluster>
          <Range Index="95" Length="5" />
          <Lexeme Id="Word:yaawe" GlossId="/k6CdaMN" />
        </Cluster>
        <Cluster>
          <Range Index="101" Length="4" />
          <Lexeme Id="Word:wuri" GlossId="X3W44pH8" />
        </Cluster>
        <Cluster>
          <Range Index="115" Length="5" />
          <Lexeme Id="Word:mosis" GlossId="vFP8Jyvf" />
        </Cluster>
        <Cluster>
          <Range Index="133" Length="2" />
          <Lexeme Id="Word:mu" GlossId="D5/R9ixx" />
        </Cluster>
        <Cluster>
          <Range Index="136" Length="5" />
          <Lexeme Id="Stem:se" GlossId="+XZGi8sA" />
          <Lexeme Id="Stem:yil" GlossId="8FT5XGlh" />
        </Cluster>
        <Cluster>
          <Range Index="136" Length="5" />
          <Lexeme Id="Word:seyil" GlossId="TZxxIcSF" />
        </Cluster>
        <Cluster>
          <Range Index="142" Length="6" />
          <Lexeme Id="Stem:n" GlossId="qLQFc8Lp" />
          <Lexeme Id="Stem:yaawe" GlossId="/k6CdaMN" />
        </Cluster>
        <Cluster>
          <Range Index="142" Length="6" />
          <Lexeme Id="Word:nyaawe" GlossId="8p021ub+" />
        </Cluster>
        <Cluster>
          <Range Index="149" Length="2" />
          <Lexeme Id="Word:ni" GlossId="DKXEBqTO" />
        </Cluster>
        <Cluster>
          <Range Index="165" Length="6" />
          <Lexeme Id="Prefix:n" GlossId="clxSBv2q" />
          <Lexeme Id="Stem:sinai" GlossId="IWR/RSCI" />
        </Cluster>
        <Cluster>
          <Range Index="165" Length="6" />
          <Lexeme Id="Word:nsinai" GlossId="wMeztVu5" />
        </Cluster>
        <Cluster>
          <Range Index="173" Length="4" />
          <Lexeme Id="Word:wuri" GlossId="X3W44pH8" />
        </Cluster>
        <Cluster>
          <Range Index="178" Length="3" />
          <Lexeme Id="Word:sat" GlossId="syHYRBSY" />
        </Cluster>
        <Cluster>
          <Range Index="182" Length="6" />
          <Lexeme Id="Prefix:m" GlossId="vDFnR02N" />
          <Lexeme Id="Stem:mosis" GlossId="6l9RXmoo" />
        </Cluster>
        <Cluster>
          <Range Index="182" Length="6" />
          <Lexeme Id="Word:mmosis" GlossId="4uYWHkoT" />
        </Cluster>
        <Cluster>
          <Range Index="24" Length="4" />
          <Lexeme Id="Stem:n" GlossId="y5rOwm4a" />
          <Lexeme Id="Stem:tar" GlossId="VTe8gYM+" />
        </Cluster>
        <Cluster>
          <Range Index="24" Length="4" />
          <Lexeme Id="Word:ntar" GlossId="NZ6BfXr7" />
        </Cluster>
        <Cluster>
          <Range Index="36" Length="2" />
          <Lexeme Id="Word:mu" GlossId="D5/R9ixx" />
        </Cluster>
        <Cluster>
          <Range Index="51" Length="6" />
          <Lexeme Id="Stem:aɓwoon" GlossId="6c6V5Dfb" />
        </Cluster>
        <Cluster>
          <Range Index="51" Length="6" />
          <Lexeme Id="Word:aɓwoon" GlossId="6c6V5Dfb" />
        </Cluster>
        <Cluster>
          <Range Index="58" Length="2" />
          <Lexeme Id="Word:ɗi" GlossId="DPU98lCE" />
        </Cluster>
        <Cluster>
          <Range Index="51" Length="9" />
          <Lexeme Id="Phrase:aɓwoon ɗi" GlossId="QUtk9Ukw" />
        </Cluster>
      </VerseData>
    </item>
    <item>
      <string>NUM 36:2</string>
      <VerseData>
        <Cluster>
          <Range Index="19" Length="5" />
          <Lexeme Id="Word:yaawe" GlossId="Jt1a0eYf" />
        </Cluster>
        <Cluster>
          <Range Index="50" Length="3" />
          <Lexeme Id="Word:yil" GlossId="A3UnPC5L" />
        </Cluster>
        <Cluster>
          <Range Index="25" Length="4" />
          <Lexeme Id="Word:wuri" GlossId="sY+SZC6q" />
        </Cluster>
        <Cluster>
          <Range Index="30" Length="3" />
          <Lexeme Id="Word:sat" GlossId="Y03cru1n" />
        </Cluster>
        <Cluster>
          <Range Index="34" Length="6" />
          <Lexeme Id="Word:nwagha" GlossId="a+pYRsJz" />
        </Cluster>
      </VerseData>
    </item>
    <item>
      <string>NUM 15:1</string>
      <VerseData>
        <Cluster>
          <Range Index="5" Length="5" />
          <Lexeme Id="Stem:yaawe" GlossId="/k6CdaMN" />
        </Cluster>
        <Cluster>
          <Range Index="5" Length="5" />
          <Lexeme Id="Word:yaawe" GlossId="/k6CdaMN" />
        </Cluster>
        <Cluster>
          <Range Index="11" Length="4" />
          <Lexeme Id="Word:wuri" GlossId="X3W44pH8" />
        </Cluster>
        <Cluster>
          <Range Index="16" Length="3" />
          <Lexeme Id="Word:sat" GlossId="syHYRBSY" />
        </Cluster>
        <Cluster>
          <Range Index="20" Length="6" />
          <Lexeme Id="Prefix:m" GlossId="vDFnR02N" />
          <Lexeme Id="Stem:mosis" GlossId="6l9RXmoo" />
        </Cluster>
        <Cluster>
          <Range Index="20" Length="6" />
          <Lexeme Id="Word:mmosis" GlossId="4uYWHkoT" />
        </Cluster>
      </VerseData>
    </item>
    <item>
      <string>NUM 15:2</string>
      <VerseData>
        <Cluster>
          <Range Index="18" Length="4" />
          <Lexeme Id="Word:nyem" GlossId="cokI24r5" />
        </Cluster>
        <Cluster>
          <Range Index="23" Length="6" />
          <Lexeme Id="Word:isreil" GlossId="7NQftLYc" />
        </Cluster>
        <Cluster>
          <Range Index="39" Length="1" />
          <Lexeme Id="Word:a" GlossId="LsHrYZ+T" />
        </Cluster>
        <Cluster>
          <Range Index="7" Length="1" />
          <Lexeme Id="Word:a" GlossId="LsHrYZ+T" />
        </Cluster>
        <Cluster>
          <Range Index="41" Length="3" />
          <Lexeme Id="Word:sat" GlossId="syHYRBSY" />
        </Cluster>
        <Cluster>
          <Range Index="45" Length="3" />
          <Lexeme Id="Stem:m" GlossId="7A7xjWUs" />
          <Lexeme Id="Stem:mo" GlossId="Od73SPlt" />
        </Cluster>
        <Cluster>
          <Range Index="45" Length="3" />
          <Lexeme Id="Word:mmo" GlossId="HYUzBRtf" />
        </Cluster>
        <Cluster>
          <Range Index="36" Length="2" />
          <Lexeme Id="Word:kɨ" GlossId="WzORqb7y" />
        </Cluster>
        <Cluster>
          <Range Index="72" Length="7" />
          <Lexeme Id="Word:ndɨghɨn" GlossId="UueeJ1qM" />
        </Cluster>
        <Cluster>
          <Range Index="80" Length="3" />
          <Lexeme Id="Stem:yil" GlossId="8VZBwscP" />
        </Cluster>
        <Cluster>
          <Range Index="80" Length="3" />
          <Lexeme Id="Word:yil" GlossId="x0TyMiE0" />
        </Cluster>
        <Cluster>
          <Range Index="84" Length="2" />
          <Lexeme Id="Word:ɗi" GlossId="DPU98lCE" />
        </Cluster>
        <Cluster>
          <Range Index="87" Length="3" />
          <Lexeme Id="Word:wan" GlossId="DWFVsqge" />
        </Cluster>
        <Cluster>
          <Range Index="87" Length="3" />
          <Lexeme Id="Stem:wan" GlossId="DWFVsqge" />
        </Cluster>
        <Cluster>
          <Range Index="91" Length="4" />
          <Lexeme Id="Stem:n" GlossId="FHs0/mas" />
          <Lexeme Id="Stem:cin" GlossId="9DhDGV91" />
        </Cluster>
        <Cluster>
          <Range Index="91" Length="4" />
          <Lexeme Id="Word:ncin" GlossId="V46N3bop" />
        </Cluster>
        <Cluster>
          <Range Index="96" Length="4" />
          <Lexeme Id="Stem:n" GlossId="qLQFc8Lp" />
          <Lexeme Id="Stem:wun" GlossId="1aj3ugpT" />
        </Cluster>
        <Cluster>
          <Range Index="96" Length="4" />
          <Lexeme Id="Word:nwun" GlossId="fjE+6PBt" />
        </Cluster>
        <Cluster>
          <Range Index="65" Length="2" />
          <Lexeme Id="Word:wu" GlossId="nyWbdlOP" />
        </Cluster>
        <Cluster>
          <Range Index="30" Length="2" />
          <Lexeme Id="Word:ni" GlossId="DKXEBqTO" />
        </Cluster>
        <Cluster>
          <Range Index="33" Length="2" />
          <Lexeme Id="Stem:mo" GlossId="2aJ5bkAV" />
        </Cluster>
        <Cluster>
          <Range Index="33" Length="2" />
          <Lexeme Id="Word:mo" GlossId="2aJ5bkAV" />
        </Cluster>
        <Cluster>
          <Range Index="55" Length="6" />
          <Lexeme Id="Stem:aɓwoon" GlossId="6c6V5Dfb" />
        </Cluster>
        <Cluster>
          <Range Index="55" Length="6" />
          <Lexeme Id="Word:aɓwoon" GlossId="6c6V5Dfb" />
        </Cluster>
        <Cluster>
          <Range Index="62" Length="2" />
          <Lexeme Id="Word:ɗi" GlossId="DPU98lCE" />
        </Cluster>
        <Cluster>
          <Range Index="55" Length="9" />
          <Lexeme Id="Phrase:aɓwoon ɗi" GlossId="QUtk9Ukw" />
        </Cluster>
      </VerseData>
    </item>
    <item>
      <string>NUM 14:0</string>
      <VerseData />
    </item>
    <item>
      <string>NUM 14:28</string>
      <VerseData />
    </item>
    <item>
      <string>NUM 25:0</string>
      <VerseData />
    </item>
    <item>
      <string>NUM 25:11</string>
      <VerseData>
        <Cluster>
          <Range Index="58" Length="5" />
          <Lexeme Id="Stem:nɨtik" GlossId="xzYg1lMR" />
        </Cluster>
        <Cluster>
          <Range Index="58" Length="5" />
          <Lexeme Id="Word:nɨtik" GlossId="FG8tXFFJ" />
        </Cluster>
        <Cluster>
          <Range Index="64" Length="3" />
          <Lexeme Id="Word:kɨ̀" GlossId="fns9mpQl" />
        </Cluster>
        <Cluster>
          <Range Index="68" Length="5" />
          <Lexeme Id="Word:eeron" GlossId="yi+hTFAK" />
        </Cluster>
        <Cluster>
          <Range Index="74" Length="4" />
          <Lexeme Id="Word:pris" GlossId="iVgQlP4/" />
        </Cluster>
        <Cluster>
          <Range Index="74" Length="4" />
          <Lexeme Id="Stem:pris" GlossId="7ekYctA/" />
        </Cluster>
        <Cluster>
          <Range Index="23" Length="7" />
          <Lexeme Id="Word:finehas" GlossId="rh/blKLT" />
        </Cluster>
        <Cluster>
          <Range Index="40" Length="7" />
          <Lexeme Id="Word:eliyaza" GlossId="wAsKcEMA" />
        </Cluster>
        <Cluster>
          <Range Index="117" Length="6" />
          <Lexeme Id="Phrase:kas ɓe" GlossId="OqaeMC9z" />
        </Cluster>
        <Cluster>
          <Range Index="117" Length="3" />
          <Lexeme Id="Word:kas" GlossId="Z1fS+Dn3" />
        </Cluster>
        <Cluster>
          <Range Index="121" Length="2" />
          <Lexeme Id="Word:ɓe" GlossId="JjCJ3uk8" />
        </Cluster>
      </VerseData>
    </item>
    <item>
      <string>NUM 35:8</string>
      <VerseData />
    </item>
    <item>
      <string>NUM 11:0</string>
      <VerseData />
    </item>
    <item>
      <string>NUM 11:33</string>
      <VerseData>
        <Cluster>
          <Range Index="25" Length="12" />
          <Lexeme Id="Phrase:kɨling shang" GlossId="O6HkOMWB" />
        </Cluster>
        <Cluster>
          <Range Index="25" Length="6" />
          <Lexeme Id="Word:kɨling" GlossId="6MN8GuIB" />
        </Cluster>
        <Cluster>
          <Range Index="32" Length="5" />
          <Lexeme Id="Word:shang" GlossId="fu5ySnwX" />
        </Cluster>
        <Cluster>
          <Range Index="32" Length="5" />
          <Lexeme Id="Stem:shang" GlossId="y+PuNl3n" />
        </Cluster>
        <Cluster>
          <Range Index="25" Length="6" />
          <Lexeme Id="Stem:kɨling" GlossId="6MN8GuIB" />
        </Cluster>
      </VerseData>
    </item>
    <item>
      <string>NUM 1:12</string>
      <VerseData />
    </item>
    <item>
      <string>NUM 1:10</string>
      <VerseData />
    </item>
    <item>
      <string>NUM 1:22</string>
      <VerseData />
    </item>
    <item>
      <string>NUM 1:37</string>
      <VerseData />
    </item>
    <item>
      <string>NUM 1:46</string>
      <VerseData />
    </item>
    <item>
      <string>NUM 3:1</string>
      <VerseData />
    </item>
    <item>
      <string>NUM 3:2</string>
      <VerseData />
    </item>
    <item>
      <string>NUM 4:1</string>
      <VerseData />
    </item>
    <item>
      <string>NUM 5:1</string>
      <VerseData />
    </item>
    <item>
      <string>NUM 5:2</string>
      <VerseData />
    </item>
    <item>
      <string>NUM 5:3</string>
      <VerseData />
    </item>
    <item>
      <string>NUM 5:23</string>
      <VerseData>
        <Cluster>
          <Range Index="55" Length="4" />
          <Lexeme Id="Word:haal" GlossId="aDEnObPk" />
        </Cluster>
      </VerseData>
    </item>
    <item>
      <string>NUM 20:0</string>
      <VerseData />
    </item>
    <item>
      <string>NUM 20:20</string>
      <VerseData />
    </item>
    <item>
      <string>NUM 22:15</string>
      <VerseData />
    </item>
    <item>
      <string>NUM 5:8</string>
      <VerseData />
    </item>
    <item>
      <string>NUM 6:11</string>
      <VerseData>
        <Cluster>
          <Range Index="107" Length="4" />
          <Lexeme Id="Word:ɗang" GlossId="2Hoto2Cc" />
        </Cluster>
      </VerseData>
    </item>
    <item>
      <string>NUM 22:6</string>
      <VerseData />
    </item>
    <item>
      <string>NUM 22:19</string>
      <VerseData />
    </item>
    <item>
      <string>NUM 23:3</string>
      <VerseData />
    </item>
    <item>
      <string>NUM 23:27</string>
      <VerseData>
        <Cluster>
          <Range Index="85" Length="6" />
          <Lexeme Id="Word:ɗangɓe" GlossId="NRIZhm7t" />
        </Cluster>
      </VerseData>
    </item>
    <item>
      <string>NUM 35:21</string>
      <VerseData />
    </item>
    <item>
      <string>NUM 35:22</string>
      <VerseData />
    </item>
    <item>
      <string>NUM 5:14</string>
      <VerseData />
    </item>
    <item>
      <string>NUM 5:13</string>
      <VerseData />
    </item>
    <item>
      <string>NUM 2:9</string>
      <VerseData />
    </item>
    <item>
      <string>NUM 10:5</string>
      <VerseData>
        <Cluster>
          <Range Index="38" Length="3" />
          <Lexeme Id="Word:nne" GlossId="HPvnJC7B" />
        </Cluster>
        <Cluster>
          <Range Index="81" Length="6" />
          <Lexeme Id="Word:koghop" GlossId="nkaW/Mu6" />
        </Cluster>
        <Cluster>
          <Range Index="81" Length="14" />
          <Lexeme Id="Phrase:koghop puuskaa" GlossId="evri2dxi" />
        </Cluster>
        <Cluster>
          <Range Index="100" Length="5" />
          <Lexeme Id="Word:nshee" GlossId="OLMrHxQP" />
        </Cluster>
        <Cluster>
          <Range Index="106" Length="6" />
          <Lexeme Id="Word:yaghal" GlossId="3uN3/QBo" />
        </Cluster>
      </VerseData>
    </item>
    <item>
      <string>NUM 21:30</string>
      <VerseData />
    </item>
    <item>
      <string>NUM 33:49</string>
      <VerseData />
    </item>
    <item>
      <string>NUM 21:24</string>
      <VerseData>
        <Cluster>
          <Range Index="86" Length="5" />
          <Lexeme Id="Word:ndung" GlossId="Ad+Fe/9K" />
        </Cluster>
      </VerseData>
    </item>
    <item>
      <string>NUM 34:10</string>
      <VerseData />
    </item>
    <item>
      <string>NUM 1:3</string>
      <VerseData />
    </item>
    <item>
      <string>NUM 3:13</string>
      <VerseData />
    </item>
    <item>
      <string>NUM 3:15</string>
      <VerseData>
        <Cluster>
          <Range Index="15" Length="3" />
          <Lexeme Id="Stem:ɗuu" GlossId="5wexJOET" />
        </Cluster>
        <Cluster>
          <Range Index="15" Length="3" />
          <Lexeme Id="Word:ɗuu" GlossId="V53kVLEp" />
        </Cluster>
        <Cluster>
          <Range Index="23" Length="4" />
          <Lexeme Id="Word:mish" GlossId="CY0XsZh3" />
        </Cluster>
        <Cluster>
          <Range Index="23" Length="4" />
          <Lexeme Id="Stem:mish" />
        </Cluster>
        <Cluster>
          <Range Index="38" Length="7" />
          <Lexeme Id="Prefix:ɗii" GlossId="uzq8ia2o" />
          <Lexeme Id="Stem:mish" GlossId="CafcuyZV" />
        </Cluster>
        <Cluster>
          <Range Index="74" Length="5" />
          <Lexeme Id="Word:livai" GlossId="oqcx0Wiv" />
        </Cluster>
        <Cluster>
          <Range Index="74" Length="5" />
          <Lexeme Id="Stem:livai" GlossId="nbGf/XCg" />
        </Cluster>
        <Cluster>
          <Range Index="10" Length="4" />
          <Lexeme Id="Word:tang" GlossId="of40j/hA" />
        </Cluster>
        <Cluster>
          <Range Index="10" Length="4" />
          <Lexeme Id="Stem:tang" GlossId="3KxGnbQ/" />
        </Cluster>
        <Cluster>
          <Range Index="86" Length="4" />
          <Lexeme Id="Word:tang" GlossId="of40j/hA" />
        </Cluster>
        <Cluster>
          <Range Index="86" Length="4" />
          <Lexeme Id="Stem:tang" GlossId="3KxGnbQ/" />
        </Cluster>
        <Cluster>
          <Range Index="91" Length="2" />
          <Lexeme Id="Word:mo" GlossId="Gbpyilzw" />
        </Cluster>
        <Cluster>
          <Range Index="108" Length="2" />
          <Lexeme Id="Word:kɨ" GlossId="WzORqb7y" />
        </Cluster>
        <Cluster>
          <Range Index="111" Length="1" />
          <Lexeme Id="Word:a" GlossId="LsHrYZ+T" />
        </Cluster>
        <Cluster>
          <Range Index="111" Length="1" />
          <Lexeme Id="Stem:a" GlossId="KVZfXU8F" />
        </Cluster>
        <Cluster>
          <Range Index="113" Length="3" />
          <Lexeme Id="Stem:ran" />
        </Cluster>
        <Cluster>
          <Range Index="120" Length="9" />
          <Lexeme Id="Prefix:shi" GlossId="JT0aTaqm" />
          <Lexeme Id="Stem:kɨtulu" GlossId="5pN9Rdbu" />
        </Cluster>
        <Cluster>
          <Range Index="130" Length="9" />
          <Lexeme Id="Prefix:shi" GlossId="JT0aTaqm" />
          <Lexeme Id="Stem:kɨtulu" GlossId="5pN9Rdbu" />
        </Cluster>
        <Cluster>
          <Range Index="120" Length="9" />
          <Lexeme Id="Word:shikɨtulu" GlossId="muqBOuEJ" />
        </Cluster>
        <Cluster>
          <Range Index="130" Length="9" />
          <Lexeme Id="Word:shikɨtulu" GlossId="muqBOuEJ" />
        </Cluster>
        <Cluster>
          <Range Index="148" Length="4" />
          <Lexeme Id="Stem:n" GlossId="2bke8jxi" />
          <Lexeme Id="Stem:làa" GlossId="a9oU59em" />
        </Cluster>
        <Cluster>
          <Range Index="148" Length="4" />
          <Lexeme Id="Word:nlàa" GlossId="2WmV6Dog" />
        </Cluster>
        <Cluster>
          <Range Index="181" Length="6" />
          <Lexeme Id="Stem:tɨleng" GlossId="FOaiivdk" />
        </Cluster>
        <Cluster>
          <Range Index="181" Length="6" />
          <Lexeme Id="Word:tɨleng" GlossId="Ng1jhh6U" />
        </Cluster>
        <Cluster>
          <Range Index="94" Length="6" />
          <Lexeme Id="Stem:shi" GlossId="zHorKqbz" />
          <Lexeme Id="Stem:der" GlossId="307lDgmS" />
        </Cluster>
        <Cluster>
          <Range Index="94" Length="6" />
          <Lexeme Id="Word:shider" GlossId="zoUl+2fU" />
        </Cluster>
        <Cluster>
          <Range Index="101" Length="6" />
          <Lexeme Id="Stem:shi" GlossId="zHorKqbz" />
          <Lexeme Id="Stem:der" GlossId="307lDgmS" />
        </Cluster>
        <Cluster>
          <Range Index="101" Length="6" />
          <Lexeme Id="Word:shider" GlossId="zoUl+2fU" />
        </Cluster>
      </VerseData>
    </item>
    <item>
      <string>NUM 4:5</string>
      <VerseData />
    </item>
    <item>
      <string>NUM 4:39</string>
      <VerseData />
    </item>
    <item>
      <string>NUM 8:4</string>
      <VerseData>
        <Cluster>
          <Range Index="63" Length="5" />
          <Lexeme Id="Prefix:n" GlossId="oYKLxMWO" />
          <Lexeme Id="Stem:ɗeng" GlossId="t9JsYImV" />
        </Cluster>
        <Cluster>
          <Range Index="63" Length="5" />
          <Lexeme Id="Word:nɗeng" GlossId="lRSZFeCr" />
        </Cluster>
      </VerseData>
    </item>
    <item>
      <string>NUM 9:20</string>
      <VerseData />
    </item>
    <item>
      <string>NUM 11:13</string>
      <VerseData />
    </item>
    <item>
      <string>NUM 11:31</string>
      <VerseData />
    </item>
    <item>
      <string>NUM 11:32</string>
      <VerseData />
    </item>
    <item>
      <string>NUM 16:33</string>
      <VerseData />
    </item>
    <item>
      <string>NUM 16:1</string>
      <VerseData />
    </item>
    <item>
      <string>NUM 21:2</string>
      <VerseData>
        <Cluster>
          <Range Index="327" Length="4" />
          <Lexeme Id="Stem:akan" GlossId="j+Hd4mE6" />
        </Cluster>
        <Cluster>
          <Range Index="327" Length="4" />
          <Lexeme Id="Word:akan" GlossId="bytw8L+m" />
        </Cluster>
      </VerseData>
    </item>
    <item>
      <string>NUM 15:20</string>
      <VerseData />
    </item>
    <item>
      <string>NUM 18:27</string>
      <VerseData>
        <Cluster>
          <Range Index="60" Length="4" />
          <Lexeme Id="Word:ghɨr" GlossId="kUr8CCDp" />
        </Cluster>
      </VerseData>
    </item>
    <item>
      <string>NUM 4:9</string>
      <VerseData />
    </item>
    <item>
      <string>NUM 23:23</string>
      <VerseData>
        <Cluster>
          <Range Index="13" Length="10" />
          <Lexeme Id="Phrase:ɗak soghot" GlossId="uAg2eV5u" />
        </Cluster>
      </VerseData>
    </item>
    <item>
      <string>NUM 13:17</string>
      <VerseData>
        <Cluster>
          <Range Index="32" Length="6" />
          <Lexeme Id="Word:coghol" GlossId="xfoL9rkF" />
        </Cluster>
        <Cluster>
          <Range Index="32" Length="6" />
          <Lexeme Id="Stem:coghol" GlossId="eO32iAc9" />
        </Cluster>
      </VerseData>
    </item>
  </Verses>
</InterlinearData>