﻿<?xml version="1.0" encoding="utf-8"?>
<InterlinearData ScrTextName="zz_SUR" GlossLanguage="English" BookId="REV">
  <Verses>
    <item>
      <string>REV 8:5</string>
      <VerseData>
        <Cluster>
          <Range Index="32" Length="3" />
          <Lexeme Id="Word:ɗaa" GlossId="p/gDeRY/" />
        </Cluster>
        <Cluster>
          <Range Index="67" Length="3" />
          <Lexeme Id="Word:ɗaa" GlossId="p/gDeRY/" />
        </Cluster>
        <Cluster>
          <Range Index="124" Length="4" />
          <Lexeme Id="Word:vwet" GlossId="72DYWY0L" />
        </Cluster>
        <Cluster>
          <Range Index="124" Length="4" />
          <Lexeme Id="Stem:vwet" GlossId="45vIRvsv" />
        </Cluster>
        <Cluster>
          <Range Index="269" Length="3" />
          <Lexeme Id="Stem:taa" GlossId="vlRIqcrU" />
        </Cluster>
        <Cluster>
          <Range Index="269" Length="3" />
          <Lexeme Id="Word:taa" GlossId="K0nLaurE" />
        </Cluster>
        <Cluster>
          <Range Index="273" Length="4" />
          <Lexeme Id="Stem:feer" GlossId="AEuHA90E" />
        </Cluster>
        <Cluster>
          <Range Index="273" Length="4" />
          <Lexeme Id="Word:feer" GlossId="Y06xir3k" />
        </Cluster>
      </VerseData>
    </item>
    <item>
      <string>REV 1:1</string>
      <VerseData>
        <Cluster>
          <Range Index="13" Length="7" />
          <Lexeme Id="Stem:takarda" GlossId="aoIo9ofC" />
        </Cluster>
        <Cluster>
          <Range Index="13" Length="7" />
          <Lexeme Id="Word:takarda" GlossId="jQKYTo5/" />
        </Cluster>
      </VerseData>
    </item>
  </Verses>
</InterlinearData>