﻿<?xml version="1.0" encoding="utf-8"?>
<InterlinearData ScrTextName="zz_SUR" GlossLanguage="English" BookId="JDG">
  <Verses>
    <item>
      <string>JDG 8:0</string>
      <VerseData />
    </item>
    <item>
      <string>JDG 8:28</string>
      <VerseData>
        <Cluster>
          <Range Index="152" Length="12" />
          <Lexeme Id="Phrase:kɨling shang" GlossId="O6HkOMWB" />
        </Cluster>
        <Cluster>
          <Range Index="152" Length="6" />
          <Lexeme Id="Word:kɨling" GlossId="6MN8GuIB" />
        </Cluster>
        <Cluster>
          <Range Index="159" Length="5" />
          <Lexeme Id="Word:shang" GlossId="fu5ySnwX" />
        </Cluster>
        <Cluster>
          <Range Index="165" Length="2" />
          <Lexeme Id="Word:mu" GlossId="D5/R9ixx" />
        </Cluster>
        <Cluster>
          <Range Index="178" Length="4" />
          <Lexeme Id="Word:mpee" GlossId="8sAKQ1Te" />
        </Cluster>
        <Cluster>
          <Range Index="183" Length="3" />
          <Lexeme Id="Word:ɓit" GlossId="rMSBKpDn" />
        </Cluster>
        <Cluster>
          <Range Index="187" Length="2" />
          <Lexeme Id="Word:mo" GlossId="2aJ5bkAV" />
        </Cluster>
        <Cluster>
          <Range Index="190" Length="8" />
          <Lexeme Id="Word:laarfeer" GlossId="Ibeif99N" />
        </Cluster>
        <Cluster>
          <Range Index="152" Length="6" />
          <Lexeme Id="Stem:kɨling" GlossId="6MN8GuIB" />
        </Cluster>
        <Cluster>
          <Range Index="159" Length="5" />
          <Lexeme Id="Stem:shang" GlossId="y+PuNl3n" />
        </Cluster>
        <Cluster>
          <Range Index="165" Length="2" />
          <Lexeme Id="Stem:mu" GlossId="Mqf97yhY" />
        </Cluster>
        <Cluster>
          <Range Index="178" Length="4" />
          <Lexeme Id="Stem:m" GlossId="r4ZjiYRb" />
          <Lexeme Id="Stem:pee" GlossId="xMzApNtG" />
        </Cluster>
        <Cluster>
          <Range Index="187" Length="2" />
          <Lexeme Id="Stem:mo" GlossId="2aJ5bkAV" />
        </Cluster>
        <Cluster>
          <Range Index="190" Length="8" />
          <Lexeme Id="Stem:laarfeer" GlossId="KCvLJsyo" />
        </Cluster>
        <Cluster>
          <Range Index="89" Length="3" />
          <Lexeme Id="Word:kaa" GlossId="nN2ZvOdb" />
        </Cluster>
      </VerseData>
    </item>
    <item>
      <string>JDG 6:39</string>
      <VerseData>
        <Cluster>
          <Range Index="163" Length="5" />
          <Lexeme Id="Stem:yaksɨ" />
        </Cluster>
      </VerseData>
    </item>
    <item>
      <string>JDG 7:21</string>
      <VerseData />
    </item>
    <item>
      <string>JDG 7:0</string>
      <VerseData />
    </item>
    <item>
      <string>JDG 11:13</string>
      <VerseData>
        <Cluster>
          <Range Index="44" Length="7" />
          <Lexeme Id="Word:nyemlop" GlossId="M/PUbPn3" />
        </Cluster>
      </VerseData>
    </item>
    <item>
      <string>JDG 11:22</string>
      <VerseData />
    </item>
    <item>
      <string>JDG 16:20</string>
      <VerseData>
        <Cluster>
          <Range Index="35" Length="6" />
          <Lexeme Id="Word:samson" GlossId="u3CWctCX" />
        </Cluster>
        <Cluster>
          <Range Index="35" Length="6" />
          <Lexeme Id="Stem:samson" GlossId="xg/nfaB6" />
        </Cluster>
        <Cluster>
          <Range Index="81" Length="3" />
          <Lexeme Id="Word:ɗee" GlossId="vw5cw4CV" />
        </Cluster>
      </VerseData>
    </item>
    <item>
      <string>JDG 20:1</string>
      <VerseData />
    </item>
    <item>
      <string>JDG 1:1</string>
      <VerseData>
        <Cluster>
          <Range Index="47" Length="3" />
          <Lexeme Id="Word:tal" GlossId="ffLI86H/" />
        </Cluster>
      </VerseData>
    </item>
    <item>
      <string>JDG 1:0</string>
      <VerseData>
        <Cluster>
          <Range Index="28" Length="5" />
          <Lexeme Id="Word:ɗyéel" GlossId="jJJ8R4lO" />
        </Cluster>
        <Cluster>
          <Range Index="286" Length="7" />
          <Lexeme Id="Word:joshuwa" GlossId="asNQZhMQ" />
        </Cluster>
        <Cluster>
          <Range Index="144" Length="6" />
          <Lexeme Id="Word:yaghal" GlossId="r0vXh6BB" />
        </Cluster>
        <Cluster>
          <Range Index="140" Length="3" />
          <Lexeme Id="Word:sat" GlossId="Y03cru1n" />
        </Cluster>
        <Cluster>
          <Range Index="140" Length="10" />
          <Lexeme Id="Phrase:sat yaghal" GlossId="lbOX8BSu" />
        </Cluster>
        <Cluster>
          <Range Index="195" Length="1" />
          <Lexeme Id="Word:a" GlossId="qVSytOp/" />
        </Cluster>
        <Cluster>
          <Range Index="10" Length="9" />
          <Lexeme Id="Word:mwaghavul" GlossId="ERzpOAOG" />
        </Cluster>
        <Cluster>
          <Range Index="23" Length="4" />
          <Lexeme Id="Word:nyem" GlossId="oGQZ5bE6" />
        </Cluster>
        <Cluster>
          <Range Index="34" Length="2" />
          <Lexeme Id="Word:mo" GlossId="Gbpyilzw" />
        </Cluster>
      </VerseData>
    </item>
    <item>
      <string>JDG 1:2</string>
      <VerseData />
    </item>
    <item>
      <string>JDG 1:3</string>
      <VerseData />
    </item>
    <item>
      <string>JDG 1:4</string>
      <VerseData>
        <Cluster>
          <Range Index="88" Length="5" />
          <Lexeme Id="Word:perez" GlossId="fE6R/QHK" />
        </Cluster>
        <Cluster>
          <Range Index="166" Length="5" />
          <Lexeme Id="Word:bezek" GlossId="ony5AsLn" />
        </Cluster>
      </VerseData>
    </item>
    <item>
      <string>JDG 1:5</string>
      <VerseData>
        <Cluster>
          <Range Index="21" Length="5" />
          <Lexeme Id="Word:adoni" GlossId="Rr+mPheh" />
        </Cluster>
      </VerseData>
    </item>
    <item>
      <string>JDG 1:27</string>
      <VerseData>
        <Cluster>
          <Range Index="205" Length="6" />
          <Lexeme Id="Word:leɗyen" GlossId="jWwISgQd" />
        </Cluster>
      </VerseData>
    </item>
    <item>
      <string>JDG 1:28</string>
      <VerseData />
    </item>
    <item>
      <string>JDG 1:29</string>
      <VerseData />
    </item>
    <item>
      <string>JDG 1:30</string>
      <VerseData>
        <Cluster>
          <Range Index="182" Length="4" />
          <Lexeme Id="Word:ting" GlossId="Mm9qp1sb" />
        </Cluster>
      </VerseData>
    </item>
    <item>
      <string>JDG 1:31</string>
      <VerseData />
    </item>
    <item>
      <string>JDG 1:32</string>
      <VerseData />
    </item>
    <item>
      <string>JDG 1:33</string>
      <VerseData />
    </item>
    <item>
      <string>JDG 1:34</string>
      <VerseData />
    </item>
    <item>
      <string>JDG 1:35</string>
      <VerseData>
        <Cluster>
          <Range Index="22" Length="4" />
          <Lexeme Id="Word:gung" GlossId="UsslA7OK" />
        </Cluster>
      </VerseData>
    </item>
    <item>
      <string>JDG 1:36</string>
      <VerseData />
    </item>
    <item>
      <string>JDG 2:1</string>
      <VerseData>
        <Cluster>
          <Range Index="171" Length="8" />
          <Lexeme Id="Word:ɓɨlemcuk" GlossId="0UD1ooOl" />
        </Cluster>
        <Cluster>
          <Range Index="167" Length="3" />
          <Lexeme Id="Word:shi" GlossId="cQ/0QcmW" />
        </Cluster>
      </VerseData>
    </item>
    <item>
      <string>JDG 2:2</string>
      <VerseData>
        <Cluster>
          <Range Index="114" Length="3" />
          <Lexeme Id="Word:kum" GlossId="WeRiRXLE" />
        </Cluster>
      </VerseData>
    </item>
    <item>
      <string>JDG 2:3</string>
      <VerseData>
        <Cluster>
          <Range Index="84" Length="4" />
          <Lexeme Id="Word:ghɨr" GlossId="uKAz2Z/K" />
        </Cluster>
      </VerseData>
    </item>
    <item>
      <string>JDG 2:7</string>
      <VerseData>
        <Cluster>
          <Range Index="22" Length="4" />
          <Lexeme Id="Word:ɗyen" GlossId="dc811UkR" />
        </Cluster>
      </VerseData>
    </item>
    <item>
      <string>JDG 2:8</string>
      <VerseData />
    </item>
    <item>
      <string>JDG 2:9</string>
      <VerseData />
    </item>
    <item>
      <string>JDG 2:10</string>
      <VerseData />
    </item>
    <item>
      <string>JDG 2:11</string>
      <VerseData />
    </item>
    <item>
      <string>JDG 2:12</string>
      <VerseData />
    </item>
    <item>
      <string>JDG 2:13</string>
      <VerseData />
    </item>
    <item>
      <string>JDG 2:14</string>
      <VerseData />
    </item>
    <item>
      <string>JDG 2:15</string>
      <VerseData />
    </item>
    <item>
      <string>JDG 2:16</string>
      <VerseData />
    </item>
    <item>
      <string>JDG 2:17</string>
      <VerseData>
        <Cluster>
          <Range Index="88" Length="4" />
          <Lexeme Id="Word:ngaa" GlossId="ToeGI8EM" />
        </Cluster>
      </VerseData>
    </item>
    <item>
      <string>JDG 3:0</string>
      <VerseData />
    </item>
    <item>
      <string>JDG 3:1</string>
      <VerseData>
        <Cluster>
          <Range Index="135" Length="7" />
          <Lexeme Id="Word:nkeenan" GlossId="oqHvs9P+" />
        </Cluster>
        <Cluster>
          <Range Index="135" Length="7" />
          <Lexeme Id="Prefix:n" GlossId="k7xG9kFI" />
          <Lexeme Id="Stem:keenan" />
        </Cluster>
        <Cluster>
          <Range Index="130" Length="4" />
          <Lexeme Id="Word:nyil" GlossId="Pb033KGp" />
        </Cluster>
      </VerseData>
    </item>
    <item>
      <string>JDG 3:3</string>
      <VerseData />
    </item>
    <item>
      <string>JDG 3:2</string>
      <VerseData />
    </item>
    <item>
      <string>JDG 3:4</string>
      <VerseData />
    </item>
    <item>
      <string>JDG 3:5</string>
      <VerseData />
    </item>
    <item>
      <string>JDG 3:6</string>
      <VerseData>
        <Cluster>
          <Range Index="23" Length="3" />
          <Lexeme Id="Word:lap" GlossId="IgTUvBvj" />
        </Cluster>
        <Cluster>
          <Range Index="54" Length="4" />
          <Lexeme Id="Word:mmat" GlossId="LOrcqKfO" />
        </Cluster>
      </VerseData>
    </item>
    <item>
      <string>JDG 3:7</string>
      <VerseData />
    </item>
    <item>
      <string>JDG 3:8</string>
      <VerseData>
        <Cluster>
          <Range Index="140" Length="5" />
          <Lexeme Id="Word:kɨrom" GlossId="9Bf5mdjN" />
        </Cluster>
        <Cluster>
          <Range Index="22" Length="10" />
          <Lexeme Id="Word:langtughup" GlossId="uRcVpoBy" />
        </Cluster>
        <Cluster>
          <Range Index="17" Length="4" />
          <Lexeme Id="Word:wuri" GlossId="sY+SZC6q" />
        </Cluster>
      </VerseData>
    </item>
    <item>
      <string>JDG 3:9</string>
      <VerseData />
    </item>
    <item>
      <string>JDG 3:12</string>
      <VerseData />
    </item>
    <item>
      <string>JDG 3:14</string>
      <VerseData />
    </item>
    <item>
      <string>JDG 3:15</string>
      <VerseData>
        <Cluster>
          <Range Index="34" Length="3" />
          <Lexeme Id="Word:wal" GlossId="ChTAdrgV" />
        </Cluster>
        <Cluster>
          <Range Index="122" Length="3" />
          <Lexeme Id="Word:mee" GlossId="TogWmHHs" />
        </Cluster>
      </VerseData>
    </item>
    <item>
      <string>JDG 3:16</string>
      <VerseData>
        <Cluster>
          <Range Index="68" Length="5" />
          <Lexeme Id="Word:shwal" GlossId="fDOf+doj" />
        </Cluster>
        <Cluster>
          <Range Index="166" Length="3" />
          <Lexeme Id="Word:lop" GlossId="airEHJee" />
        </Cluster>
      </VerseData>
    </item>
    <item>
      <string>JDG 3:17</string>
      <VerseData />
    </item>
    <item>
      <string>JDG 3:18</string>
      <VerseData />
    </item>
    <item>
      <string>JDG 3:19</string>
      <VerseData>
        <Cluster>
          <Range Index="195" Length="7" />
          <Lexeme Id="Word:nyemɗak" GlossId="oltUQKqC" />
        </Cluster>
      </VerseData>
    </item>
    <item>
      <string>JDG 3:20</string>
      <VerseData />
    </item>
    <item>
      <string>JDG 3:21</string>
      <VerseData>
        <Cluster>
          <Range Index="81" Length="5" />
          <Lexeme Id="Word:ɓyang" GlossId="pXgha2f9" />
        </Cluster>
      </VerseData>
    </item>
    <item>
      <string>JDG 3:22</string>
      <VerseData>
        <Cluster>
          <Range Index="102" Length="5" />
          <Lexeme Id="Word:shang" GlossId="g5XnOs71" />
        </Cluster>
      </VerseData>
    </item>
    <item>
      <string>JDG 3:23</string>
      <VerseData />
    </item>
    <item>
      <string>JDG 3:24</string>
      <VerseData>
        <Cluster>
          <Range Index="168" Length="5" />
          <Lexeme Id="Word:mɨzep" GlossId="tvT74H0p" />
        </Cluster>
      </VerseData>
    </item>
    <item>
      <string>JDG 3:25</string>
      <VerseData>
        <Cluster>
          <Range Index="79" Length="6" />
          <Lexeme Id="Word:shwoop" GlossId="r9i8wR9B" />
        </Cluster>
      </VerseData>
    </item>
    <item>
      <string>JDG 3:26</string>
      <VerseData />
    </item>
    <item>
      <string>JDG 3:27</string>
      <VerseData>
        <Cluster>
          <Range Index="45" Length="3" />
          <Lexeme Id="Word:fii" GlossId="ur928eRC" />
        </Cluster>
        <Cluster>
          <Range Index="49" Length="4" />
          <Lexeme Id="Word:feer" GlossId="Y06xir3k" />
        </Cluster>
      </VerseData>
    </item>
    <item>
      <string>JDG 4:1</string>
      <VerseData />
    </item>
    <item>
      <string>JDG 4:2</string>
      <VerseData>
        <Cluster>
          <Range Index="47" Length="3" />
          <Lexeme Id="Word:mee" GlossId="TogWmHHs" />
        </Cluster>
      </VerseData>
    </item>
    <item>
      <string>JDG 4:3</string>
      <VerseData>
        <Cluster>
          <Range Index="67" Length="6" />
          <Lexeme Id="Word:lejeel" GlossId="1hnEukFW" />
        </Cluster>
      </VerseData>
    </item>
    <item>
      <string>JDG 4:4</string>
      <VerseData />
    </item>
    <item>
      <string>JDG 4:5</string>
      <VerseData>
        <Cluster>
          <Range Index="53" Length="3" />
          <Lexeme Id="Word:mee" GlossId="cr4EvfVR" />
        </Cluster>
      </VerseData>
    </item>
    <item>
      <string>JDG 4:6</string>
      <VerseData>
        <Cluster>
          <Range Index="276" Length="3" />
          <Lexeme Id="Word:kaa" GlossId="5qPHvgsp" />
        </Cluster>
      </VerseData>
    </item>
    <item>
      <string>JDG 4:0</string>
      <VerseData />
    </item>
    <item>
      <string>JDG 4:9</string>
      <VerseData>
        <Cluster>
          <Range Index="8" Length="6" />
          <Lexeme Id="Word:debora" GlossId="H02+DKFB" />
        </Cluster>
        <Cluster>
          <Range Index="192" Length="1" />
          <Lexeme Id="Word:a" GlossId="LsHrYZ+T" />
        </Cluster>
        <Cluster>
          <Range Index="58" Length="4" />
          <Lexeme Id="Word:kyap" GlossId="tM7qdPLW" />
        </Cluster>
      </VerseData>
    </item>
    <item>
      <string>JDG 4:10</string>
      <VerseData />
    </item>
    <item>
      <string>JDG 4:11</string>
      <VerseData />
    </item>
    <item>
      <string>JDG 4:12</string>
      <VerseData />
    </item>
    <item>
      <string>JDG 4:13</string>
      <VerseData />
    </item>
    <item>
      <string>JDG 4:14</string>
      <VerseData />
    </item>
    <item>
      <string>JDG 4:15</string>
      <VerseData />
    </item>
    <item>
      <string>JDG 4:16</string>
      <VerseData />
    </item>
    <item>
      <string>JDG 4:19</string>
      <VerseData>
        <Cluster>
          <Range Index="129" Length="7" />
          <Lexeme Id="Word:randong" GlossId="lBIoheDb" />
        </Cluster>
        <Cluster>
          <Range Index="137" Length="5" />
          <Lexeme Id="Word:ɗiɓut" GlossId="SxUWS7Wa" />
        </Cluster>
      </VerseData>
    </item>
    <item>
      <string>JDG 4:17</string>
      <VerseData />
    </item>
    <item>
      <string>JDG 5:6</string>
      <VerseData />
    </item>
    <item>
      <string>JDG 5:9</string>
      <VerseData />
    </item>
    <item>
      <string>JDG 4:18</string>
      <VerseData />
    </item>
    <item>
      <string>JDG 4:20</string>
      <VerseData />
    </item>
    <item>
      <string>JDG 4:21</string>
      <VerseData>
        <Cluster>
          <Range Index="185" Length="3" />
          <Lexeme Id="Word:pus" GlossId="Jm1xdO9w" />
        </Cluster>
      </VerseData>
    </item>
    <item>
      <string>JDG 5:1</string>
      <VerseData />
    </item>
    <item>
      <string>JDG 5:2</string>
      <VerseData />
    </item>
    <item>
      <string>JDG 5:3</string>
      <VerseData>
        <Cluster>
          <Range Index="71" Length="3" />
          <Lexeme Id="Word:wan" GlossId="uxuyozQa" />
        </Cluster>
        <Cluster>
          <Range Index="93" Length="3" />
          <Lexeme Id="Word:wan" GlossId="uxuyozQa" />
        </Cluster>
      </VerseData>
    </item>
    <item>
      <string>JDG 5:13</string>
      <VerseData>
        <Cluster>
          <Range Index="19" Length="3" />
          <Lexeme Id="Word:dás" GlossId="GdZYlsUw" />
        </Cluster>
        <Cluster>
          <Range Index="12" Length="6" />
          <Lexeme Id="Word:kaghar" GlossId="WGuypIt4" />
        </Cluster>
      </VerseData>
    </item>
    <item>
      <string>JDG 5:14</string>
      <VerseData />
    </item>
    <item>
      <string>JDG 5:15</string>
      <VerseData>
        <Cluster>
          <Range Index="162" Length="9" />
          <Lexeme Id="Word:nryeenaan" GlossId="3W61LpIc" />
        </Cluster>
      </VerseData>
    </item>
    <item>
      <string>JDG 5:16</string>
      <VerseData>
        <Cluster>
          <Range Index="23" Length="4" />
          <Lexeme Id="Word:tong" GlossId="hLBo/9Y8" />
        </Cluster>
        <Cluster>
          <Range Index="30" Length="3" />
          <Lexeme Id="Word:zuk" GlossId="7ubZHvHY" />
        </Cluster>
        <Cluster>
          <Range Index="28" Length="1" />
          <Lexeme Id="Word:a" GlossId="obNx21cE" />
        </Cluster>
      </VerseData>
    </item>
    <item>
      <string>JDG 5:17</string>
      <VerseData>
        <Cluster>
          <Range Index="145" Length="3" />
          <Lexeme Id="Word:ɗee" GlossId="dOs8nZIe" />
        </Cluster>
        <Cluster>
          <Range Index="27" Length="3" />
          <Lexeme Id="Word:ɗee" GlossId="dOs8nZIe" />
        </Cluster>
        <Cluster>
          <Range Index="31" Length="2" />
          <Lexeme Id="Word:si" GlossId="kIUr2b5D" />
        </Cluster>
      </VerseData>
    </item>
    <item>
      <string>JDG 6:1</string>
      <VerseData>
        <Cluster>
          <Range Index="43" Length="1" />
          <Lexeme Id="Word:a" GlossId="S0SOwU+a" />
        </Cluster>
        <Cluster>
          <Range Index="45" Length="3" />
          <Lexeme Id="Word:yit" GlossId="9NHtGzR8" />
        </Cluster>
      </VerseData>
    </item>
    <item>
      <string>JDG 6:2</string>
      <VerseData>
        <Cluster>
          <Range Index="124" Length="7" />
          <Lexeme Id="Prefix:n" GlossId="k7xG9kFI" />
          <Lexeme Id="Stem:goghot" />
        </Cluster>
      </VerseData>
    </item>
    <item>
      <string>JDG 6:4</string>
      <VerseData>
        <Cluster>
          <Range Index="68" Length="5" />
          <Lexeme Id="Word:ɗiɓen" GlossId="d+726ioM" />
        </Cluster>
        <Cluster>
          <Range Index="93" Length="5" />
          <Lexeme Id="Word:ɗiɓen" GlossId="d+726ioM" />
        </Cluster>
      </VerseData>
    </item>
    <item>
      <string>JDG 6:3</string>
      <VerseData>
        <Cluster>
          <Range Index="39" Length="3" />
          <Lexeme Id="Word:kop" GlossId="7n6pmzS4" />
        </Cluster>
      </VerseData>
    </item>
    <item>
      <string>JDG 6:5</string>
      <VerseData>
        <Cluster>
          <Range Index="60" Length="3" />
          <Lexeme Id="Word:bit" GlossId="bMTNwqw/" />
        </Cluster>
      </VerseData>
    </item>
    <item>
      <string>JDG 6:6</string>
      <VerseData>
        <Cluster>
          <Range Index="24" Length="2" />
          <Lexeme Id="Word:le" GlossId="hShSHg7y" />
        </Cluster>
      </VerseData>
    </item>
    <item>
      <string>JDG 6:7</string>
      <VerseData>
        <Cluster>
          <Range Index="29" Length="3" />
          <Lexeme Id="Word:wal" GlossId="ChTAdrgV" />
        </Cluster>
      </VerseData>
    </item>
    <item>
      <string>JDG 6:8</string>
      <VerseData>
        <Cluster>
          <Range Index="72" Length="1" />
          <Lexeme Id="Word:a" GlossId="S0SOwU+a" />
        </Cluster>
        <Cluster>
          <Range Index="83" Length="2" />
          <Lexeme Id="Word:kɨ" GlossId="XnpMLw0H" />
        </Cluster>
        <Cluster>
          <Range Index="99" Length="4" />
          <Lexeme Id="Word:nɗak" GlossId="vEYXGHC2" />
        </Cluster>
      </VerseData>
    </item>
    <item>
      <string>JDG 6:9</string>
      <VerseData>
        <Cluster>
          <Range Index="21" Length="4" />
          <Lexeme Id="Word:nsar" GlossId="FYSiIL60" />
        </Cluster>
      </VerseData>
    </item>
    <item>
      <string>JDG 6:0</string>
      <VerseData />
    </item>
    <item>
      <string>JDG 6:11</string>
      <VerseData>
        <Cluster>
          <Range Index="6" Length="6" />
          <Lexeme Id="Word:parmee" GlossId="DUpDGoA2" />
        </Cluster>
        <Cluster>
          <Range Index="24" Length="3" />
          <Lexeme Id="Word:mee" GlossId="cr4EvfVR" />
        </Cluster>
        <Cluster>
          <Range Index="6" Length="6" />
          <Lexeme Id="Prefix:par" />
          <Lexeme Id="Stem:mee" GlossId="PJQo48yP" />
        </Cluster>
        <Cluster>
          <Range Index="109" Length="1" />
          <Lexeme Id="Word:a" GlossId="S0SOwU+a" />
        </Cluster>
        <Cluster>
          <Range Index="126" Length="4" />
          <Lexeme Id="Word:ofra" GlossId="QKgk6c9p" />
        </Cluster>
        <Cluster>
          <Range Index="189" Length="3" />
          <Lexeme Id="Word:laa" GlossId="sTNLYnDj" />
        </Cluster>
      </VerseData>
    </item>
    <item>
      <string>JDG 6:10</string>
      <VerseData />
    </item>
    <item>
      <string>JDG 6:12</string>
      <VerseData />
    </item>
    <item>
      <string>JDG 6:13</string>
      <VerseData>
        <Cluster>
          <Range Index="298" Length="3" />
          <Lexeme Id="Word:yit" GlossId="fN9x8IsP" />
        </Cluster>
        <Cluster>
          <Range Index="9" Length="7" />
          <Lexeme Id="Word:gidiyon" GlossId="DtM1nbKe" />
        </Cluster>
      </VerseData>
    </item>
    <item>
      <string>JDG 6:14</string>
      <VerseData>
        <Cluster>
          <Range Index="32" Length="8" />
          <Lexeme Id="Word:ngidiyon" GlossId="iFYprHRf" />
        </Cluster>
        <Cluster>
          <Range Index="86" Length="4" />
          <Lexeme Id="Word:mɓam" GlossId="6PGMw5Zk" />
        </Cluster>
      </VerseData>
    </item>
    <item>
      <string>JDG 6:15</string>
      <VerseData />
    </item>
    <item>
      <string>JDG 6:16</string>
      <VerseData />
    </item>
    <item>
      <string>JDG 6:17</string>
      <VerseData />
    </item>
    <item>
      <string>JDG 6:18</string>
      <VerseData>
        <Cluster>
          <Range Index="167" Length="4" />
          <Lexeme Id="Word:nkum" GlossId="XP2SkQDJ" />
        </Cluster>
      </VerseData>
    </item>
    <item>
      <string>JDG 6:19</string>
      <VerseData />
    </item>
    <item>
      <string>JDG 6:20</string>
      <VerseData />
    </item>
    <item>
      <string>JDG 6:21</string>
      <VerseData />
    </item>
    <item>
      <string>JDG 6:22</string>
      <VerseData />
    </item>
    <item>
      <string>JDG 6:23</string>
      <VerseData />
    </item>
    <item>
      <string>JDG 6:24</string>
      <VerseData />
    </item>
    <item>
      <string>JDG 6:25</string>
      <VerseData>
        <Cluster>
          <Range Index="214" Length="6" />
          <Lexeme Id="Word:pushak" GlossId="ZYU+jaQ6" />
        </Cluster>
      </VerseData>
    </item>
    <item>
      <string>JDG 6:26</string>
      <VerseData>
        <Cluster>
          <Range Index="11" Length="3" />
          <Lexeme Id="Word:ɗik" GlossId="LSihkdSp" />
        </Cluster>
        <Cluster>
          <Range Index="19" Length="6" />
          <Lexeme Id="Word:ɓinwus" GlossId="Do5cE82q" />
        </Cluster>
      </VerseData>
    </item>
    <item>
      <string>JDG 6:27</string>
      <VerseData />
    </item>
    <item>
      <string>JDG 6:28</string>
      <VerseData>
        <Cluster>
          <Range Index="42" Length="6" />
          <Lexeme Id="Word:ɓinkum" GlossId="cgGnxh9O" />
        </Cluster>
        <Cluster>
          <Range Index="74" Length="7" />
          <Lexeme Id="Word:pwaghal" GlossId="zHt/ps92" />
        </Cluster>
      </VerseData>
    </item>
    <item>
      <string>JDG 6:29</string>
      <VerseData />
    </item>
    <item>
      <string>JDG 6:30</string>
      <VerseData />
    </item>
    <item>
      <string>JDG 6:31</string>
      <VerseData />
    </item>
    <item>
      <string>JDG 6:35</string>
      <VerseData />
    </item>
    <item>
      <string>JDG 6:32</string>
      <VerseData>
        <Cluster>
          <Range Index="34" Length="7" />
          <Lexeme Id="Word:gidiyon" GlossId="DtM1nbKe" />
        </Cluster>
        <Cluster>
          <Range Index="46" Length="8" />
          <Lexeme Id="Word:jerubaal" GlossId="D36+3dcM" />
        </Cluster>
      </VerseData>
    </item>
    <item>
      <string>JDG 6:33</string>
      <VerseData>
        <Cluster>
          <Range Index="169" Length="3" />
          <Lexeme Id="Word:bit" GlossId="bjKGBzaJ" />
        </Cluster>
      </VerseData>
    </item>
    <item>
      <string>JDG 6:40</string>
      <VerseData />
    </item>
    <item>
      <string>JDG 7:1</string>
      <VerseData>
        <Cluster>
          <Range Index="192" Length="3" />
          <Lexeme Id="Word:mee" GlossId="cr4EvfVR" />
        </Cluster>
      </VerseData>
    </item>
    <item>
      <string>JDG 7:2</string>
      <VerseData />
    </item>
    <item>
      <string>JDG 7:3</string>
      <VerseData>
        <Cluster>
          <Range Index="5" Length="1" />
          <Lexeme Id="Word:a" GlossId="S0SOwU+a" />
        </Cluster>
      </VerseData>
    </item>
    <item>
      <string>JDG 7:4</string>
      <VerseData />
    </item>
    <item>
      <string>JDG 7:5</string>
      <VerseData />
    </item>
    <item>
      <string>JDG 7:6</string>
      <VerseData />
    </item>
    <item>
      <string>JDG 7:7</string>
      <VerseData />
    </item>
    <item>
      <string>JDG 7:8</string>
      <VerseData>
        <Cluster>
          <Range Index="126" Length="3" />
          <Lexeme Id="Word:ɗee" GlossId="dOs8nZIe" />
        </Cluster>
        <Cluster>
          <Range Index="139" Length="3" />
          <Lexeme Id="Word:lap" GlossId="oobL/Gz0" />
        </Cluster>
      </VerseData>
    </item>
    <item>
      <string>JDG 7:9</string>
      <VerseData>
        <Cluster>
          <Range Index="59" Length="1" />
          <Lexeme Id="Word:a" GlossId="LsHrYZ+T" />
        </Cluster>
        <Cluster>
          <Range Index="66" Length="1" />
          <Lexeme Id="Word:a" GlossId="LsHrYZ+T" />
        </Cluster>
        <Cluster>
          <Range Index="68" Length="4" />
          <Lexeme Id="Word:ɓwot" GlossId="P7puplbk" />
        </Cluster>
        <Cluster>
          <Range Index="68" Length="9" />
          <Lexeme Id="Phrase:ɓwot ɓèer" GlossId="9t+KIOWN" />
        </Cluster>
      </VerseData>
    </item>
    <item>
      <string>JDG 7:10</string>
      <VerseData />
    </item>
    <item>
      <string>JDG 7:11</string>
      <VerseData>
        <Cluster>
          <Range Index="88" Length="9" />
          <Lexeme Id="Phrase:ɓwot ɓèer" GlossId="9t+KIOWN" />
        </Cluster>
      </VerseData>
    </item>
    <item>
      <string>JDG 7:12</string>
      <VerseData>
        <Cluster>
          <Range Index="31" Length="6" />
          <Lexeme Id="Word:amalek" GlossId="m0ZsfSoF" />
        </Cluster>
        <Cluster>
          <Range Index="154" Length="3" />
          <Lexeme Id="Word:ɗuu" GlossId="BhkCTOwi" />
        </Cluster>
        <Cluster>
          <Range Index="207" Length="6" />
          <Lexeme Id="Word:ɗiyees" GlossId="d7aCRFEx" />
        </Cluster>
      </VerseData>
    </item>
    <item>
      <string>JDG 7:13</string>
      <VerseData>
        <Cluster>
          <Range Index="118" Length="4" />
          <Lexeme Id="Word:gɨɨl" GlossId="BswJjIun" />
        </Cluster>
      </VerseData>
    </item>
    <item>
      <string>JDG 8:1</string>
      <VerseData>
        <Cluster>
          <Range Index="61" Length="1" />
          <Lexeme Id="Word:a" GlossId="S0SOwU+a" />
        </Cluster>
      </VerseData>
    </item>
    <item>
      <string>JDG 8:2</string>
      <VerseData>
        <Cluster>
          <Range Index="135" Length="5" />
          <Lexeme Id="Word:filip" GlossId="zGQelm3P" />
        </Cluster>
        <Cluster>
          <Range Index="112" Length="7" />
          <Lexeme Id="Word:tuɓwoor" GlossId="dpkEh3su" />
        </Cluster>
      </VerseData>
    </item>
    <item>
      <string>JDG 8:3</string>
      <VerseData />
    </item>
    <item>
      <string>JDG 8:4</string>
      <VerseData />
    </item>
    <item>
      <string>JDG 8:10</string>
      <VerseData />
    </item>
    <item>
      <string>JDG 8:12</string>
      <VerseData />
    </item>
    <item>
      <string>JDG 8:5</string>
      <VerseData />
    </item>
    <item>
      <string>JDG 8:6</string>
      <VerseData>
        <Cluster>
          <Range Index="49" Length="3" />
          <Lexeme Id="Word:kaa" GlossId="nN2ZvOdb" />
        </Cluster>
      </VerseData>
    </item>
    <item>
      <string>JDG 8:7</string>
      <VerseData />
    </item>
    <item>
      <string>JDG 8:9</string>
      <VerseData />
    </item>
    <item>
      <string>JDG 8:8</string>
      <VerseData />
    </item>
    <item>
      <string>JDG 8:11</string>
      <VerseData />
    </item>
    <item>
      <string>JDG 8:13</string>
      <VerseData />
    </item>
    <item>
      <string>JDG 8:14</string>
      <VerseData />
    </item>
    <item>
      <string>JDG 8:15</string>
      <VerseData>
        <Cluster>
          <Range Index="152" Length="3" />
          <Lexeme Id="Word:kaa" GlossId="nN2ZvOdb" />
        </Cluster>
        <Cluster>
          <Range Index="97" Length="5" />
          <Lexeme Id="Word:nwang" GlossId="JoYviaja" />
        </Cluster>
      </VerseData>
    </item>
    <item>
      <string>JDG 8:16</string>
      <VerseData>
        <Cluster>
          <Range Index="60" Length="4" />
          <Lexeme Id="Word:seen" GlossId="gnyfdPoy" />
        </Cluster>
        <Cluster>
          <Range Index="56" Length="3" />
          <Lexeme Id="Word:kam" GlossId="NUWTsQPC" />
        </Cluster>
      </VerseData>
    </item>
    <item>
      <string>JDG 8:17</string>
      <VerseData />
    </item>
    <item>
      <string>JDG 8:18</string>
      <VerseData>
        <Cluster>
          <Range Index="62" Length="1" />
          <Lexeme Id="Word:a" GlossId="WT42eOvt" />
        </Cluster>
      </VerseData>
    </item>
    <item>
      <string>JDG 8:19</string>
      <VerseData />
    </item>
    <item>
      <string>JDG 8:20</string>
      <VerseData>
        <Cluster>
          <Range Index="28" Length="4" />
          <Lexeme Id="Word:nlaa" GlossId="59xZIKud" />
        </Cluster>
        <Cluster>
          <Range Index="142" Length="6" />
          <Lexeme Id="Word:ɗiilee" GlossId="1RLcpbV0" />
        </Cluster>
      </VerseData>
    </item>
    <item>
      <string>JDG 8:21</string>
      <VerseData />
    </item>
    <item>
      <string>JDG 8:22</string>
      <VerseData />
    </item>
    <item>
      <string>JDG 8:23</string>
      <VerseData />
    </item>
    <item>
      <string>JDG 8:24</string>
      <VerseData />
    </item>
    <item>
      <string>JDG 8:25</string>
      <VerseData />
    </item>
    <item>
      <string>JDG 8:26</string>
      <VerseData />
    </item>
    <item>
      <string>JDG 8:27</string>
      <VerseData>
        <Cluster>
          <Range Index="105" Length="4" />
          <Lexeme Id="Word:ngaa" GlossId="ToeGI8EM" />
        </Cluster>
        <Cluster>
          <Range Index="150" Length="3" />
          <Lexeme Id="Word:ɗee" GlossId="F9qE/UtS" />
        </Cluster>
      </VerseData>
    </item>
    <item>
      <string>JDG 8:35</string>
      <VerseData />
    </item>
    <item>
      <string>JDG 9:1</string>
      <VerseData />
    </item>
    <item>
      <string>JDG 9:2</string>
      <VerseData />
    </item>
    <item>
      <string>JDG 9:3</string>
      <VerseData />
    </item>
    <item>
      <string>JDG 9:4</string>
      <VerseData>
        <Cluster>
          <Range Index="141" Length="6" />
          <Lexeme Id="Word:jepkut" GlossId="lYwz0uyy" />
        </Cluster>
      </VerseData>
    </item>
    <item>
      <string>JDG 9:5</string>
      <VerseData>
        <Cluster>
          <Range Index="16" Length="5" />
          <Lexeme Id="Prefix:n" GlossId="p6M/XpAL" />
          <Lexeme Id="Stem:tulu" />
        </Cluster>
      </VerseData>
    </item>
    <item>
      <string>JDG 9:6</string>
      <VerseData />
    </item>
    <item>
      <string>JDG 9:7</string>
      <VerseData />
    </item>
    <item>
      <string>JDG 9:8</string>
      <VerseData />
    </item>
    <item>
      <string>JDG 9:9</string>
      <VerseData />
    </item>
    <item>
      <string>JDG 9:10</string>
      <VerseData />
    </item>
    <item>
      <string>JDG 9:11</string>
      <VerseData>
        <Cluster>
          <Range Index="98" Length="5" />
          <Lexeme Id="Word:nwiip" GlossId="5eZOY04F" />
        </Cluster>
      </VerseData>
    </item>
    <item>
      <string>JDG 9:12</string>
      <VerseData />
    </item>
    <item>
      <string>JDG 9:14</string>
      <VerseData />
    </item>
    <item>
      <string>JDG 9:15</string>
      <VerseData>
        <Cluster>
          <Range Index="133" Length="4" />
          <Lexeme Id="Word:riin" GlossId="3Lxrk1c0" />
        </Cluster>
      </VerseData>
    </item>
    <item>
      <string>JDG 9:0</string>
      <VerseData />
    </item>
    <item>
      <string>JDG 9:16</string>
      <VerseData />
    </item>
    <item>
      <string>JDG 9:17</string>
      <VerseData />
    </item>
    <item>
      <string>JDG 9:18</string>
      <VerseData />
    </item>
    <item>
      <string>JDG 9:19</string>
      <VerseData />
    </item>
    <item>
      <string>JDG 9:20</string>
      <VerseData />
    </item>
    <item>
      <string>JDG 9:21</string>
      <VerseData />
    </item>
    <item>
      <string>JDG 9:22</string>
      <VerseData />
    </item>
    <item>
      <string>JDG 9:23</string>
      <VerseData />
    </item>
    <item>
      <string>JDG 9:24</string>
      <VerseData />
    </item>
    <item>
      <string>JDG 9:25</string>
      <VerseData />
    </item>
    <item>
      <string>JDG 9:26</string>
      <VerseData />
    </item>
    <item>
      <string>JDG 9:27</string>
      <VerseData />
    </item>
    <item>
      <string>JDG 9:28</string>
      <VerseData>
        <Cluster>
          <Range Index="126" Length="1" />
          <Lexeme Id="Word:a" GlossId="S0SOwU+a" />
        </Cluster>
      </VerseData>
    </item>
    <item>
      <string>JDG 9:32</string>
      <VerseData />
    </item>
    <item>
      <string>JDG 9:33</string>
      <VerseData />
    </item>
    <item>
      <string>JDG 9:34</string>
      <VerseData />
    </item>
    <item>
      <string>JDG 9:35</string>
      <VerseData>
        <Cluster>
          <Range Index="20" Length="3" />
          <Lexeme Id="Word:put" GlossId="jOPV6yLd" />
        </Cluster>
      </VerseData>
    </item>
    <item>
      <string>JDG 9:36</string>
      <VerseData />
    </item>
    <item>
      <string>JDG 9:37</string>
      <VerseData>
        <Cluster>
          <Range Index="53" Length="1" />
          <Lexeme Id="Word:a" GlossId="S0SOwU+a" />
        </Cluster>
        <Cluster>
          <Range Index="59" Length="5" />
          <Lexeme Id="Word:gurum" GlossId="LxPVBwme" />
        </Cluster>
        <Cluster>
          <Range Index="79" Length="4" />
          <Lexeme Id="Word:nàar" GlossId="T5vfYW1q" />
        </Cluster>
      </VerseData>
    </item>
    <item>
      <string>JDG 9:38</string>
      <VerseData />
    </item>
    <item>
      <string>JDG 9:39</string>
      <VerseData>
        <Cluster>
          <Range Index="17" Length="4" />
          <Lexeme Id="Word:gaal" GlossId="RyJGmqtI" />
        </Cluster>
        <Cluster>
          <Range Index="57" Length="6" />
          <Lexeme Id="Word:shekem" GlossId="1E9IwJuQ" />
        </Cluster>
      </VerseData>
    </item>
    <item>
      <string>JDG 9:40</string>
      <VerseData>
        <Cluster>
          <Range Index="42" Length="2" />
          <Lexeme Id="Word:le" GlossId="RZLnK57Q" />
        </Cluster>
      </VerseData>
    </item>
    <item>
      <string>JDG 9:41</string>
      <VerseData>
        <Cluster>
          <Range Index="67" Length="4" />
          <Lexeme Id="Word:ceen" GlossId="cHVtRN5C" />
        </Cluster>
      </VerseData>
    </item>
    <item>
      <string>JDG 9:42</string>
      <VerseData />
    </item>
    <item>
      <string>JDG 9:43</string>
      <VerseData />
    </item>
    <item>
      <string>JDG 9:44</string>
      <VerseData />
    </item>
    <item>
      <string>JDG 9:45</string>
      <VerseData />
    </item>
    <item>
      <string>JDG 9:46</string>
      <VerseData />
    </item>
    <item>
      <string>JDG 9:47</string>
      <VerseData />
    </item>
    <item>
      <string>JDG 9:48</string>
      <VerseData />
    </item>
    <item>
      <string>JDG 9:49</string>
      <VerseData />
    </item>
    <item>
      <string>JDG 9:50</string>
      <VerseData />
    </item>
    <item>
      <string>JDG 9:51</string>
      <VerseData />
    </item>
    <item>
      <string>JDG 9:52</string>
      <VerseData />
    </item>
    <item>
      <string>JDG 9:53</string>
      <VerseData />
    </item>
    <item>
      <string>JDG 9:54</string>
      <VerseData>
        <Cluster>
          <Range Index="89" Length="5" />
          <Lexeme Id="Word:shang" GlossId="hRIL822A" />
        </Cluster>
      </VerseData>
    </item>
    <item>
      <string>JDG 10:3</string>
      <VerseData />
    </item>
    <item>
      <string>JDG 10:4</string>
      <VerseData />
    </item>
    <item>
      <string>JDG 10:5</string>
      <VerseData />
    </item>
    <item>
      <string>JDG 11:1</string>
      <VerseData>
        <Cluster>
          <Range Index="125" Length="8" />
          <Lexeme Id="Phrase:mat ngaa" GlossId="ByfCsRDF" />
        </Cluster>
      </VerseData>
    </item>
    <item>
      <string>JDG 11:0</string>
      <VerseData />
    </item>
    <item>
      <string>JDG 10:1</string>
      <VerseData />
    </item>
    <item>
      <string>JDG 10:6</string>
      <VerseData />
    </item>
    <item>
      <string>JDG 10:7</string>
      <VerseData />
    </item>
    <item>
      <string>JDG 10:8</string>
      <VerseData />
    </item>
    <item>
      <string>JDG 10:9</string>
      <VerseData />
    </item>
    <item>
      <string>JDG 10:10</string>
      <VerseData>
        <Cluster>
          <Range Index="92" Length="3" />
          <Lexeme Id="Word:yit" GlossId="fN9x8IsP" />
        </Cluster>
        <Cluster>
          <Range Index="108" Length="2" />
          <Lexeme Id="Word:mu" GlossId="GZcU1RTl" />
        </Cluster>
      </VerseData>
    </item>
    <item>
      <string>JDG 10:11</string>
      <VerseData />
    </item>
    <item>
      <string>JDG 10:12</string>
      <VerseData>
        <Cluster>
          <Range Index="85" Length="3" />
          <Lexeme Id="Word:wal" GlossId="ChTAdrgV" />
        </Cluster>
      </VerseData>
    </item>
    <item>
      <string>JDG 10:13</string>
      <VerseData />
    </item>
    <item>
      <string>JDG 10:14</string>
      <VerseData />
    </item>
    <item>
      <string>JDG 10:15</string>
      <VerseData />
    </item>
    <item>
      <string>JDG 10:16</string>
      <VerseData />
    </item>
    <item>
      <string>JDG 10:17</string>
      <VerseData />
    </item>
    <item>
      <string>JDG 10:18</string>
      <VerseData>
        <Cluster>
          <Range Index="70" Length="4" />
          <Lexeme Id="Word:shee" GlossId="KtuE7LPr" />
        </Cluster>
      </VerseData>
    </item>
    <item>
      <string>JDG 11:2</string>
      <VerseData />
    </item>
    <item>
      <string>JDG 11:4</string>
      <VerseData />
    </item>
    <item>
      <string>JDG 11:5</string>
      <VerseData />
    </item>
    <item>
      <string>JDG 11:6</string>
      <VerseData>
        <Cluster>
          <Range Index="89" Length="2" />
          <Lexeme Id="Word:mu" GlossId="GZcU1RTl" />
        </Cluster>
      </VerseData>
    </item>
    <item>
      <string>JDG 11:7</string>
      <VerseData>
        <Cluster>
          <Range Index="116" Length="1" />
          <Lexeme Id="Word:a" GlossId="S0SOwU+a" />
        </Cluster>
      </VerseData>
    </item>
    <item>
      <string>JDG 11:8</string>
      <VerseData />
    </item>
    <item>
      <string>JDG 11:17</string>
      <VerseData>
        <Cluster>
          <Range Index="235" Length="4" />
          <Lexeme Id="Word:aasi" GlossId="/v22AjNi" />
        </Cluster>
      </VerseData>
    </item>
    <item>
      <string>JDG 11:18</string>
      <VerseData />
    </item>
    <item>
      <string>JDG 11:19</string>
      <VerseData />
    </item>
    <item>
      <string>JDG 11:20</string>
      <VerseData />
    </item>
    <item>
      <string>JDG 11:21</string>
      <VerseData />
    </item>
    <item>
      <string>JDG 11:23</string>
      <VerseData />
    </item>
    <item>
      <string>JDG 11:24</string>
      <VerseData />
    </item>
    <item>
      <string>JDG 11:25</string>
      <VerseData />
    </item>
    <item>
      <string>JDG 11:26</string>
      <VerseData />
    </item>
    <item>
      <string>JDG 11:27</string>
      <VerseData />
    </item>
    <item>
      <string>JDG 11:28</string>
      <VerseData />
    </item>
    <item>
      <string>JDG 11:29</string>
      <VerseData />
    </item>
    <item>
      <string>JDG 11:30</string>
      <VerseData />
    </item>
    <item>
      <string>JDG 11:31</string>
      <VerseData />
    </item>
    <item>
      <string>JDG 11:32</string>
      <VerseData>
        <Cluster>
          <Range Index="6" Length="6" />
          <Lexeme Id="Word:ɗangɓe" GlossId="NRIZhm7t" />
        </Cluster>
      </VerseData>
    </item>
    <item>
      <string>JDG 11:33</string>
      <VerseData />
    </item>
    <item>
      <string>JDG 12:13</string>
      <VerseData />
    </item>
    <item>
      <string>JDG 12:8</string>
      <VerseData />
    </item>
    <item>
      <string>JDG 12:9</string>
      <VerseData />
    </item>
    <item>
      <string>JDG 12:10</string>
      <VerseData />
    </item>
    <item>
      <string>JDG 12:11</string>
      <VerseData />
    </item>
    <item>
      <string>JDG 12:12</string>
      <VerseData>
        <Cluster>
          <Range Index="6" Length="5" />
          <Lexeme Id="Word:kaaɗi" GlossId="filQ49UN" />
        </Cluster>
      </VerseData>
    </item>
    <item>
      <string>JDG 13:0</string>
      <VerseData />
    </item>
    <item>
      <string>JDG 13:3</string>
      <VerseData />
    </item>
    <item>
      <string>JDG 13:4</string>
      <VerseData />
    </item>
    <item>
      <string>JDG 13:5</string>
      <VerseData>
        <Cluster>
          <Range Index="162" Length="3" />
          <Lexeme Id="Word:laa" GlossId="novUZJqD" />
        </Cluster>
      </VerseData>
    </item>
    <item>
      <string>JDG 13:6</string>
      <VerseData />
    </item>
    <item>
      <string>JDG 13:7</string>
      <VerseData />
    </item>
    <item>
      <string>JDG 13:8</string>
      <VerseData>
        <Cluster>
          <Range Index="55" Length="4" />
          <Lexeme Id="Word:ɗang" GlossId="5Is2vs6m" />
        </Cluster>
      </VerseData>
    </item>
    <item>
      <string>JDG 13:9</string>
      <VerseData />
    </item>
    <item>
      <string>JDG 13:10</string>
      <VerseData />
    </item>
    <item>
      <string>JDG 13:11</string>
      <VerseData />
    </item>
    <item>
      <string>JDG 13:12</string>
      <VerseData />
    </item>
    <item>
      <string>JDG 13:13</string>
      <VerseData>
        <Cluster>
          <Range Index="97" Length="4" />
          <Lexeme Id="Word:ting" GlossId="9TyZ1r5H" />
        </Cluster>
      </VerseData>
    </item>
    <item>
      <string>JDG 13:14</string>
      <VerseData>
        <Cluster>
          <Range Index="249" Length="4" />
          <Lexeme Id="Word:ting" GlossId="9TyZ1r5H" />
        </Cluster>
      </VerseData>
    </item>
    <item>
      <string>JDG 13:15</string>
      <VerseData />
    </item>
    <item>
      <string>JDG 13:17</string>
      <VerseData />
    </item>
    <item>
      <string>JDG 13:18</string>
      <VerseData />
    </item>
    <item>
      <string>JDG 13:19</string>
      <VerseData />
    </item>
    <item>
      <string>JDG 13:20</string>
      <VerseData />
    </item>
    <item>
      <string>JDG 13:21</string>
      <VerseData>
        <Cluster>
          <Range Index="125" Length="1" />
          <Lexeme Id="Word:a" GlossId="S0SOwU+a" />
        </Cluster>
      </VerseData>
    </item>
    <item>
      <string>JDG 13:22</string>
      <VerseData />
    </item>
    <item>
      <string>JDG 13:23</string>
      <VerseData>
        <Cluster>
          <Range Index="173" Length="4" />
          <Lexeme Id="Word:nkam" GlossId="xUW161x/" />
        </Cluster>
      </VerseData>
    </item>
    <item>
      <string>JDG 13:24</string>
      <VerseData />
    </item>
    <item>
      <string>JDG 14:0</string>
      <VerseData />
    </item>
    <item>
      <string>JDG 14:1</string>
      <VerseData />
    </item>
    <item>
      <string>JDG 14:2</string>
      <VerseData>
        <Cluster>
          <Range Index="118" Length="3" />
          <Lexeme Id="Word:lap" GlossId="OJKs6FjR" />
        </Cluster>
      </VerseData>
    </item>
    <item>
      <string>JDG 14:5</string>
      <VerseData>
        <Cluster>
          <Range Index="151" Length="4" />
          <Lexeme Id="Word:kuɗi" GlossId="0m981/wg" />
        </Cluster>
      </VerseData>
    </item>
    <item>
      <string>JDG 14:6</string>
      <VerseData />
    </item>
    <item>
      <string>JDG 14:7</string>
      <VerseData />
    </item>
    <item>
      <string>JDG 14:8</string>
      <VerseData />
    </item>
    <item>
      <string>JDG 14:9</string>
      <VerseData>
        <Cluster>
          <Range Index="153" Length="3" />
          <Lexeme Id="Word:lap" GlossId="oobL/Gz0" />
        </Cluster>
      </VerseData>
    </item>
    <item>
      <string>JDG 14:10</string>
      <VerseData />
    </item>
    <item>
      <string>JDG 14:11</string>
      <VerseData />
    </item>
    <item>
      <string>JDG 14:12</string>
      <VerseData />
    </item>
    <item>
      <string>JDG 14:13</string>
      <VerseData />
    </item>
    <item>
      <string>JDG 14:14</string>
      <VerseData />
    </item>
    <item>
      <string>JDG 14:15</string>
      <VerseData>
        <Cluster>
          <Range Index="83" Length="4" />
          <Lexeme Id="Word:mish" GlossId="E9LqbQcA" />
        </Cluster>
        <Cluster>
          <Range Index="78" Length="4" />
          <Lexeme Id="Word:kyee" GlossId="7feu8w/j" />
        </Cluster>
      </VerseData>
    </item>
    <item>
      <string>JDG 15:1</string>
      <VerseData>
        <Cluster>
          <Range Index="37" Length="3" />
          <Lexeme Id="Word:lèe" GlossId="r4gRGgu8" />
        </Cluster>
      </VerseData>
    </item>
    <item>
      <string>JDG 15:2</string>
      <VerseData />
    </item>
    <item>
      <string>JDG 15:3</string>
      <VerseData>
        <Cluster>
          <Range Index="104" Length="3" />
          <Lexeme Id="Word:laa" GlossId="KRq/4jPs" />
        </Cluster>
      </VerseData>
    </item>
    <item>
      <string>JDG 15:4</string>
      <VerseData>
        <Cluster>
          <Range Index="65" Length="4" />
          <Lexeme Id="Word:dang" GlossId="nZ2Y+cZt" />
        </Cluster>
      </VerseData>
    </item>
    <item>
      <string>JDG 15:5</string>
      <VerseData>
        <Cluster>
          <Range Index="232" Length="4" />
          <Lexeme Id="Word:ting" GlossId="nfvdImRN" />
        </Cluster>
        <Cluster>
          <Range Index="237" Length="5" />
          <Lexeme Id="Word:mwoor" GlossId="TwhP2eQO" />
        </Cluster>
      </VerseData>
    </item>
    <item>
      <string>JDG 15:6</string>
      <VerseData>
        <Cluster>
          <Range Index="102" Length="6" />
          <Lexeme Id="Word:sɨghɨr" GlossId="gByPgfhM" />
        </Cluster>
        <Cluster>
          <Range Index="147" Length="3" />
          <Lexeme Id="Word:mat" GlossId="0M5H1SCY" />
        </Cluster>
        <Cluster>
          <Range Index="218" Length="4" />
          <Lexeme Id="Word:wura" GlossId="B250uR1u" />
        </Cluster>
      </VerseData>
    </item>
    <item>
      <string>JDG 15:7</string>
      <VerseData />
    </item>
    <item>
      <string>JDG 15:8</string>
      <VerseData />
    </item>
    <item>
      <string>JDG 15:9</string>
      <VerseData>
        <Cluster>
          <Range Index="32" Length="4" />
          <Lexeme Id="Word:pwas" GlossId="BCyEsGvo" />
        </Cluster>
      </VerseData>
    </item>
    <item>
      <string>JDG 15:10</string>
      <VerseData />
    </item>
    <item>
      <string>JDG 15:11</string>
      <VerseData />
    </item>
    <item>
      <string>JDG 15:12</string>
      <VerseData />
    </item>
    <item>
      <string>JDG 15:13</string>
      <VerseData>
        <Cluster>
          <Range Index="30" Length="2" />
          <Lexeme Id="Word:mu" GlossId="GZcU1RTl" />
        </Cluster>
      </VerseData>
    </item>
    <item>
      <string>JDG 15:14</string>
      <VerseData />
    </item>
    <item>
      <string>JDG 15:15</string>
      <VerseData>
        <Cluster>
          <Range Index="60" Length="4" />
          <Lexeme Id="Word:kuɗi" GlossId="0m981/wg" />
        </Cluster>
      </VerseData>
    </item>
    <item>
      <string>JDG 15:16</string>
      <VerseData>
        <Cluster>
          <Range Index="46" Length="4" />
          <Lexeme Id="Word:jang" GlossId="wghjBHna" />
        </Cluster>
      </VerseData>
    </item>
    <item>
      <string>JDG 15:17</string>
      <VerseData />
    </item>
    <item>
      <string>JDG 15:18</string>
      <VerseData />
    </item>
    <item>
      <string>JDG 15:19</string>
      <VerseData />
    </item>
    <item>
      <string>JDG 15:20</string>
      <VerseData />
    </item>
    <item>
      <string>JDG 16:1</string>
      <VerseData>
        <Cluster>
          <Range Index="129" Length="4" />
          <Lexeme Id="Word:teer" GlossId="6kXxvv1A" />
        </Cluster>
        <Cluster>
          <Range Index="102" Length="3" />
          <Lexeme Id="Word:ɗel" GlossId="nYviMAq9" />
        </Cluster>
        <Cluster>
          <Range Index="106" Length="2" />
          <Lexeme Id="Word:pu" GlossId="59g/tvWd" />
        </Cluster>
      </VerseData>
    </item>
    <item>
      <string>JDG 17:1</string>
      <VerseData>
        <Cluster>
          <Range Index="14" Length="4" />
          <Lexeme Id="Word:gwar" GlossId="jIRGg91g" />
        </Cluster>
        <Cluster>
          <Range Index="10" Length="3" />
          <Lexeme Id="Word:mee" GlossId="cr4EvfVR" />
        </Cluster>
        <Cluster>
          <Range Index="24" Length="2" />
          <Lexeme Id="Word:ɗi" GlossId="H0eEJSBq" />
        </Cluster>
      </VerseData>
    </item>
    <item>
      <string>JDG 16:2</string>
      <VerseData>
        <Cluster>
          <Range Index="115" Length="13" />
          <Lexeme Id="Phrase:shyeep kɨpang" GlossId="QkbJzc/s" />
        </Cluster>
      </VerseData>
    </item>
    <item>
      <string>JDG 16:3</string>
      <VerseData />
    </item>
    <item>
      <string>JDG 16:4</string>
      <VerseData />
    </item>
    <item>
      <string>JDG 16:5</string>
      <VerseData>
        <Cluster>
          <Range Index="75" Length="2" />
          <Lexeme Id="Word:ko" GlossId="auNRrAKi" />
        </Cluster>
        <Cluster>
          <Range Index="75" Length="7" />
          <Lexeme Id="Phrase:ko ngul" GlossId="ZmXk96fp" />
        </Cluster>
      </VerseData>
    </item>
    <item>
      <string>JDG 16:6</string>
      <VerseData>
        <Cluster>
          <Range Index="65" Length="6" />
          <Lexeme Id="Word:nɨghɨn" GlossId="nGzlkVF3" />
        </Cluster>
      </VerseData>
    </item>
    <item>
      <string>JDG 16:7</string>
      <VerseData />
    </item>
    <item>
      <string>JDG 16:8</string>
      <VerseData>
        <Cluster>
          <Range Index="91" Length="3" />
          <Lexeme Id="Word:fii" GlossId="yvHd93vR" />
        </Cluster>
        <Cluster>
          <Range Index="87" Length="3" />
          <Lexeme Id="Word:kɨ̀" GlossId="aiFyVXG7" />
        </Cluster>
        <Cluster>
          <Range Index="116" Length="4" />
          <Lexeme Id="Word:wuri" GlossId="wzox1LvY" />
        </Cluster>
      </VerseData>
    </item>
    <item>
      <string>JDG 16:9</string>
      <VerseData />
    </item>
    <item>
      <string>JDG 16:10</string>
      <VerseData />
    </item>
    <item>
      <string>JDG 16:11</string>
      <VerseData />
    </item>
    <item>
      <string>JDG 16:12</string>
      <VerseData />
    </item>
    <item>
      <string>JDG 16:13</string>
      <VerseData>
        <Cluster>
          <Range Index="210" Length="6" />
          <Lexeme Id="Word:shwoop" GlossId="uacsmZde" />
        </Cluster>
      </VerseData>
    </item>
    <item>
      <string>JDG 16:14</string>
      <VerseData />
    </item>
    <item>
      <string>JDG 16:15</string>
      <VerseData>
        <Cluster>
          <Range Index="164" Length="6" />
          <Lexeme Id="Word:nɨghɨn" GlossId="nGzlkVF3" />
        </Cluster>
      </VerseData>
    </item>
    <item>
      <string>JDG 16:16</string>
      <VerseData />
    </item>
    <item>
      <string>JDG 16:17</string>
      <VerseData />
    </item>
    <item>
      <string>JDG 16:18</string>
      <VerseData />
    </item>
    <item>
      <string>JDG 16:19</string>
      <VerseData />
    </item>
    <item>
      <string>JDG 16:21</string>
      <VerseData>
        <Cluster>
          <Range Index="47" Length="6" />
          <Lexeme Id="Word:aasyit" GlossId="hXiPIrqp" />
        </Cluster>
      </VerseData>
    </item>
    <item>
      <string>JDG 16:22</string>
      <VerseData>
        <Cluster>
          <Range Index="64" Length="3" />
          <Lexeme Id="Word:sak" GlossId="jCWmlt3Y" />
        </Cluster>
        <Cluster>
          <Range Index="68" Length="2" />
          <Lexeme Id="Word:ni" GlossId="dAzF/grS" />
        </Cluster>
      </VerseData>
    </item>
    <item>
      <string>JDG 16:23</string>
      <VerseData />
    </item>
    <item>
      <string>JDG 16:24</string>
      <VerseData />
    </item>
    <item>
      <string>JDG 16:25</string>
      <VerseData>
        <Cluster>
          <Range Index="85" Length="3" />
          <Lexeme Id="Word:tan" GlossId="aBku6pji" />
        </Cluster>
      </VerseData>
    </item>
    <item>
      <string>JDG 16:26</string>
      <VerseData />
    </item>
    <item>
      <string>JDG 16:27</string>
      <VerseData />
    </item>
    <item>
      <string>JDG 16:28</string>
      <VerseData />
    </item>
    <item>
      <string>JDG 16:29</string>
      <VerseData />
    </item>
    <item>
      <string>JDG 16:30</string>
      <VerseData>
        <Cluster>
          <Range Index="307" Length="3" />
          <Lexeme Id="Word:ɗii" GlossId="JvhMBaWg" />
        </Cluster>
      </VerseData>
    </item>
    <item>
      <string>JDG 16:31</string>
      <VerseData />
    </item>
    <item>
      <string>JDG 17:0</string>
      <VerseData />
    </item>
    <item>
      <string>JDG 18:1</string>
      <VerseData />
    </item>
    <item>
      <string>JDG 18:0</string>
      <VerseData />
    </item>
    <item>
      <string>JDG 18:2</string>
      <VerseData />
    </item>
    <item>
      <string>JDG 18:3</string>
      <VerseData>
        <Cluster>
          <Range Index="57" Length="5" />
          <Lexeme Id="Word:ɗogho" GlossId="DYUrg4UU" />
        </Cluster>
      </VerseData>
    </item>
    <item>
      <string>JDG 18:4</string>
      <VerseData />
    </item>
    <item>
      <string>JDG 18:5</string>
      <VerseData>
        <Cluster>
          <Range Index="36" Length="1" />
          <Lexeme Id="Word:a" GlossId="LsHrYZ+T" />
        </Cluster>
        <Cluster>
          <Range Index="38" Length="3" />
          <Lexeme Id="Word:tal" GlossId="ffLI86H/" />
        </Cluster>
      </VerseData>
    </item>
    <item>
      <string>JDG 18:6</string>
      <VerseData />
    </item>
    <item>
      <string>JDG 18:7</string>
      <VerseData>
        <Cluster>
          <Range Index="68" Length="1" />
          <Lexeme Id="Word:a" GlossId="S0SOwU+a" />
        </Cluster>
      </VerseData>
    </item>
    <item>
      <string>JDG 18:8</string>
      <VerseData />
    </item>
    <item>
      <string>JDG 18:9</string>
      <VerseData>
        <Cluster>
          <Range Index="41" Length="2" />
          <Lexeme Id="Word:mu" GlossId="wOmmV0Yf" />
        </Cluster>
        <Cluster>
          <Range Index="36" Length="4" />
          <Lexeme Id="Word:mmun" GlossId="CIGtvau3" />
        </Cluster>
      </VerseData>
    </item>
    <item>
      <string>JDG 18:11</string>
      <VerseData />
    </item>
    <item>
      <string>JDG 18:12</string>
      <VerseData />
    </item>
    <item>
      <string>JDG 18:13</string>
      <VerseData />
    </item>
    <item>
      <string>JDG 18:14</string>
      <VerseData />
    </item>
    <item>
      <string>JDG 18:15</string>
      <VerseData />
    </item>
    <item>
      <string>JDG 18:16</string>
      <VerseData />
    </item>
    <item>
      <string>JDG 18:17</string>
      <VerseData />
    </item>
    <item>
      <string>JDG 18:18</string>
      <VerseData />
    </item>
    <item>
      <string>JDG 18:19</string>
      <VerseData>
        <Cluster>
          <Range Index="243" Length="5" />
          <Lexeme Id="Word:ndang" GlossId="vrM+KW53" />
        </Cluster>
      </VerseData>
    </item>
    <item>
      <string>JDG 18:31</string>
      <VerseData />
    </item>
    <item>
      <string>JDG 19:1</string>
      <VerseData>
        <Cluster>
          <Range Index="143" Length="4" />
          <Lexeme Id="Word:mang" GlossId="IYy+XGym" />
        </Cluster>
      </VerseData>
    </item>
    <item>
      <string>JDG 19:0</string>
      <VerseData />
    </item>
    <item>
      <string>JDG 19:5</string>
      <VerseData />
    </item>
    <item>
      <string>JDG 19:6</string>
      <VerseData />
    </item>
    <item>
      <string>JDG 19:7</string>
      <VerseData>
        <Cluster>
          <Range Index="53" Length="8" />
          <Lexeme Id="Word:puunkaam" GlossId="jfyIVNk6" />
        </Cluster>
        <Cluster>
          <Range Index="67" Length="4" />
          <Lexeme Id="Word:kyee" GlossId="pC9LmgtO" />
        </Cluster>
      </VerseData>
    </item>
    <item>
      <string>JDG 19:8</string>
      <VerseData>
        <Cluster>
          <Range Index="157" Length="6" />
          <Lexeme Id="Word:ɗangɓe" GlossId="NRIZhm7t" />
        </Cluster>
        <Cluster>
          <Range Index="152" Length="4" />
          <Lexeme Id="Word:neep" GlossId="iRR+e7rn" />
        </Cluster>
        <Cluster>
          <Range Index="143" Length="13" />
          <Lexeme Id="Phrase:puus kaa neep" GlossId="HrzMQNy1" />
        </Cluster>
      </VerseData>
    </item>
    <item>
      <string>JDG 19:9</string>
      <VerseData>
        <Cluster>
          <Range Index="284" Length="3" />
          <Lexeme Id="Word:waa" GlossId="NbgY7SMM" />
        </Cluster>
      </VerseData>
    </item>
    <item>
      <string>JDG 19:10</string>
      <VerseData />
    </item>
    <item>
      <string>JDG 19:11</string>
      <VerseData>
        <Cluster>
          <Range Index="126" Length="4" />
          <Lexeme Id="Word:teer" GlossId="h9A7rSFD" />
        </Cluster>
        <Cluster>
          <Range Index="123" Length="2" />
          <Lexeme Id="Word:mu" GlossId="GZcU1RTl" />
        </Cluster>
        <Cluster>
          <Range Index="131" Length="7" />
          <Lexeme Id="Word:ndɨghɨn" GlossId="oiVejP81" />
        </Cluster>
      </VerseData>
    </item>
    <item>
      <string>JDG 19:12</string>
      <VerseData />
    </item>
    <item>
      <string>JDG 19:13</string>
      <VerseData />
    </item>
    <item>
      <string>JDG 19:14</string>
      <VerseData />
    </item>
    <item>
      <string>JDG 19:15</string>
      <VerseData>
        <Cluster>
          <Range Index="71" Length="1" />
          <Lexeme Id="Word:a" GlossId="S0SOwU+a" />
        </Cluster>
        <Cluster>
          <Range Index="73" Length="7" />
          <Lexeme Id="Word:peekuur" GlossId="QpDYuXSU" />
        </Cluster>
      </VerseData>
    </item>
    <item>
      <string>JDG 19:16</string>
      <VerseData />
    </item>
    <item>
      <string>JDG 19:17</string>
      <VerseData />
    </item>
    <item>
      <string>JDG 19:18</string>
      <VerseData>
        <Cluster>
          <Range Index="27" Length="2" />
          <Lexeme Id="Word:mu" GlossId="GZcU1RTl" />
        </Cluster>
      </VerseData>
    </item>
    <item>
      <string>JDG 19:20</string>
      <VerseData />
    </item>
    <item>
      <string>JDG 19:21</string>
      <VerseData />
    </item>
    <item>
      <string>JDG 19:22</string>
      <VerseData />
    </item>
    <item>
      <string>JDG 19:24</string>
      <VerseData />
    </item>
    <item>
      <string>JDG 19:23</string>
      <VerseData />
    </item>
    <item>
      <string>JDG 19:25</string>
      <VerseData />
    </item>
    <item>
      <string>JDG 19:26</string>
      <VerseData />
    </item>
    <item>
      <string>JDG 19:27</string>
      <VerseData />
    </item>
    <item>
      <string>JDG 19:28</string>
      <VerseData>
        <Cluster>
          <Range Index="80" Length="3" />
          <Lexeme Id="Word:ɗee" GlossId="vw5cw4CV" />
        </Cluster>
      </VerseData>
    </item>
    <item>
      <string>JDG 19:29</string>
      <VerseData />
    </item>
    <item>
      <string>JDG 20:2</string>
      <VerseData>
        <Cluster>
          <Range Index="142" Length="4" />
          <Lexeme Id="Word:feer" GlossId="aqxdh/MT" />
        </Cluster>
      </VerseData>
    </item>
    <item>
      <string>JDG 20:3</string>
      <VerseData />
    </item>
    <item>
      <string>JDG 20:4</string>
      <VerseData />
    </item>
    <item>
      <string>JDG 20:5</string>
      <VerseData />
    </item>
    <item>
      <string>JDG 20:6</string>
      <VerseData />
    </item>
    <item>
      <string>JDG 20:7</string>
      <VerseData />
    </item>
    <item>
      <string>JDG 20:8</string>
      <VerseData>
        <Cluster>
          <Range Index="36" Length="3" />
          <Lexeme Id="Word:kaa" GlossId="bNx5WnfK" />
        </Cluster>
      </VerseData>
    </item>
    <item>
      <string>JDG 20:9</string>
      <VerseData />
    </item>
    <item>
      <string>JDG 20:10</string>
      <VerseData />
    </item>
    <item>
      <string>JDG 20:11</string>
      <VerseData>
        <Cluster>
          <Range Index="96" Length="2" />
          <Lexeme Id="Word:kɨ" GlossId="gYGthKa8" />
        </Cluster>
      </VerseData>
    </item>
    <item>
      <string>JDG 20:12</string>
      <VerseData />
    </item>
    <item>
      <string>JDG 20:13</string>
      <VerseData />
    </item>
    <item>
      <string>JDG 20:14</string>
      <VerseData />
    </item>
    <item>
      <string>JDG 20:15</string>
      <VerseData />
    </item>
    <item>
      <string>JDG 20:16</string>
      <VerseData>
        <Cluster>
          <Range Index="134" Length="7" />
          <Lexeme Id="Word:ngulang" GlossId="+64NdT8G" />
        </Cluster>
      </VerseData>
    </item>
    <item>
      <string>JDG 20:17</string>
      <VerseData />
    </item>
    <item>
      <string>JDG 20:18</string>
      <VerseData />
    </item>
    <item>
      <string>JDG 20:19</string>
      <VerseData />
    </item>
    <item>
      <string>JDG 20:20</string>
      <VerseData />
    </item>
    <item>
      <string>JDG 20:21</string>
      <VerseData />
    </item>
    <item>
      <string>JDG 20:22</string>
      <VerseData />
    </item>
    <item>
      <string>JDG 20:23</string>
      <VerseData />
    </item>
    <item>
      <string>JDG 20:24</string>
      <VerseData>
        <Cluster>
          <Range Index="6" Length="6" />
          <Lexeme Id="Word:ɗangɓe" GlossId="TVZrLkGe" />
        </Cluster>
      </VerseData>
    </item>
    <item>
      <string>JDG 20:25</string>
      <VerseData />
    </item>
    <item>
      <string>JDG 20:27</string>
      <VerseData>
        <Cluster>
          <Range Index="104" Length="1" />
          <Lexeme Id="Word:a" GlossId="S0SOwU+a" />
        </Cluster>
        <Cluster>
          <Range Index="30" Length="4" />
          <Lexeme Id="Word:nàng" GlossId="yZ7iu+5h" />
        </Cluster>
      </VerseData>
    </item>
    <item>
      <string>JDG 20:26</string>
      <VerseData>
        <Cluster>
          <Range Index="32" Length="3" />
          <Lexeme Id="Word:kaa" GlossId="H/AO77/y" />
        </Cluster>
        <Cluster>
          <Range Index="111" Length="11" />
          <Lexeme Id="Phrase:wet kɨ neen" GlossId="Jnb5P4iQ" />
        </Cluster>
      </VerseData>
    </item>
    <item>
      <string>JDG 20:28</string>
      <VerseData>
        <Cluster>
          <Range Index="110" Length="2" />
          <Lexeme Id="Word:mu" GlossId="GZcU1RTl" />
        </Cluster>
        <Cluster>
          <Range Index="103" Length="2" />
          <Lexeme Id="Word:mu" GlossId="GZcU1RTl" />
        </Cluster>
        <Cluster>
          <Range Index="113" Length="3" />
          <Lexeme Id="Word:kaa" GlossId="H/AO77/y" />
        </Cluster>
        <Cluster>
          <Range Index="117" Length="2" />
          <Lexeme Id="Word:mu" GlossId="GZcU1RTl" />
        </Cluster>
        <Cluster>
          <Range Index="120" Length="7" />
          <Lexeme Id="Phrase:cìn lek" GlossId="wWkttEwo" />
        </Cluster>
        <Cluster>
          <Range Index="215" Length="3" />
          <Lexeme Id="Word:kaa" GlossId="H/AO77/y" />
        </Cluster>
        <Cluster>
          <Range Index="106" Length="3" />
          <Lexeme Id="Word:baa" GlossId="hNb+KeU7" />
        </Cluster>
      </VerseData>
    </item>
    <item>
      <string>JDG 20:29</string>
      <VerseData />
    </item>
    <item>
      <string>JDG 20:30</string>
      <VerseData>
        <Cluster>
          <Range Index="9" Length="3" />
          <Lexeme Id="Word:kaa" GlossId="H/AO77/y" />
        </Cluster>
        <Cluster>
          <Range Index="105" Length="3" />
          <Lexeme Id="Word:yem" GlossId="PaFEdCAv" />
        </Cluster>
      </VerseData>
    </item>
    <item>
      <string>JDG 20:31</string>
      <VerseData />
    </item>
    <item>
      <string>JDG 20:32</string>
      <VerseData />
    </item>
    <item>
      <string>JDG 20:33</string>
      <VerseData />
    </item>
    <item>
      <string>JDG 20:34</string>
      <VerseData>
        <Cluster>
          <Range Index="99" Length="2" />
          <Lexeme Id="Word:ni" GlossId="hdBNELZF" />
        </Cluster>
      </VerseData>
    </item>
    <item>
      <string>JDG 20:35</string>
      <VerseData />
    </item>
    <item>
      <string>JDG 20:36</string>
      <VerseData>
        <Cluster>
          <Range Index="6" Length="3" />
          <Lexeme Id="Word:ɗee" GlossId="KuCSQUZ8" />
        </Cluster>
      </VerseData>
    </item>
    <item>
      <string>JDG 20:37</string>
      <VerseData />
    </item>
    <item>
      <string>JDG 20:38</string>
      <VerseData>
        <Cluster>
          <Range Index="32" Length="4" />
          <Lexeme Id="Word:lepo" GlossId="4aqzOpQD" />
        </Cluster>
        <Cluster>
          <Range Index="101" Length="5" />
          <Lexeme Id="Word:ɗyeel" GlossId="KhvVzvX8" />
        </Cluster>
        <Cluster>
          <Range Index="88" Length="4" />
          <Lexeme Id="Word:ndum" GlossId="IO85mY1L" />
        </Cluster>
        <Cluster>
          <Range Index="6" Length="2" />
          <Lexeme Id="Word:ɗi" GlossId="iKLgHonu" />
        </Cluster>
      </VerseData>
    </item>
    <item>
      <string>JDG 20:39</string>
      <VerseData />
    </item>
    <item>
      <string>JDG 20:40</string>
      <VerseData>
        <Cluster>
          <Range Index="19" Length="4" />
          <Lexeme Id="Word:nluu" GlossId="Wljie8Tm" />
        </Cluster>
        <Cluster>
          <Range Index="28" Length="5" />
          <Lexeme Id="Word:ɗyeel" GlossId="KhvVzvX8" />
        </Cluster>
      </VerseData>
    </item>
    <item>
      <string>JDG 20:41</string>
      <VerseData>
        <Cluster>
          <Range Index="50" Length="8" />
          <Lexeme Id="Word:kɨɨrmuut" GlossId="CqGQPbTM" />
        </Cluster>
        <Cluster>
          <Range Index="63" Length="4" />
          <Lexeme Id="Word:daas" GlossId="gCiU3EdS" />
        </Cluster>
      </VerseData>
    </item>
    <item>
      <string>JDG 20:48</string>
      <VerseData />
    </item>
    <item>
      <string>JDG 20:0</string>
      <VerseData />
    </item>
    <item>
      <string>JDG 21:1</string>
      <VerseData>
        <Cluster>
          <Range Index="73" Length="4" />
          <Lexeme Id="Word:funu" GlossId="VpIjIlwU" />
        </Cluster>
        <Cluster>
          <Range Index="109" Length="3" />
          <Lexeme Id="Word:ɗik" GlossId="j2B50aP0" />
        </Cluster>
      </VerseData>
    </item>
    <item>
      <string>JDG 21:2</string>
      <VerseData>
        <Cluster>
          <Range Index="130" Length="7" />
          <Lexeme Id="Word:ɗiinaat" GlossId="w5Sk4w2E" />
        </Cluster>
      </VerseData>
    </item>
    <item>
      <string>JDG 21:3</string>
      <VerseData>
        <Cluster>
          <Range Index="120" Length="6" />
          <Lexeme Id="Word:saghan" GlossId="lH/9VUZA" />
        </Cluster>
        <Cluster>
          <Range Index="106" Length="2" />
          <Lexeme Id="Word:le" GlossId="RZLnK57Q" />
        </Cluster>
      </VerseData>
    </item>
    <item>
      <string>JDG 21:4</string>
      <VerseData />
    </item>
    <item>
      <string>JDG 21:5</string>
      <VerseData />
    </item>
    <item>
      <string>JDG 21:6</string>
      <VerseData>
        <Cluster>
          <Range Index="119" Length="5" />
          <Lexeme Id="Word:ndang" GlossId="vrM+KW53" />
        </Cluster>
      </VerseData>
    </item>
    <item>
      <string>JDG 21:7</string>
      <VerseData>
        <Cluster>
          <Range Index="86" Length="3" />
          <Lexeme Id="Word:ɗik" GlossId="j2B50aP0" />
        </Cluster>
      </VerseData>
    </item>
    <item>
      <string>JDG 21:8</string>
      <VerseData />
    </item>
    <item>
      <string>JDG 21:9</string>
      <VerseData />
    </item>
    <item>
      <string>JDG 21:10</string>
      <VerseData>
        <Cluster>
          <Range Index="91" Length="3" />
          <Lexeme Id="Word:lop" GlossId="nv3D31ax" />
        </Cluster>
      </VerseData>
    </item>
    <item>
      <string>JDG 21:11</string>
      <VerseData />
    </item>
    <item>
      <string>JDG 21:12</string>
      <VerseData />
    </item>
    <item>
      <string>JDG 21:13</string>
      <VerseData>
        <Cluster>
          <Range Index="48" Length="2" />
          <Lexeme Id="Word:mu" GlossId="D5/R9ixx" />
        </Cluster>
      </VerseData>
    </item>
    <item>
      <string>JDG 21:14</string>
      <VerseData />
    </item>
    <item>
      <string>JDG 21:15</string>
      <VerseData />
    </item>
    <item>
      <string>JDG 21:16</string>
      <VerseData />
    </item>
    <item>
      <string>JDG 21:17</string>
      <VerseData>
        <Cluster>
          <Range Index="26" Length="4" />
          <Lexeme Id="Word:ting" GlossId="9TyZ1r5H" />
        </Cluster>
        <Cluster>
          <Range Index="67" Length="2" />
          <Lexeme Id="Word:kɨ" GlossId="XnpMLw0H" />
        </Cluster>
        <Cluster>
          <Range Index="63" Length="3" />
          <Lexeme Id="Word:ɗen" GlossId="CHczHFUL" />
        </Cluster>
      </VerseData>
    </item>
    <item>
      <string>JDG 21:18</string>
      <VerseData>
        <Cluster>
          <Range Index="18" Length="3" />
          <Lexeme Id="Word:cìn" GlossId="g/eoBbPz" />
        </Cluster>
        <Cluster>
          <Range Index="117" Length="3" />
          <Lexeme Id="Word:cìn" GlossId="g/eoBbPz" />
        </Cluster>
      </VerseData>
    </item>
    <item>
      <string>JDG 21:20</string>
      <VerseData>
        <Cluster>
          <Range Index="20" Length="3" />
          <Lexeme Id="Word:kar" GlossId="EKaFeZjR" />
        </Cluster>
      </VerseData>
    </item>
    <item>
      <string>JDG 21:21</string>
      <VerseData>
        <Cluster>
          <Range Index="23" Length="7" />
          <Lexeme Id="Word:katɗang" GlossId="0Rlt6JDV" />
        </Cluster>
        <Cluster>
          <Range Index="169" Length="7" />
          <Lexeme Id="Word:njiraap" GlossId="vpmogivi" />
        </Cluster>
      </VerseData>
    </item>
    <item>
      <string>JDG 21:22</string>
      <VerseData />
    </item>
    <item>
      <string>JDG 21:23</string>
      <VerseData>
        <Cluster>
          <Range Index="181" Length="6" />
          <Lexeme Id="Word:ɗangɓe" GlossId="NRIZhm7t" />
        </Cluster>
        <Cluster>
          <Range Index="90" Length="3" />
          <Lexeme Id="Word:koo" GlossId="LeZXaAB4" />
        </Cluster>
        <Cluster>
          <Range Index="223" Length="3" />
          <Lexeme Id="Word:ɗik" GlossId="LSihkdSp" />
        </Cluster>
      </VerseData>
    </item>
    <item>
      <string>JDG 21:24</string>
      <VerseData />
    </item>
    <item>
      <string>JDG 1:9</string>
      <VerseData />
    </item>
    <item>
      <string>JDG 1:14</string>
      <VerseData />
    </item>
    <item>
      <string>JDG 1:15</string>
      <VerseData />
    </item>
    <item>
      <string>JDG 1:16</string>
      <VerseData />
    </item>
    <item>
      <string>JDG 1:18</string>
      <VerseData />
    </item>
    <item>
      <string>JDG 1:20</string>
      <VerseData />
    </item>
    <item>
      <string>JDG 1:22</string>
      <VerseData />
    </item>
    <item>
      <string>JDG 1:24</string>
      <VerseData />
    </item>
    <item>
      <string>JDG 1:26</string>
      <VerseData />
    </item>
    <item>
      <string>JDG 2:5</string>
      <VerseData />
    </item>
    <item>
      <string>JDG 2:6</string>
      <VerseData />
    </item>
    <item>
      <string>JDG 2:19</string>
      <VerseData />
    </item>
    <item>
      <string>JDG 2:21</string>
      <VerseData />
    </item>
    <item>
      <string>JDG 3:13</string>
      <VerseData />
    </item>
    <item>
      <string>JDG 3:28</string>
      <VerseData />
    </item>
    <item>
      <string>JDG 3:29</string>
      <VerseData />
    </item>
    <item>
      <string>JDG 3:31</string>
      <VerseData />
    </item>
    <item>
      <string>JDG 5:4</string>
      <VerseData />
    </item>
    <item>
      <string>JDG 5:5</string>
      <VerseData />
    </item>
    <item>
      <string>JDG 1:6</string>
      <VerseData />
    </item>
    <item>
      <string>JDG 1:7</string>
      <VerseData />
    </item>
    <item>
      <string>JDG 1:8</string>
      <VerseData />
    </item>
    <item>
      <string>JDG 1:10</string>
      <VerseData />
    </item>
    <item>
      <string>JDG 1:11</string>
      <VerseData />
    </item>
    <item>
      <string>JDG 1:12</string>
      <VerseData />
    </item>
    <item>
      <string>JDG 1:13</string>
      <VerseData />
    </item>
    <item>
      <string>JDG 1:17</string>
      <VerseData />
    </item>
    <item>
      <string>JDG 1:19</string>
      <VerseData />
    </item>
    <item>
      <string>JDG 1:21</string>
      <VerseData />
    </item>
    <item>
      <string>JDG 2:0</string>
      <VerseData>
        <Cluster>
          <Range Index="27" Length="6" />
          <Lexeme Id="Prefix:m" GlossId="Njv6fhdQ" />
          <Lexeme Id="Stem:bokim" GlossId="98Zkmp2N" />
        </Cluster>
        <Cluster>
          <Range Index="27" Length="6" />
          <Lexeme Id="Word:mbokim" GlossId="9rJWOs6c" />
        </Cluster>
      </VerseData>
    </item>
    <item>
      <string>JDG 17:2</string>
      <VerseData />
    </item>
    <item>
      <string>JDG 17:5</string>
      <VerseData />
    </item>
    <item>
      <string>JDG 3:10</string>
      <VerseData />
    </item>
    <item>
      <string>JDG 3:11</string>
      <VerseData />
    </item>
    <item>
      <string>JDG 3:30</string>
      <VerseData />
    </item>
    <item>
      <string>JDG 5:7</string>
      <VerseData>
        <Cluster>
          <Range Index="101" Length="6" />
          <Lexeme Id="Word:yaghal" GlossId="V+Gf9Tlk" />
        </Cluster>
      </VerseData>
    </item>
    <item>
      <string>JDG 5:8</string>
      <VerseData />
    </item>
    <item>
      <string>JDG 5:10</string>
      <VerseData>
        <Cluster>
          <Range Index="190" Length="2" />
          <Lexeme Id="Word:ɗe" GlossId="o5rlUckD" />
        </Cluster>
        <Cluster>
          <Range Index="186" Length="3" />
          <Lexeme Id="Word:naa" GlossId="8ajNz/Wt" />
        </Cluster>
      </VerseData>
    </item>
    <item>
      <string>JDG 5:11</string>
      <VerseData>
        <Cluster>
          <Range Index="119" Length="9" />
          <Lexeme Id="Word:koghorong" GlossId="ezfBShlK" />
        </Cluster>
      </VerseData>
    </item>
    <item>
      <string>JDG 5:12</string>
      <VerseData />
    </item>
    <item>
      <string>JDG 5:18</string>
      <VerseData />
    </item>
    <item>
      <string>JDG 5:22</string>
      <VerseData>
        <Cluster>
          <Range Index="46" Length="7" />
          <Lexeme Id="Word:gwaghat" GlossId="Ui+rZ7Co" />
        </Cluster>
        <Cluster>
          <Range Index="54" Length="7" />
          <Lexeme Id="Word:gwaghat" GlossId="Ui+rZ7Co" />
        </Cluster>
      </VerseData>
    </item>
    <item>
      <string>JDG 5:23</string>
      <VerseData>
        <Cluster>
          <Range Index="43" Length="5" />
          <Lexeme Id="Word:meroz" GlossId="R1tNE+xk" />
        </Cluster>
        <Cluster>
          <Range Index="188" Length="2" />
          <Lexeme Id="Word:kɨ" GlossId="XnpMLw0H" />
        </Cluster>
      </VerseData>
    </item>
    <item>
      <string>JDG 5:0</string>
      <VerseData />
    </item>
    <item>
      <string>JDG 5:24</string>
      <VerseData>
        <Cluster>
          <Range Index="8" Length="4" />
          <Lexeme Id="Word:mbut" GlossId="snMes28r" />
        </Cluster>
        <Cluster>
          <Range Index="28" Length="1" />
          <Lexeme Id="Word:a" GlossId="S0SOwU+a" />
        </Cluster>
        <Cluster>
          <Range Index="69" Length="4" />
          <Lexeme Id="Word:heba" GlossId="Ms8q/EMn" />
        </Cluster>
        <Cluster>
          <Range Index="78" Length="4" />
          <Lexeme Id="Word:keni" GlossId="/LDhUZeM" />
        </Cluster>
        <Cluster>
          <Range Index="105" Length="4" />
          <Lexeme Id="Word:tong" GlossId="Vk8g59Dj" />
        </Cluster>
        <Cluster>
          <Range Index="30" Length="5" />
          <Lexeme Id="Word:jayel" GlossId="f7dFH2Kp" />
        </Cluster>
      </VerseData>
    </item>
    <item>
      <string>JDG 5:25</string>
      <VerseData />
    </item>
    <item>
      <string>JDG 5:26</string>
      <VerseData>
        <Cluster>
          <Range Index="71" Length="6" />
          <Lexeme Id="Word:dughul" GlossId="0ORNM3a2" />
        </Cluster>
        <Cluster>
          <Range Index="96" Length="4" />
          <Lexeme Id="Word:wura" GlossId="W48GpVSa" />
        </Cluster>
        <Cluster>
          <Range Index="101" Length="6" />
          <Lexeme Id="Word:shwoor" GlossId="InVCgyq7" />
        </Cluster>
        <Cluster>
          <Range Index="126" Length="3" />
          <Lexeme Id="Word:kaa" GlossId="nN2ZvOdb" />
        </Cluster>
        <Cluster>
          <Range Index="150" Length="5" />
          <Lexeme Id="Word:kɨpak" GlossId="J7AWRlt3" />
        </Cluster>
      </VerseData>
    </item>
    <item>
      <string>JDG 5:27</string>
      <VerseData />
    </item>
    <item>
      <string>JDG 5:28</string>
      <VerseData />
    </item>
    <item>
      <string>JDG 5:29</string>
      <VerseData>
        <Cluster>
          <Range Index="40" Length="3" />
          <Lexeme Id="Word:lap" GlossId="njENGple" />
        </Cluster>
      </VerseData>
    </item>
    <item>
      <string>JDG 5:30</string>
      <VerseData>
        <Cluster>
          <Range Index="234" Length="4" />
          <Lexeme Id="Word:jwat" GlossId="nlq26eI2" />
        </Cluster>
        <Cluster>
          <Range Index="239" Length="2" />
          <Lexeme Id="Word:mo" GlossId="5kG/NbNs" />
        </Cluster>
        <Cluster>
          <Range Index="314" Length="1" />
          <Lexeme Id="Word:a" GlossId="S0SOwU+a" />
        </Cluster>
      </VerseData>
    </item>
    <item>
      <string>JDG 5:31</string>
      <VerseData>
        <Cluster>
          <Range Index="116" Length="2" />
          <Lexeme Id="Word:ni" GlossId="dAzF/grS" />
        </Cluster>
        <Cluster>
          <Range Index="129" Length="3" />
          <Lexeme Id="Word:kaa" GlossId="YHYnkgtc" />
        </Cluster>
      </VerseData>
    </item>
    <item>
      <string>JDG 5:19</string>
      <VerseData>
        <Cluster>
          <Range Index="157" Length="6" />
          <Lexeme Id="Word:katbuu" GlossId="dnN0HEDF" />
        </Cluster>
      </VerseData>
    </item>
    <item>
      <string>JDG 5:21</string>
      <VerseData />
    </item>
    <item>
      <string>JDG 5:20</string>
      <VerseData />
    </item>
    <item>
      <string>JDG 6:34</string>
      <VerseData />
    </item>
    <item>
      <string>JDG 6:36</string>
      <VerseData />
    </item>
    <item>
      <string>JDG 6:37</string>
      <VerseData />
    </item>
    <item>
      <string>JDG 6:38</string>
      <VerseData />
    </item>
    <item>
      <string>JDG 7:25</string>
      <VerseData />
    </item>
    <item>
      <string>JDG 7:14</string>
      <VerseData />
    </item>
    <item>
      <string>JDG 7:15</string>
      <VerseData />
    </item>
    <item>
      <string>JDG 7:16</string>
      <VerseData />
    </item>
    <item>
      <string>JDG 7:17</string>
      <VerseData />
    </item>
    <item>
      <string>JDG 7:18</string>
      <VerseData />
    </item>
    <item>
      <string>JDG 7:19</string>
      <VerseData />
    </item>
    <item>
      <string>JDG 7:20</string>
      <VerseData />
    </item>
    <item>
      <string>JDG 7:22</string>
      <VerseData />
    </item>
    <item>
      <string>JDG 7:23</string>
      <VerseData />
    </item>
    <item>
      <string>JDG 7:24</string>
      <VerseData>
        <Cluster>
          <Range Index="167" Length="5" />
          <Lexeme Id="Word:fwang" GlossId="qZIk8NGl" />
        </Cluster>
      </VerseData>
    </item>
    <item>
      <string>JDG 8:29</string>
      <VerseData />
    </item>
    <item>
      <string>JDG 8:30</string>
      <VerseData />
    </item>
    <item>
      <string>JDG 8:31</string>
      <VerseData />
    </item>
    <item>
      <string>JDG 8:32</string>
      <VerseData />
    </item>
    <item>
      <string>JDG 8:33</string>
      <VerseData />
    </item>
    <item>
      <string>JDG 8:34</string>
      <VerseData />
    </item>
    <item>
      <string>JDG 9:13</string>
      <VerseData />
    </item>
    <item>
      <string>JDG 9:29</string>
      <VerseData />
    </item>
    <item>
      <string>JDG 9:31</string>
      <VerseData />
    </item>
    <item>
      <string>JDG 9:30</string>
      <VerseData />
    </item>
    <item>
      <string>JDG 9:56</string>
      <VerseData />
    </item>
    <item>
      <string>JDG 9:57</string>
      <VerseData />
    </item>
    <item>
      <string>JDG 9:55</string>
      <VerseData />
    </item>
    <item>
      <string>JDG 10:2</string>
      <VerseData />
    </item>
    <item>
      <string>JDG 11:3</string>
      <VerseData />
    </item>
    <item>
      <string>JDG 11:9</string>
      <VerseData />
    </item>
    <item>
      <string>JDG 11:10</string>
      <VerseData>
        <Cluster>
          <Range Index="72" Length="8" />
          <Lexeme Id="Word:langting" GlossId="jZNBvnCZ" />
        </Cluster>
      </VerseData>
    </item>
    <item>
      <string>JDG 11:11</string>
      <VerseData />
    </item>
    <item>
      <string>JDG 11:12</string>
      <VerseData />
    </item>
    <item>
      <string>JDG 11:15</string>
      <VerseData />
    </item>
    <item>
      <string>JDG 11:16</string>
      <VerseData />
    </item>
    <item>
      <string>JDG 11:34</string>
      <VerseData />
    </item>
    <item>
      <string>JDG 11:35</string>
      <VerseData>
        <Cluster>
          <Range Index="117" Length="3" />
          <Lexeme Id="Word:jee" GlossId="WBs8hziC" />
        </Cluster>
      </VerseData>
    </item>
    <item>
      <string>JDG 11:36</string>
      <VerseData />
    </item>
    <item>
      <string>JDG 11:37</string>
      <VerseData />
    </item>
    <item>
      <string>JDG 11:38</string>
      <VerseData />
    </item>
    <item>
      <string>JDG 11:39</string>
      <VerseData />
    </item>
    <item>
      <string>JDG 11:40</string>
      <VerseData />
    </item>
    <item>
      <string>JDG 12:1</string>
      <VerseData />
    </item>
    <item>
      <string>JDG 13:1</string>
      <VerseData />
    </item>
    <item>
      <string>JDG 12:2</string>
      <VerseData>
        <Cluster>
          <Range Index="35" Length="2" />
          <Lexeme Id="Word:ji" GlossId="LD0tMrPY" />
        </Cluster>
      </VerseData>
    </item>
    <item>
      <string>JDG 12:3</string>
      <VerseData />
    </item>
    <item>
      <string>JDG 12:4</string>
      <VerseData />
    </item>
    <item>
      <string>JDG 12:5</string>
      <VerseData />
    </item>
    <item>
      <string>JDG 12:15</string>
      <VerseData />
    </item>
    <item>
      <string>JDG 13:2</string>
      <VerseData>
        <Cluster>
          <Range Index="5" Length="4" />
          <Lexeme Id="Word:gyet" GlossId="q4fwZ3tQ" />
        </Cluster>
        <Cluster>
          <Range Index="102" Length="4" />
          <Lexeme Id="Word:jeer" GlossId="vdhyUg1H" />
        </Cluster>
        <Cluster>
          <Range Index="100" Length="1" />
          <Lexeme Id="Word:a" GlossId="M6SrgFyE" />
        </Cluster>
      </VerseData>
    </item>
    <item>
      <string>JDG 14:3</string>
      <VerseData>
        <Cluster>
          <Range Index="144" Length="1" />
          <Lexeme Id="Word:a" GlossId="S0SOwU+a" />
        </Cluster>
        <Cluster>
          <Range Index="150" Length="4" />
          <Lexeme Id="Word:ting" GlossId="9TyZ1r5H" />
        </Cluster>
        <Cluster>
          <Range Index="184" Length="7" />
          <Lexeme Id="Word:njiraap" GlossId="vpmogivi" />
        </Cluster>
      </VerseData>
    </item>
    <item>
      <string>JDG 14:4</string>
      <VerseData />
    </item>
    <item>
      <string>JDG 14:16</string>
      <VerseData />
    </item>
    <item>
      <string>JDG 14:17</string>
      <VerseData />
    </item>
    <item>
      <string>JDG 14:19</string>
      <VerseData />
    </item>
    <item>
      <string>JDG 14:18</string>
      <VerseData />
    </item>
    <item>
      <string>JDG 14:20</string>
      <VerseData />
    </item>
    <item>
      <string>JDG 17:4</string>
      <VerseData />
    </item>
    <item>
      <string>JDG 17:6</string>
      <VerseData />
    </item>
    <item>
      <string>JDG 17:7</string>
      <VerseData />
    </item>
    <item>
      <string>JDG 17:10</string>
      <VerseData />
    </item>
    <item>
      <string>JDG 17:13</string>
      <VerseData />
    </item>
    <item>
      <string>JDG 18:22</string>
      <VerseData />
    </item>
    <item>
      <string>JDG 18:25</string>
      <VerseData />
    </item>
    <item>
      <string>JDG 18:27</string>
      <VerseData />
    </item>
    <item>
      <string>JDG 18:28</string>
      <VerseData />
    </item>
    <item>
      <string>JDG 18:29</string>
      <VerseData />
    </item>
    <item>
      <string>JDG 18:30</string>
      <VerseData>
        <Cluster>
          <Range Index="150" Length="5" />
          <Lexeme Id="Word:seyil" GlossId="3AsRKSyi" />
        </Cluster>
      </VerseData>
    </item>
    <item>
      <string>JDG 21:25</string>
      <VerseData />
    </item>
    <item>
      <string>JDG 19:2</string>
      <VerseData />
    </item>
    <item>
      <string>JDG 19:3</string>
      <VerseData />
    </item>
    <item>
      <string>JDG 19:19</string>
      <VerseData />
    </item>
    <item>
      <string>JDG 19:30</string>
      <VerseData />
    </item>
    <item>
      <string>JDG 17:3</string>
      <VerseData />
    </item>
    <item>
      <string>JDG 17:8</string>
      <VerseData />
    </item>
    <item>
      <string>JDG 17:9</string>
      <VerseData />
    </item>
    <item>
      <string>JDG 17:11</string>
      <VerseData />
    </item>
    <item>
      <string>JDG 17:12</string>
      <VerseData />
    </item>
    <item>
      <string>JDG 18:10</string>
      <VerseData />
    </item>
    <item>
      <string>JDG 18:20</string>
      <VerseData />
    </item>
    <item>
      <string>JDG 18:21</string>
      <VerseData />
    </item>
    <item>
      <string>JDG 18:23</string>
      <VerseData />
    </item>
    <item>
      <string>JDG 18:24</string>
      <VerseData />
    </item>
    <item>
      <string>JDG 19:4</string>
      <VerseData />
    </item>
    <item>
      <string>JDG 20:42</string>
      <VerseData />
    </item>
    <item>
      <string>JDG 20:43</string>
      <VerseData />
    </item>
    <item>
      <string>JDG 20:44</string>
      <VerseData />
    </item>
    <item>
      <string>JDG 20:45</string>
      <VerseData />
    </item>
    <item>
      <string>JDG 20:47</string>
      <VerseData />
    </item>
    <item>
      <string>JDG 21:19</string>
      <VerseData />
    </item>
    <item>
      <string>JDG 20:46</string>
      <VerseData />
    </item>
  </Verses>
</InterlinearData>