﻿<?xml version="1.0" encoding="utf-8"?>
<InterlinearData ScrTextName="zz_SUR" GlossLanguage="English" BookId="2CH">
  <Verses>
    <item>
      <string>2CH 33:0</string>
      <VerseData />
    </item>
    <item>
      <string>2CH 33:10</string>
      <VerseData>
        <Cluster>
          <Range Index="121" Length="8" />
          <Lexeme Id="Prefix:n" />
          <Lexeme Id="Stem:nyaghas" GlossId="cRlWDk6E" />
        </Cluster>
      </VerseData>
    </item>
    <item>
      <string>2CH 36:13</string>
      <VerseData>
        <Cluster>
          <Range Index="225" Length="7" />
          <Lexeme Id="Word:nyaghas" GlossId="sAloMUO6" />
        </Cluster>
        <Cluster>
          <Range Index="225" Length="7" />
          <Lexeme Id="Stem:nyaghas" GlossId="cRlWDk6E" />
        </Cluster>
      </VerseData>
    </item>
    <item>
      <string>2CH 20:14</string>
      <VerseData>
        <Cluster>
          <Range Index="222" Length="5" />
          <Lexeme Id="Stem:ating" GlossId="1nz0aa6L" />
        </Cluster>
        <Cluster>
          <Range Index="222" Length="5" />
          <Lexeme Id="Word:ating" GlossId="bIUCpgSW" />
        </Cluster>
      </VerseData>
    </item>
    <item>
      <string>2CH 32:21</string>
      <VerseData>
        <Cluster>
          <Range Index="189" Length="2" />
          <Lexeme Id="Word:kɨ" GlossId="XnpMLw0H" />
        </Cluster>
      </VerseData>
    </item>
    <item>
      <string>2CH 24:23</string>
      <VerseData>
        <Cluster>
          <Range Index="35" Length="3" />
          <Lexeme Id="Word:ndi" GlossId="gU3QZmht" />
        </Cluster>
      </VerseData>
    </item>
  </Verses>
</InterlinearData>