﻿<?xml version="1.0" encoding="utf-8"?>
<InterlinearData ScrTextName="zz_SUR" GlossLanguage="en" BookId="MIC">
  <Verses>
    <item>
      <string>MIC 1:0</string>
      <VerseData />
    </item>
    <item>
      <string>MIC 1:10</string>
      <VerseData>
        <Cluster>
          <Range Index="34" Length="4" />
          <Lexeme Id="Stem:n" GlossId="zc6PvyBv" />
          <Lexeme Id="Stem:gat" GlossId="hofktTxK" />
        </Cluster>
        <Cluster>
          <Range Index="34" Length="4" />
          <Lexeme Id="Word:ngat" GlossId="Y4eWErCp" />
        </Cluster>
        <Cluster>
          <Range Index="39" Length="2" />
          <Lexeme Id="Word:mo" GlossId="9D8Tkpvv" />
        </Cluster>
        <Cluster>
          <Range Index="30" Length="3" />
          <Lexeme Id="Word:yil" GlossId="QFmZs0s3" />
        </Cluster>
        <Cluster>
          <Range Index="66" Length="3" />
          <Lexeme Id="Word:kas" GlossId="Nf9tdDNt" />
        </Cluster>
      </VerseData>
    </item>
    <item>
      <string>MIC 5:12</string>
      <VerseData />
    </item>
    <item>
      <string>MIC 3:6</string>
      <VerseData />
    </item>
    <item>
      <string>MIC 3:5</string>
      <VerseData />
    </item>
    <item>
      <string>MIC 3:7</string>
      <VerseData>
        <Cluster>
          <Range Index="69" Length="3" />
          <Lexeme Id="Stem:pee" GlossId="dhakBNcw" />
        </Cluster>
        <Cluster>
          <Range Index="69" Length="3" />
          <Lexeme Id="Word:pee" GlossId="eYhZQPdB" />
        </Cluster>
      </VerseData>
    </item>
  </Verses>
</InterlinearData>