﻿<?xml version="1.0" encoding="utf-8"?>
<InterlinearData ScrTextName="zz_SUR" GlossLanguage="English" BookId="PRO">
  <Verses>
    <item>
      <string>PRO 27:0</string>
      <VerseData />
    </item>
    <item>
      <string>PRO 27:15</string>
      <VerseData>
        <Cluster>
          <Range Index="61" Length="8" />
          <Lexeme Id="Phrase:cii kyes" GlossId="2rKxL+ni" />
        </Cluster>
      </VerseData>
    </item>
    <item>
      <string>PRO 5:0</string>
      <VerseData />
    </item>
    <item>
      <string>PRO 5:20</string>
      <VerseData>
        <Cluster>
          <Range Index="54" Length="4" />
          <Lexeme Id="Word:ngaa" GlossId="t2MEBAkW" />
        </Cluster>
        <Cluster>
          <Range Index="46" Length="7" />
          <Lexeme Id="Phrase:mee ngo" GlossId="Y/ohCllZ" />
        </Cluster>
        <Cluster>
          <Range Index="42" Length="3" />
          <Lexeme Id="Word:kɨ̀" GlossId="fns9mpQl" />
        </Cluster>
        <Cluster>
          <Range Index="37" Length="4" />
          <Lexeme Id="Word:mmat" GlossId="E1TPo6Fh" />
        </Cluster>
      </VerseData>
    </item>
    <item>
      <string>PRO 7:21</string>
      <VerseData />
    </item>
    <item>
      <string>PRO 1:1</string>
      <VerseData>
        <Cluster>
          <Range Index="5" Length="5" />
          <Lexeme Id="Word:ɗiisi" GlossId="Qo16oV7v" />
        </Cluster>
        <Cluster>
          <Range Index="16" Length="5" />
          <Lexeme Id="Word:sumpo" GlossId="wNMJJxc5" />
        </Cluster>
        <Cluster>
          <Range Index="26" Length="7" />
          <Lexeme Id="Word:solomon" GlossId="zOFt1xUj" />
        </Cluster>
      </VerseData>
    </item>
    <item>
      <string>PRO 17:9</string>
      <VerseData />
    </item>
    <item>
      <string>PRO 17:10</string>
      <VerseData />
    </item>
    <item>
      <string>PRO 21:26</string>
      <VerseData />
    </item>
    <item>
      <string>PRO 24:22</string>
      <VerseData />
    </item>
    <item>
      <string>PRO 24:30</string>
      <VerseData />
    </item>
    <item>
      <string>PRO 6:10</string>
      <VerseData>
        <Cluster>
          <Range Index="8" Length="3" />
          <Lexeme Id="Word:ɗee" GlossId="dOs8nZIe" />
        </Cluster>
        <Cluster>
          <Range Index="25" Length="3" />
          <Lexeme Id="Word:lee" GlossId="wK1PS+Sb" />
        </Cluster>
        <Cluster>
          <Range Index="42" Length="3" />
          <Lexeme Id="Word:lee" GlossId="wK1PS+Sb" />
        </Cluster>
        <Cluster>
          <Range Index="71" Length="3" />
          <Lexeme Id="Word:lap" GlossId="oobL/Gz0" />
        </Cluster>
        <Cluster>
          <Range Index="79" Length="4" />
          <Lexeme Id="Word:nòok" GlossId="rFBTSfK3" />
        </Cluster>
      </VerseData>
    </item>
    <item>
      <string>PRO 24:33</string>
      <VerseData />
    </item>
    <item>
      <string>PRO 20:11</string>
      <VerseData>
        <Cluster>
          <Range Index="73" Length="7" />
          <Lexeme Id="Phrase:ko kyet" GlossId="rfK0qxN7" />
        </Cluster>
      </VerseData>
    </item>
    <item>
      <string>PRO 6:9</string>
      <VerseData />
    </item>
    <item>
      <string>PRO 26:5</string>
      <VerseData>
        <Cluster>
          <Range Index="7" Length="8" />
          <Lexeme Id="Stem:pɨring" />
          <Lexeme Id="Stem:po" />
        </Cluster>
        <Cluster>
          <Range Index="7" Length="8" />
          <Lexeme Id="Word:pɨringpo" GlossId="g/SZGF9G" />
        </Cluster>
      </VerseData>
    </item>
    <item>
      <string>PRO 20:4</string>
      <VerseData>
        <Cluster>
          <Range Index="23" Length="3" />
          <Lexeme Id="Word:sak" GlossId="cX27UWwI" />
        </Cluster>
        <Cluster>
          <Range Index="37" Length="5" />
          <Lexeme Id="Word:ndang" GlossId="j2xyopym" />
        </Cluster>
        <Cluster>
          <Range Index="43" Length="4" />
          <Lexeme Id="Word:nyee" GlossId="PuRwB4D7" />
        </Cluster>
        <Cluster>
          <Range Index="87" Length="4" />
          <Lexeme Id="Word:waap" GlossId="3SfUF+Zt" />
        </Cluster>
        <Cluster>
          <Range Index="87" Length="4" />
          <Lexeme Id="Stem:waap" GlossId="vz3sB16U" />
        </Cluster>
      </VerseData>
    </item>
    <item>
      <string>PRO 10:1</string>
      <VerseData />
    </item>
    <item>
      <string>PRO 31:1</string>
      <VerseData />
    </item>
    <item>
      <string>PRO 1:0</string>
      <VerseData />
    </item>
    <item>
      <string>PRO 1:2</string>
      <VerseData>
        <Cluster>
          <Range Index="39" Length="4" />
          <Lexeme Id="Word:seen" GlossId="gnyfdPoy" />
        </Cluster>
      </VerseData>
    </item>
  </Verses>
</InterlinearData>