﻿<?xml version="1.0" encoding="utf-8"?>
<InterlinearData ScrTextName="zz_SUR" GlossLanguage="English" BookId="ECC">
  <Verses>
    <item>
      <string>ECC 2:18</string>
      <VerseData>
        <Cluster>
          <Range Index="88" Length="4" />
          <Lexeme Id="Stem:n" GlossId="FHs0/mas" />
          <Lexeme Id="Stem:yit" GlossId="ZzJgZsw7" />
        </Cluster>
        <Cluster>
          <Range Index="88" Length="4" />
          <Lexeme Id="Word:nyit" GlossId="XNk/e42+" />
        </Cluster>
      </VerseData>
    </item>
    <item>
      <string>ECC 3:11</string>
      <VerseData />
    </item>
  </Verses>
</InterlinearData>