﻿<?xml version="1.0" encoding="utf-8"?>
<InterlinearData ScrTextName="zz_SUR" GlossLanguage="English" BookId="COL">
  <Verses>
    <item>
      <string>COL 1:18</string>
      <VerseData>
        <Cluster>
          <Range Index="147" Length="5" />
          <Lexeme Id="Word:nshee" GlossId="OvIQxj87" />
        </Cluster>
        <Cluster>
          <Range Index="169" Length="4" />
          <Lexeme Id="Word:shee" GlossId="zHkvaGns" />
        </Cluster>
      </VerseData>
    </item>
  </Verses>
</InterlinearData>