﻿<?xml version="1.0" encoding="utf-8"?>
<InterlinearData ScrTextName="zz_SUR" GlossLanguage="English" BookId="LUK">
  <Verses>
    <item>
      <string>LUK 1:50</string>
      <VerseData />
    </item>
    <item>
      <string>LUK 8:23</string>
      <VerseData />
    </item>
    <item>
      <string>LUK 8:29</string>
      <VerseData />
    </item>
    <item>
      <string>LUK 8:49</string>
      <VerseData>
        <Cluster>
          <Range Index="46" Length="6" />
          <Lexeme Id="Word:ngulop" GlossId="6aD2fdQ8" />
        </Cluster>
      </VerseData>
    </item>
    <item>
      <string>LUK 9:46</string>
      <VerseData />
    </item>
    <item>
      <string>LUK 9:47</string>
      <VerseData />
    </item>
    <item>
      <string>LUK 10:30</string>
      <VerseData />
    </item>
    <item>
      <string>LUK 11:51</string>
      <VerseData />
    </item>
    <item>
      <string>LUK 12:54</string>
      <VerseData />
    </item>
    <item>
      <string>LUK 22:18</string>
      <VerseData />
    </item>
    <item>
      <string>LUK 22:24</string>
      <VerseData />
    </item>
    <item>
      <string>LUK 22:30</string>
      <VerseData />
    </item>
    <item>
      <string>LUK 23:19</string>
      <VerseData />
    </item>
    <item>
      <string>LUK 24:13</string>
      <VerseData />
    </item>
  </Verses>
</InterlinearData>