﻿<?xml version="1.0" encoding="utf-8"?>
<InterlinearData ScrTextName="zz_SUR" GlossLanguage="English" BookId="MAL">
  <Verses>
    <item>
      <string>MAL 1:1</string>
      <VerseData />
    </item>
    <item>
      <string>MAL 1:3</string>
      <VerseData>
        <Cluster>
          <Range Index="122" Length="4" />
          <Lexeme Id="Word:ngau" GlossId="GOJaOQy9" />
        </Cluster>
      </VerseData>
    </item>
    <item>
      <string>MAL 1:0</string>
      <VerseData />
    </item>
  </Verses>
</InterlinearData>