﻿<?xml version="1.0" encoding="utf-8"?>
<InterlinearData ScrTextName="zz_SUR" GlossLanguage="en" BookId="EPH">
  <Verses>
    <item>
      <string>EPH 1:1</string>
      <VerseData />
    </item>
    <item>
      <string>EPH 1:17</string>
      <VerseData />
    </item>
    <item>
      <string>EPH 6:17</string>
      <VerseData Hash="7F24E5E0">
        <Cluster>
          <Range Index="6" Length="2" />
          <Lexeme Id="Word:wu" GlossId="nyWbdlOP" />
        </Cluster>
        <Cluster>
          <Range Index="9" Length="4" />
          <Lexeme Id="Word:mang" GlossId="+FUjS15A" />
        </Cluster>
        <Cluster>
          <Range Index="14" Length="3" />
          <Lexeme Id="Word:ɓam" GlossId="4fMUJEFT" />
        </Cluster>
        <Cluster>
          <Range Index="18" Length="2" />
          <Lexeme Id="Word:ɗi" GlossId="CrRQRrrR" />
        </Cluster>
        <Cluster>
          <Range Index="21" Length="4" />
          <Lexeme Id="Word:naan" GlossId="JeKFwFkt" />
        </Cluster>
        <Cluster>
          <Range Index="26" Length="4" />
          <Lexeme Id="Word:wuri" GlossId="sY+SZC6q" />
        </Cluster>
        <Cluster>
          <Range Index="31" Length="3" />
          <Lexeme Id="Word:cìn" GlossId="3UuDuXxK" />
        </Cluster>
        <Cluster>
          <Range Index="35" Length="4" />
          <Lexeme Id="Word:nwun" GlossId="fjE+fjE+" />
        </Cluster>
        <Cluster>
          <Range Index="41" Length="3" />
          <Lexeme Id="Word:kaa" GlossId="EmimLxMj" />
        </Cluster>
        <Cluster>
          <Range Index="45" Length="7" />
          <Lexeme Id="Word:mbiikáa" GlossId="bNx5W5Wn" />
        </Cluster>
        <Cluster>
          <Range Index="53" Length="7" />
          <Lexeme Id="Word:shaghal" GlossId="rfJdTz8I" />
        </Cluster>
        <Cluster>
          <Range Index="61" Length="2" />
          <Lexeme Id="Word:ɗi" GlossId="CrRQRrrR" />
        </Cluster>
        <Cluster>
          <Range Index="64" Length="7" />
          <Lexeme Id="Word:nyemlek" GlossId="rfJdTJdI" />
        </Cluster>
        <Cluster>
          <Range Index="72" Length="3" />
          <Lexeme Id="Word:moo" GlossId="+qYsOeg1" />
        </Cluster>
        <Cluster>
          <Range Index="76" Length="3" />
          <Lexeme Id="Word:lop" GlossId="UYHJtYl0" />
        </Cluster>
        <Cluster>
          <Range Index="80" Length="6" />
          <Lexeme Id="Word:mpeeku" GlossId="hyRAhyRA" />
        </Cluster>
        <Cluster>
          <Range Index="87" Length="2" />
          <Lexeme Id="Word:ni" GlossId="DKXEBqTO" />
        </Cluster>
        <Cluster>
          <Range Index="90" Length="5" />
          <Lexeme Id="Word:fwang" GlossId="cVOj3q2z" />
        </Cluster>
        <Cluster>
          <Range Index="96" Length="3" />
          <Lexeme Id="Word:káa" GlossId="NonxxoD+" />
        </Cluster>
        <Cluster>
          <Range Index="100" Length="2" />
          <Lexeme Id="Word:ɗi" GlossId="CrRQRrrR" />
        </Cluster>
        <Cluster>
          <Range Index="103" Length="3" />
          <Lexeme Id="Word:mmo" GlossId="MSHrEkRN" />
        </Cluster>
        <Cluster>
          <Range Index="107" Length="2" />
          <Lexeme Id="Word:si" GlossId="FHnjWHnj" />
        </Cluster>
        <Cluster>
          <Range Index="111" Length="2" />
          <Lexeme Id="Word:kɨ" GlossId="WzORqb7y" />
        </Cluster>
        <Cluster>
          <Range Index="114" Length="2" />
          <Lexeme Id="Word:wu" GlossId="nyWbdlOP" />
        </Cluster>
        <Cluster>
          <Range Index="117" Length="4" />
          <Lexeme Id="Word:ɗyel" GlossId="93TG93TG" />
        </Cluster>
        <Cluster>
          <Range Index="122" Length="2" />
          <Lexeme Id="Word:po" GlossId="8M8q08ZC" />
        </Cluster>
        <Cluster>
          <Range Index="125" Length="3" />
          <Lexeme Id="Word:kɨ̀" GlossId="WzORqb7y" />
        </Cluster>
        <Cluster>
          <Range Index="129" Length="4" />
          <Lexeme Id="Word:naan" GlossId="JeKFwFkt" />
        </Cluster>
        <Cluster>
          <Range Index="134" Length="2" />
          <Lexeme Id="Word:ni" GlossId="DKXEBqTO" />
        </Cluster>
        <Cluster>
          <Range Index="138" Length="3" />
          <Lexeme Id="Word:kaa" GlossId="EmimLxMj" />
        </Cluster>
        <Cluster>
          <Range Index="142" Length="4" />
          <Lexeme Id="Word:kwai" GlossId="M9luUrVQ" />
        </Cluster>
        <Cluster>
          <Range Index="147" Length="3" />
          <Lexeme Id="Word:ɗii" GlossId="UrVuUrVQ" />
        </Cluster>
        <Cluster>
          <Range Index="151" Length="4" />
          <Lexeme Id="Word:riin" GlossId="/KtzZwXF" />
        </Cluster>
        <Cluster>
          <Range Index="156" Length="7" />
          <Lexeme Id="Word:ɗiiɓang" GlossId="GCjXTCeX" />
        </Cluster>
        <Cluster>
          <Range Index="164" Length="4" />
          <Lexeme Id="Word:wuri" GlossId="sY+SZC6q" />
        </Cluster>
        <Cluster>
          <Range Index="169" Length="3" />
          <Lexeme Id="Word:cín" GlossId="GfvdMqny" />
        </Cluster>
        <Cluster>
          <Range Index="173" Length="4" />
          <Lexeme Id="Word:nwun" GlossId="fjE+fjE+" />
        </Cluster>
        <Cluster>
          <Range Index="178" Length="2" />
          <Lexeme Id="Word:si" GlossId="FHnjWHnj" />
        </Cluster>
      </VerseData>
    </item>
    <item>
      <string>EPH 6:18</string>
      <VerseData />
    </item>
    <item>
      <string>EPH 2:10</string>
      <VerseData />
    </item>
    <item>
      <string>EPH 2:20</string>
      <VerseData>
        <Cluster>
          <Range Index="31" Length="6" />
          <Lexeme Id="Word:jeplop" GlossId="sTJ9ouYZ" />
        </Cluster>
        <Cluster>
          <Range Index="31" Length="6" />
          <Lexeme Id="Stem:jeplop" GlossId="x78+dfDI" />
        </Cluster>
        <Cluster>
          <Range Index="42" Length="4" />
          <Lexeme Id="Word:jesu" GlossId="mdCR7ZIH" />
        </Cluster>
        <Cluster>
          <Range Index="98" Length="6" />
          <Lexeme Id="Word:kristi" GlossId="cDQXoZ/y" />
        </Cluster>
        <Cluster>
          <Range Index="98" Length="6" />
          <Lexeme Id="Stem:kristi" GlossId="asP5Go6Q" />
        </Cluster>
      </VerseData>
    </item>
  </Verses>
</InterlinearData>