﻿<?xml version="1.0" encoding="utf-8"?>
<InterlinearData ScrTextName="zz_SUR" GlossLanguage="English" BookId="JON">
  <Verses>
    <item>
      <string>JON 1:0</string>
      <VerseData />
    </item>
    <item>
      <string>JON 1:3</string>
      <VerseData />
    </item>
    <item>
      <string>JON 1:4</string>
      <VerseData>
        <Cluster>
          <Range Index="132" Length="7" />
          <Lexeme Id="Prefix:m" />
          <Lexeme Id="Prefix:pɨ" GlossId="5UHEMgrG" />
          <Lexeme Id="Stem:pyan" />
        </Cluster>
        <Cluster>
          <Range Index="132" Length="7" />
          <Lexeme Id="Word:mpɨpyan" GlossId="35yJ6PvA" />
        </Cluster>
      </VerseData>
    </item>
  </Verses>
</InterlinearData>