﻿<?xml version="1.0" encoding="utf-8"?>
<InterlinearData ScrTextName="zz_SUR" GlossLanguage="English" BookId="DEU">
  <Verses>
    <item>
      <string>DEU 23:0</string>
      <VerseData />
    </item>
    <item>
      <string>DEU 23:16</string>
      <VerseData>
        <Cluster>
          <Range Index="22" Length="4" />
          <Lexeme Id="Stem:tong" GlossId="EHbU+CJn" />
        </Cluster>
        <Cluster>
          <Range Index="22" Length="4" />
          <Lexeme Id="Word:tong" GlossId="Vk8g59Dj" />
        </Cluster>
        <Cluster>
          <Range Index="30" Length="8" />
          <Lexeme Id="Phrase:ashak kɨ" GlossId="GaqpQrIP" />
        </Cluster>
        <Cluster>
          <Range Index="39" Length="3" />
          <Lexeme Id="Word:wun" GlossId="v4e84CGb" />
        </Cluster>
        <Cluster>
          <Range Index="39" Length="3" />
          <Lexeme Id="Stem:wun" GlossId="1aj3ugpT" />
        </Cluster>
        <Cluster>
          <Range Index="30" Length="5" />
          <Lexeme Id="Word:ashak" GlossId="+fr0QgiM" />
        </Cluster>
        <Cluster>
          <Range Index="36" Length="2" />
          <Lexeme Id="Word:kɨ" GlossId="XnpMLw0H" />
        </Cluster>
        <Cluster>
          <Range Index="30" Length="5" />
          <Lexeme Id="Stem:ashak" GlossId="+fr0QgiM" />
        </Cluster>
        <Cluster>
          <Range Index="85" Length="4" />
          <Lexeme Id="Word:taji" GlossId="pQ2dqCkh" />
        </Cluster>
        <Cluster>
          <Range Index="90" Length="2" />
          <Lexeme Id="Word:wu" GlossId="nyWbdlOP" />
        </Cluster>
        <Cluster>
          <Range Index="93" Length="7" />
          <Lexeme Id="Word:daampee" GlossId="/wSk8Piu" />
        </Cluster>
        <Cluster>
          <Range Index="93" Length="7" />
          <Lexeme Id="Stem:daampee" GlossId="xt/Kya/m" />
        </Cluster>
      </VerseData>
    </item>
    <item>
      <string>DEU 23:17</string>
      <VerseData />
    </item>
    <item>
      <string>DEU 23:15</string>
      <VerseData />
    </item>
    <item>
      <string>DEU 32:33</string>
      <VerseData>
        <Cluster>
          <Range Index="9" Length="4" />
          <Lexeme Id="Word:anab" GlossId="SmNeyWQK" />
        </Cluster>
        <Cluster>
          <Range Index="6" Length="7" />
          <Lexeme Id="Phrase:am anab" GlossId="MNSaLLLY" />
        </Cluster>
        <Cluster>
          <Range Index="31" Length="4" />
          <Lexeme Id="Stem:nwoo" GlossId="RDh5pPMl" />
        </Cluster>
        <Cluster>
          <Range Index="31" Length="4" />
          <Lexeme Id="Word:nwoo" GlossId="ko63u46I" />
        </Cluster>
        <Cluster>
          <Range Index="57" Length="4" />
          <Lexeme Id="Word:pang" GlossId="y8UbzQ4J" />
        </Cluster>
        <Cluster>
          <Range Index="50" Length="3" />
          <Lexeme Id="Stem:yen" GlossId="e4hxKiqz" />
        </Cluster>
        <Cluster>
          <Range Index="50" Length="3" />
          <Lexeme Id="Word:yen" GlossId="mZ8g7nFT" />
        </Cluster>
        <Cluster>
          <Range Index="54" Length="2" />
          <Lexeme Id="Word:kɨ" GlossId="gYGthKa8" />
        </Cluster>
        <Cluster>
          <Range Index="45" Length="2" />
          <Lexeme Id="Word:ni" GlossId="dAzF/grS" />
        </Cluster>
        <Cluster>
          <Range Index="48" Length="1" />
          <Lexeme Id="Word:a" GlossId="WT42eOvt" />
        </Cluster>
        <Cluster>
          <Range Index="24" Length="3" />
          <Lexeme Id="Stem:yen" GlossId="e4hxKiqz" />
        </Cluster>
        <Cluster>
          <Range Index="24" Length="3" />
          <Lexeme Id="Word:yen" GlossId="mZ8g7nFT" />
        </Cluster>
        <Cluster>
          <Range Index="28" Length="2" />
          <Lexeme Id="Word:kɨ" GlossId="gYGthKa8" />
        </Cluster>
        <Cluster>
          <Range Index="6" Length="2" />
          <Lexeme Id="Word:am" GlossId="9N1GstFB" />
        </Cluster>
        <Cluster>
          <Range Index="6" Length="2" />
          <Lexeme Id="Stem:am" GlossId="E4RhSn0z" />
        </Cluster>
        <Cluster>
          <Range Index="18" Length="2" />
          <Lexeme Id="Word:mo" GlossId="Gbpyilzw" />
        </Cluster>
        <Cluster>
          <Range Index="18" Length="2" />
          <Lexeme Id="Stem:mo" GlossId="Od73SPlt" />
        </Cluster>
        <Cluster>
          <Range Index="21" Length="2" />
          <Lexeme Id="Stem:ni" GlossId="chk1yC/e" />
        </Cluster>
        <Cluster>
          <Range Index="21" Length="2" />
          <Lexeme Id="Word:ni" GlossId="dAzF/grS" />
        </Cluster>
      </VerseData>
    </item>
    <item>
      <string>DEU 18:6</string>
      <VerseData />
    </item>
    <item>
      <string>DEU 28:64</string>
      <VerseData />
    </item>
    <item>
      <string>DEU 34:1</string>
      <VerseData>
        <Cluster>
          <Range Index="39" Length="2" />
          <Lexeme Id="Word:kɨ" GlossId="gYGthKa8" />
        </Cluster>
      </VerseData>
    </item>
    <item>
      <string>DEU 1:2</string>
      <VerseData />
    </item>
    <item>
      <string>DEU 2:14</string>
      <VerseData />
    </item>
    <item>
      <string>DEU 2:36</string>
      <VerseData />
    </item>
    <item>
      <string>DEU 3:16</string>
      <VerseData />
    </item>
    <item>
      <string>DEU 4:32</string>
      <VerseData>
        <Cluster>
          <Range Index="66" Length="7" />
          <Lexeme Id="Stem:akuɗang" />
        </Cluster>
        <Cluster>
          <Range Index="110" Length="4" />
          <Lexeme Id="Stem:nang" GlossId="FRWwykN4" />
        </Cluster>
        <Cluster>
          <Range Index="110" Length="4" />
          <Lexeme Id="Word:nang" GlossId="13oKeT5L" />
        </Cluster>
        <Cluster>
          <Range Index="136" Length="6" />
          <Lexeme Id="Prefix:n" GlossId="oYKLxMWO" />
          <Lexeme Id="Stem:kwang" GlossId="pVlZeF4N" />
        </Cluster>
        <Cluster>
          <Range Index="136" Length="6" />
          <Lexeme Id="Word:nkwang" GlossId="chqrqX+2" />
        </Cluster>
      </VerseData>
    </item>
    <item>
      <string>DEU 6:7</string>
      <VerseData />
    </item>
    <item>
      <string>DEU 11:12</string>
      <VerseData />
    </item>
    <item>
      <string>DEU 28:35</string>
      <VerseData />
    </item>
    <item>
      <string>DEU 28:68</string>
      <VerseData />
    </item>
    <item>
      <string>DEU 1:1</string>
      <VerseData />
    </item>
    <item>
      <string>DEU 23:18</string>
      <VerseData>
        <Cluster>
          <Range Index="81" Length="4" />
          <Lexeme Id="Word:ngaa" GlossId="t2MEBAkW" />
        </Cluster>
        <Cluster>
          <Range Index="51" Length="4" />
          <Lexeme Id="Word:ngaa" GlossId="t2MEBAkW" />
        </Cluster>
      </VerseData>
    </item>
    <item>
      <string>DEU 1:3</string>
      <VerseData />
    </item>
    <item>
      <string>DEU 1:4</string>
      <VerseData />
    </item>
    <item>
      <string>DEU 1:5</string>
      <VerseData />
    </item>
    <item>
      <string>DEU 1:6</string>
      <VerseData>
        <Cluster>
          <Range Index="37" Length="5" />
          <Lexeme Id="Word:kaaɗi" GlossId="d7QTPzKj" />
        </Cluster>
      </VerseData>
    </item>
    <item>
      <string>DEU 1:7</string>
      <VerseData />
    </item>
    <item>
      <string>DEU 1:8</string>
      <VerseData />
    </item>
    <item>
      <string>DEU 1:10</string>
      <VerseData>
        <Cluster>
          <Range Index="58" Length="3" />
          <Lexeme Id="Word:kaa" GlossId="0" />
        </Cluster>
        <Cluster>
          <Range Index="70" Length="5" />
          <Lexeme Id="Word:aɗeng" GlossId="nAHLtrh8" />
        </Cluster>
      </VerseData>
    </item>
    <item>
      <string>DEU 1:9</string>
      <VerseData />
    </item>
    <item>
      <string>DEU 1:11</string>
      <VerseData />
    </item>
    <item>
      <string>DEU 1:12</string>
      <VerseData />
    </item>
    <item>
      <string>DEU 1:13</string>
      <VerseData>
        <Cluster>
          <Range Index="54" Length="4" />
          <Lexeme Id="Word:ɗyel" GlossId="ogv3tdJZ" />
        </Cluster>
        <Cluster>
          <Range Index="37" Length="4" />
          <Lexeme Id="Word:seen" GlossId="+DI1B3JO" />
        </Cluster>
      </VerseData>
    </item>
    <item>
      <string>DEU 1:14</string>
      <VerseData>
        <Cluster>
          <Range Index="55" Length="2" />
          <Lexeme Id="Word:mu" GlossId="bq6JDcAZ" />
        </Cluster>
      </VerseData>
    </item>
    <item>
      <string>DEU 1:15</string>
      <VerseData>
        <Cluster>
          <Range Index="115" Length="3" />
          <Lexeme Id="Word:ɗee" GlossId="0" />
        </Cluster>
        <Cluster>
          <Range Index="160" Length="4" />
          <Lexeme Id="Word:ɗari" GlossId="ZTAcmpcE" />
        </Cluster>
        <Cluster>
          <Range Index="174" Length="8" />
          <Lexeme Id="Word:laarpaat" GlossId="J0wyQIc4" />
        </Cluster>
        <Cluster>
          <Range Index="196" Length="9" />
          <Lexeme Id="Word:kaghapaat" GlossId="e8iEgGii" />
        </Cluster>
      </VerseData>
    </item>
    <item>
      <string>DEU 1:16</string>
      <VerseData />
    </item>
    <item>
      <string>DEU 1:17</string>
      <VerseData>
        <Cluster>
          <Range Index="139" Length="5" />
          <Lexeme Id="Word:ɗyeel" GlossId="s1AP8WBp" />
        </Cluster>
        <Cluster>
          <Range Index="173" Length="5" />
          <Lexeme Id="Word:ɗyeel" GlossId="s1AP8WBp" />
        </Cluster>
        <Cluster>
          <Range Index="185" Length="3" />
          <Lexeme Id="Word:met" GlossId="Ucd8zFXN" />
        </Cluster>
      </VerseData>
    </item>
    <item>
      <string>DEU 1:0</string>
      <VerseData />
    </item>
    <item>
      <string>DEU 1:18</string>
      <VerseData />
    </item>
    <item>
      <string>DEU 1:19</string>
      <VerseData />
    </item>
    <item>
      <string>DEU 1:20</string>
      <VerseData>
        <Cluster>
          <Range Index="95" Length="4" />
          <Lexeme Id="Word:dung" GlossId="n9vDM3z4" />
        </Cluster>
      </VerseData>
    </item>
    <item>
      <string>DEU 1:21</string>
      <VerseData />
    </item>
    <item>
      <string>DEU 1:22</string>
      <VerseData />
    </item>
    <item>
      <string>DEU 1:23</string>
      <VerseData />
    </item>
    <item>
      <string>DEU 1:24</string>
      <VerseData />
    </item>
    <item>
      <string>DEU 1:25</string>
      <VerseData />
    </item>
    <item>
      <string>DEU 1:26</string>
      <VerseData>
        <Cluster>
          <Range Index="20" Length="4" />
          <Lexeme Id="Word:kwar" GlossId="s6HcWPn/" />
        </Cluster>
      </VerseData>
    </item>
    <item>
      <string>DEU 1:27</string>
      <VerseData />
    </item>
    <item>
      <string>DEU 1:28</string>
      <VerseData />
    </item>
    <item>
      <string>DEU 1:29</string>
      <VerseData />
    </item>
    <item>
      <string>DEU 1:31</string>
      <VerseData />
    </item>
    <item>
      <string>DEU 1:32</string>
      <VerseData />
    </item>
    <item>
      <string>DEU 1:33</string>
      <VerseData />
    </item>
    <item>
      <string>DEU 1:34</string>
      <VerseData />
    </item>
    <item>
      <string>DEU 1:40</string>
      <VerseData />
    </item>
    <item>
      <string>DEU 1:41</string>
      <VerseData />
    </item>
    <item>
      <string>DEU 1:35</string>
      <VerseData>
        <Cluster>
          <Range Index="24" Length="8" />
          <Lexeme Id="Word:ngangkaa" GlossId="6J542Pnu" />
        </Cluster>
      </VerseData>
    </item>
    <item>
      <string>DEU 28:9</string>
      <VerseData />
    </item>
    <item>
      <string>DEU 1:36</string>
      <VerseData />
    </item>
    <item>
      <string>DEU 1:37</string>
      <VerseData />
    </item>
    <item>
      <string>DEU 1:38</string>
      <VerseData />
    </item>
    <item>
      <string>DEU 1:39</string>
      <VerseData />
    </item>
    <item>
      <string>DEU 1:42</string>
      <VerseData />
    </item>
    <item>
      <string>DEU 1:43</string>
      <VerseData />
    </item>
    <item>
      <string>DEU 1:44</string>
      <VerseData>
        <Cluster>
          <Range Index="60" Length="3" />
          <Lexeme Id="Word:kaa" GlossId="0" />
        </Cluster>
      </VerseData>
    </item>
    <item>
      <string>DEU 1:45</string>
      <VerseData />
    </item>
    <item>
      <string>DEU 1:46</string>
      <VerseData>
        <Cluster>
          <Range Index="43" Length="4" />
          <Lexeme Id="Word:pong" GlossId="Jfb2eM0d" />
        </Cluster>
      </VerseData>
    </item>
    <item>
      <string>DEU 2:0</string>
      <VerseData />
    </item>
    <item>
      <string>DEU 2:1</string>
      <VerseData>
        <Cluster>
          <Range Index="74" Length="2" />
          <Lexeme Id="Word:mu" GlossId="bq6JDcAZ" />
        </Cluster>
      </VerseData>
    </item>
    <item>
      <string>DEU 2:3</string>
      <VerseData />
    </item>
    <item>
      <string>DEU 2:4</string>
      <VerseData />
    </item>
    <item>
      <string>DEU 2:5</string>
      <VerseData />
    </item>
    <item>
      <string>DEU 2:6</string>
      <VerseData>
        <Cluster>
          <Range Index="35" Length="2" />
          <Lexeme Id="Word:kɨ" GlossId="0" />
        </Cluster>
        <Cluster>
          <Range Index="9" Length="6" />
          <Lexeme Id="Word:sɨseet" GlossId="NjeGmIdm" />
        </Cluster>
      </VerseData>
    </item>
    <item>
      <string>DEU 2:8</string>
      <VerseData />
    </item>
    <item>
      <string>DEU 2:9</string>
      <VerseData>
        <Cluster>
          <Range Index="72" Length="3" />
          <Lexeme Id="Word:koo" GlossId="WQXr4WQ3" />
        </Cluster>
      </VerseData>
    </item>
    <item>
      <string>DEU 2:10</string>
      <VerseData />
    </item>
    <item>
      <string>DEU 2:11</string>
      <VerseData />
    </item>
    <item>
      <string>DEU 2:12</string>
      <VerseData />
    </item>
    <item>
      <string>DEU 2:13</string>
      <VerseData />
    </item>
    <item>
      <string>DEU 2:15</string>
      <VerseData />
    </item>
    <item>
      <string>DEU 2:16</string>
      <VerseData />
    </item>
    <item>
      <string>DEU 2:18</string>
      <VerseData />
    </item>
    <item>
      <string>DEU 2:19</string>
      <VerseData />
    </item>
    <item>
      <string>DEU 2:20</string>
      <VerseData />
    </item>
    <item>
      <string>DEU 2:21</string>
      <VerseData>
        <Cluster>
          <Range Index="18" Length="3" />
          <Lexeme Id="Word:kaa" GlossId="0" />
        </Cluster>
      </VerseData>
    </item>
    <item>
      <string>DEU 2:22</string>
      <VerseData />
    </item>
    <item>
      <string>DEU 2:23</string>
      <VerseData />
    </item>
    <item>
      <string>DEU 2:24</string>
      <VerseData />
    </item>
    <item>
      <string>DEU 2:25</string>
      <VerseData />
    </item>
    <item>
      <string>DEU 2:26</string>
      <VerseData>
        <Cluster>
          <Range Index="17" Length="3" />
          <Lexeme Id="Word:lòp" GlossId="BYsfz3oD" />
        </Cluster>
      </VerseData>
    </item>
    <item>
      <string>DEU 2:27</string>
      <VerseData>
        <Cluster>
          <Range Index="10" Length="3" />
          <Lexeme Id="Word:yit" GlossId="axDlmtpb" />
        </Cluster>
        <Cluster>
          <Range Index="8" Length="1" />
          <Lexeme Id="Word:a" GlossId="7DWlkP+Z" />
        </Cluster>
        <Cluster>
          <Range Index="14" Length="4" />
          <Lexeme Id="Word:mmun" GlossId="iaktS5qv" />
        </Cluster>
      </VerseData>
    </item>
    <item>
      <string>DEU 2:29</string>
      <VerseData>
        <Cluster>
          <Range Index="106" Length="2" />
          <Lexeme Id="Word:ar" GlossId="LZsMgM2z" />
        </Cluster>
      </VerseData>
    </item>
    <item>
      <string>DEU 2:28</string>
      <VerseData>
        <Cluster>
          <Range Index="60" Length="6" />
          <Lexeme Id="Stem:sɨ" />
          <Lexeme Id="Suffix:seet" />
        </Cluster>
        <Cluster>
          <Range Index="60" Length="6" />
          <Lexeme Id="Word:sɨseet" GlossId="zYAUgM3f" />
        </Cluster>
        <Cluster>
          <Range Index="60" Length="10" />
          <Lexeme Id="Phrase:sɨseet pee" GlossId="9j7J4l0c" />
        </Cluster>
      </VerseData>
    </item>
    <item>
      <string>DEU 2:30</string>
      <VerseData>
        <Cluster>
          <Range Index="26" Length="8" />
          <Lexeme Id="Word:nheshbon" GlossId="6O+ATcTL" />
        </Cluster>
        <Cluster>
          <Range Index="40" Length="3" />
          <Lexeme Id="Word:cii" GlossId="niEZFyrO" />
        </Cluster>
      </VerseData>
    </item>
    <item>
      <string>DEU 2:31</string>
      <VerseData>
        <Cluster>
          <Range Index="115" Length="3" />
          <Lexeme Id="Word:lap" GlossId="mGLzWGjg" />
        </Cluster>
      </VerseData>
    </item>
    <item>
      <string>DEU 2:32</string>
      <VerseData>
        <Cluster>
          <Range Index="50" Length="2" />
          <Lexeme Id="Word:mu" GlossId="bq6JDcAZ" />
        </Cluster>
      </VerseData>
    </item>
    <item>
      <string>DEU 3:0</string>
      <VerseData>
        <Cluster>
          <Range Index="49" Length="7" />
          <Lexeme Id="Word:tangɗuu" GlossId="OBruoh9w" />
        </Cluster>
      </VerseData>
    </item>
    <item>
      <string>DEU 3:2</string>
      <VerseData />
    </item>
    <item>
      <string>DEU 3:3</string>
      <VerseData>
        <Cluster>
          <Range Index="131" Length="4" />
          <Lexeme Id="Word:seen" GlossId="2jL5fdzp" />
        </Cluster>
      </VerseData>
    </item>
    <item>
      <string>DEU 3:4</string>
      <VerseData>
        <Cluster>
          <Range Index="8" Length="5" />
          <Lexeme Id="Word:seyil" GlossId="tD/Tqrxy" />
        </Cluster>
        <Cluster>
          <Range Index="29" Length="7" />
          <Lexeme Id="Word:parmɨni" GlossId="O99wqXoe" />
        </Cluster>
      </VerseData>
    </item>
    <item>
      <string>DEU 3:5</string>
      <VerseData />
    </item>
    <item>
      <string>DEU 3:6</string>
      <VerseData />
    </item>
    <item>
      <string>DEU 3:7</string>
      <VerseData />
    </item>
    <item>
      <string>DEU 3:8</string>
      <VerseData>
        <Cluster>
          <Range Index="118" Length="4" />
          <Lexeme Id="Word:dung" GlossId="Bi/NG7vJ" />
        </Cluster>
      </VerseData>
    </item>
    <item>
      <string>DEU 3:10</string>
      <VerseData />
    </item>
    <item>
      <string>DEU 3:9</string>
      <VerseData />
    </item>
    <item>
      <string>DEU 3:11</string>
      <VerseData>
        <Cluster>
          <Range Index="103" Length="7" />
          <Lexeme Id="Word:shaghal" GlossId="rGXLvWwJ" />
        </Cluster>
        <Cluster>
          <Range Index="112" Length="5" />
          <Lexeme Id="Word:shwal" GlossId="MXqtQWCN" />
        </Cluster>
        <Cluster>
          <Range Index="121" Length="8" />
          <Lexeme Id="Word:mbiisaam" GlossId="5hsSvTjt" />
        </Cluster>
      </VerseData>
    </item>
    <item>
      <string>DEU 3:12</string>
      <VerseData />
    </item>
    <item>
      <string>DEU 3:13</string>
      <VerseData>
        <Cluster>
          <Range Index="108" Length="7" />
          <Lexeme Id="Word:nkaghar" GlossId="Ull9lBKE" />
        </Cluster>
      </VerseData>
    </item>
    <item>
      <string>DEU 3:24</string>
      <VerseData />
    </item>
    <item>
      <string>DEU 3:25</string>
      <VerseData />
    </item>
    <item>
      <string>DEU 3:26</string>
      <VerseData>
        <Cluster>
          <Range Index="20" Length="10" />
          <Lexeme Id="Word:langtughup" GlossId="E7xwUJqW" />
        </Cluster>
      </VerseData>
    </item>
    <item>
      <string>DEU 3:27</string>
      <VerseData>
        <Cluster>
          <Range Index="174" Length="4" />
          <Lexeme Id="Word:dung" GlossId="Bi/NG7vJ" />
        </Cluster>
      </VerseData>
    </item>
    <item>
      <string>DEU 4:0</string>
      <VerseData />
    </item>
    <item>
      <string>DEU 4:1</string>
      <VerseData>
        <Cluster>
          <Range Index="56" Length="3" />
          <Lexeme Id="Word:kam" GlossId="a6843Qxf" />
        </Cluster>
      </VerseData>
    </item>
    <item>
      <string>DEU 3:29</string>
      <VerseData />
    </item>
    <item>
      <string>DEU 4:2</string>
      <VerseData />
    </item>
    <item>
      <string>DEU 4:3</string>
      <VerseData>
        <Cluster>
          <Range Index="112" Length="5" />
          <Lexeme Id="Word:seyil" GlossId="aWNIa3z2" />
        </Cluster>
      </VerseData>
    </item>
    <item>
      <string>DEU 4:4</string>
      <VerseData />
    </item>
    <item>
      <string>DEU 4:8</string>
      <VerseData />
    </item>
    <item>
      <string>DEU 4:9</string>
      <VerseData>
        <Cluster>
          <Range Index="8" Length="3" />
          <Lexeme Id="Word:tap" GlossId="XsfvswVX" />
        </Cluster>
      </VerseData>
    </item>
    <item>
      <string>DEU 4:5</string>
      <VerseData />
    </item>
    <item>
      <string>DEU 4:7</string>
      <VerseData />
    </item>
    <item>
      <string>DEU 4:10</string>
      <VerseData>
        <Cluster>
          <Range Index="120" Length="1" />
          <Lexeme Id="Word:a" GlossId="7DWlkP+Z" />
        </Cluster>
        <Cluster>
          <Range Index="122" Length="4" />
          <Lexeme Id="Word:kuur" GlossId="inPRqY+g" />
        </Cluster>
      </VerseData>
    </item>
    <item>
      <string>DEU 4:20</string>
      <VerseData />
    </item>
    <item>
      <string>DEU 4:11</string>
      <VerseData />
    </item>
    <item>
      <string>DEU 4:12</string>
      <VerseData />
    </item>
    <item>
      <string>DEU 4:13</string>
      <VerseData />
    </item>
    <item>
      <string>DEU 4:14</string>
      <VerseData />
    </item>
    <item>
      <string>DEU 4:15</string>
      <VerseData />
    </item>
    <item>
      <string>DEU 4:16</string>
      <VerseData>
        <Cluster>
          <Range Index="26" Length="3" />
          <Lexeme Id="Word:cin" GlossId="gMnA95Zh" />
        </Cluster>
      </VerseData>
    </item>
    <item>
      <string>DEU 4:25</string>
      <VerseData>
        <Cluster>
          <Range Index="6" Length="7" />
          <Lexeme Id="Word:katɗang" GlossId="0Rlt6JDV" />
        </Cluster>
      </VerseData>
    </item>
    <item>
      <string>DEU 4:27</string>
      <VerseData />
    </item>
    <item>
      <string>DEU 4:26</string>
      <VerseData />
    </item>
    <item>
      <string>DEU 4:28</string>
      <VerseData>
        <Cluster>
          <Range Index="9" Length="1" />
          <Lexeme Id="Word:a" GlossId="S0SOwU+a" />
        </Cluster>
        <Cluster>
          <Range Index="11" Length="2" />
          <Lexeme Id="Word:ɗi" GlossId="H0eEJSBq" />
        </Cluster>
      </VerseData>
    </item>
    <item>
      <string>DEU 4:29</string>
      <VerseData />
    </item>
    <item>
      <string>DEU 4:30</string>
      <VerseData />
    </item>
    <item>
      <string>DEU 4:31</string>
      <VerseData />
    </item>
    <item>
      <string>DEU 4:39</string>
      <VerseData />
    </item>
    <item>
      <string>DEU 4:33</string>
      <VerseData />
    </item>
    <item>
      <string>DEU 4:34</string>
      <VerseData />
    </item>
    <item>
      <string>DEU 4:35</string>
      <VerseData />
    </item>
    <item>
      <string>DEU 4:36</string>
      <VerseData>
        <Cluster>
          <Range Index="28" Length="3" />
          <Lexeme Id="Word:ɗoo" GlossId="sd0PydyO" />
        </Cluster>
      </VerseData>
    </item>
    <item>
      <string>DEU 12:3</string>
      <VerseData>
        <Cluster>
          <Range Index="99" Length="3" />
          <Lexeme Id="Word:lee" GlossId="RZsXwNtA" />
        </Cluster>
        <Cluster>
          <Range Index="103" Length="3" />
          <Lexeme Id="Word:kum" GlossId="WeRiRXLE" />
        </Cluster>
      </VerseData>
    </item>
    <item>
      <string>DEU 11:14</string>
      <VerseData>
        <Cluster>
          <Range Index="66" Length="5" />
          <Lexeme Id="Word:nfwan" GlossId="mVfSe+bC" />
        </Cluster>
        <Cluster>
          <Range Index="66" Length="5" />
          <Lexeme Id="Prefix:n" />
          <Lexeme Id="Stem:fwan" />
        </Cluster>
      </VerseData>
    </item>
  </Verses>
</InterlinearData>