﻿<?xml version="1.0" encoding="utf-8"?>
<InterlinearData ScrTextName="zz_SUR" GlossLanguage="English" BookId="JER">
  <Verses>
    <item>
      <string>JER 51:34</string>
      <VerseData>
        <Cluster>
          <Range Index="165" Length="3" />
          <Lexeme Id="Word:ɗom" GlossId="foQ2XZX5" />
        </Cluster>
        <Cluster>
          <Range Index="180" Length="3" />
          <Lexeme Id="Word:car" GlossId="+IKi5Bua" />
        </Cluster>
        <Cluster>
          <Range Index="144" Length="4" />
          <Lexeme Id="Word:ghɨr" GlossId="2Sqm+316" />
        </Cluster>
        <Cluster>
          <Range Index="132" Length="3" />
          <Lexeme Id="Stem:woo" GlossId="qG+hJbt3" />
        </Cluster>
        <Cluster>
          <Range Index="132" Length="3" />
          <Lexeme Id="Word:woo" GlossId="XJddjnr5" />
        </Cluster>
      </VerseData>
    </item>
    <item>
      <string>JER 10:13</string>
      <VerseData>
        <Cluster>
          <Range Index="52" Length="4" />
          <Lexeme Id="Word:fwan" GlossId="txVgoyFd" />
        </Cluster>
        <Cluster>
          <Range Index="52" Length="4" />
          <Lexeme Id="Stem:fwan" GlossId="+yTIyH04" />
        </Cluster>
        <Cluster>
          <Range Index="92" Length="4" />
          <Lexeme Id="Word:kyes" GlossId="m9hbesw3" />
        </Cluster>
        <Cluster>
          <Range Index="92" Length="4" />
          <Lexeme Id="Stem:kyes" GlossId="WJnktOin" />
        </Cluster>
        <Cluster>
          <Range Index="92" Length="11" />
          <Lexeme Id="Phrase:kyes kɨ yil" GlossId="RtKqx+k1" />
        </Cluster>
        <Cluster>
          <Range Index="97" Length="2" />
          <Lexeme Id="Word:kɨ" GlossId="gYGthKa8" />
        </Cluster>
        <Cluster>
          <Range Index="100" Length="3" />
          <Lexeme Id="Word:yil" GlossId="QycTNfwd" />
        </Cluster>
        <Cluster>
          <Range Index="100" Length="3" />
          <Lexeme Id="Stem:yil" GlossId="JG/g1Rsx" />
        </Cluster>
        <Cluster>
          <Range Index="131" Length="4" />
          <Lexeme Id="Stem:fwan" GlossId="+yTIyH04" />
        </Cluster>
        <Cluster>
          <Range Index="131" Length="4" />
          <Lexeme Id="Word:fwan" GlossId="txVgoyFd" />
        </Cluster>
      </VerseData>
    </item>
    <item>
      <string>JER 6:15</string>
      <VerseData>
        <Cluster>
          <Range Index="14" Length="2" />
          <Lexeme Id="Word:mo" GlossId="LxjF2idy" />
        </Cluster>
      </VerseData>
    </item>
    <item>
      <string>JER 3:25</string>
      <VerseData />
    </item>
    <item>
      <string>JER 6:22</string>
      <VerseData />
    </item>
    <item>
      <string>JER 12:12</string>
      <VerseData />
    </item>
    <item>
      <string>JER 25:32</string>
      <VerseData />
    </item>
    <item>
      <string>JER 26:10</string>
      <VerseData>
        <Cluster>
          <Range Index="34" Length="8" />
          <Lexeme Id="Word:kɨlingpo" GlossId="36UpqI4/" />
        </Cluster>
      </VerseData>
    </item>
    <item>
      <string>JER 4:4</string>
      <VerseData>
        <Cluster>
          <Range Index="36" Length="3" />
          <Lexeme Id="Word:pan" GlossId="ipdWPucj" />
        </Cluster>
      </VerseData>
    </item>
  </Verses>
</InterlinearData>