﻿<?xml version="1.0" encoding="utf-8"?>
<InterlinearData ScrTextName="zz_SUR" GlossLanguage="English" BookId="EZR">
  <Verses>
    <item>
      <string>EZR 5:17</string>
      <VerseData>
        <Cluster>
          <Range Index="182" Length="5" />
          <Lexeme Id="Stem:sairu" GlossId="YbYErTDg" />
        </Cluster>
        <Cluster>
          <Range Index="182" Length="5" />
          <Lexeme Id="Word:sairu" GlossId="XAaKmCAN" />
        </Cluster>
        <Cluster>
          <Range Index="120" Length="8" />
          <Lexeme Id="Word:mbabilon" GlossId="QqYaWcG6" />
        </Cluster>
        <Cluster>
          <Range Index="149" Length="7" />
          <Lexeme Id="Phrase:ko kyet" GlossId="16V5k3sC" />
        </Cluster>
      </VerseData>
    </item>
  </Verses>
</InterlinearData>