﻿<?xml version="1.0" encoding="utf-8"?>
<InterlinearData ScrTextName="zz_SUR" GlossLanguage="en" BookId="EXO">
  <Verses>
    <item>
      <string>EXO 1:1</string>
      <VerseData>
        <Cluster>
          <Range Index="7" Length="3" />
          <Lexeme Id="Word:sum" />
        </Cluster>
        <Cluster>
          <Range Index="51" Length="4" />
          <Lexeme Id="Stem:ijip" />
        </Cluster>
      </VerseData>
    </item>
    <item>
      <string>EXO 10:0</string>
      <VerseData />
    </item>
    <item>
      <string>EXO 10:9</string>
      <VerseData />
    </item>
    <item>
      <string>EXO 9:0</string>
      <VerseData />
    </item>
    <item>
      <string>EXO 9:9</string>
      <VerseData />
    </item>
    <item>
      <string>EXO 37:0</string>
      <VerseData />
    </item>
    <item>
      <string>EXO 37:6</string>
      <VerseData />
    </item>
    <item>
      <string>EXO 39:3</string>
      <VerseData />
    </item>
    <item>
      <string>EXO 39:20</string>
      <VerseData />
    </item>
    <item>
      <string>EXO 26:0</string>
      <VerseData />
    </item>
    <item>
      <string>EXO 26:35</string>
      <VerseData />
    </item>
    <item>
      <string>EXO 37:29</string>
      <VerseData />
    </item>
    <item>
      <string>EXO 34:0</string>
      <VerseData />
    </item>
    <item>
      <string>EXO 34:17</string>
      <VerseData />
    </item>
    <item>
      <string>EXO 37:5</string>
      <VerseData>
        <Cluster>
          <Range Index="5" Length="2" />
          <Lexeme Id="Word:mo" GlossId="DqXPLQGl" />
        </Cluster>
      </VerseData>
    </item>
    <item>
      <string>EXO 14:2</string>
      <VerseData>
        <Cluster>
          <Range Index="18" Length="6" />
          <Lexeme Id="Word:isreil" GlossId="ZvZVJPxF" />
        </Cluster>
        <Cluster>
          <Range Index="9" Length="3" />
          <Lexeme Id="Word:sat" GlossId="3YkjNAtH" />
        </Cluster>
        <Cluster>
          <Range Index="13" Length="4" />
          <Lexeme Id="Word:nyem" GlossId="Uo6Ha9G3" />
        </Cluster>
        <Cluster>
          <Range Index="85" Length="6" />
          <Lexeme Id="Stem:migdol" GlossId="6HWXxqud" />
        </Cluster>
        <Cluster>
          <Range Index="85" Length="6" />
          <Lexeme Id="Word:migdol" GlossId="oCg3q25e" />
        </Cluster>
        <Cluster>
          <Range Index="92" Length="2" />
          <Lexeme Id="Word:kɨ" GlossId="WzORqb7y" />
        </Cluster>
        <Cluster>
          <Range Index="95" Length="5" />
          <Lexeme Id="Word:bahar" GlossId="nYw99mHT" />
        </Cluster>
        <Cluster>
          <Range Index="101" Length="7" />
          <Lexeme Id="Prefix:ɗii" GlossId="24RkDqWV" />
          <Lexeme Id="Stem:naat" />
        </Cluster>
      </VerseData>
    </item>
    <item>
      <string>EXO 19:0</string>
      <VerseData />
    </item>
    <item>
      <string>EXO 19:11</string>
      <VerseData />
    </item>
    <item>
      <string>EXO 19:22</string>
      <VerseData />
    </item>
    <item>
      <string>EXO 36:0</string>
      <VerseData />
    </item>
    <item>
      <string>EXO 36:10</string>
      <VerseData>
        <Cluster>
          <Range Index="40" Length="3" />
          <Lexeme Id="Word:ɓàl" GlossId="fpvVpvPG" />
        </Cluster>
        <Cluster>
          <Range Index="44" Length="5" />
          <Lexeme Id="Word:ashak" GlossId="EURcyaJ2" />
        </Cluster>
        <Cluster>
          <Range Index="51" Length="2" />
          <Lexeme Id="Word:mo" GlossId="DqXPLQGl" />
        </Cluster>
        <Cluster>
          <Range Index="54" Length="3" />
          <Lexeme Id="Word:cìn" GlossId="3UuDuXxK" />
        </Cluster>
        <Cluster>
          <Range Index="35" Length="4" />
          <Lexeme Id="Stem:pàat" GlossId="rZpEotvj" />
        </Cluster>
        <Cluster>
          <Range Index="35" Length="4" />
          <Lexeme Id="Word:pàat" GlossId="BShBx7JT" />
        </Cluster>
        <Cluster>
          <Range Index="72" Length="4" />
          <Lexeme Id="Stem:pàat" GlossId="rZpEotvj" />
        </Cluster>
        <Cluster>
          <Range Index="72" Length="4" />
          <Lexeme Id="Word:pàat" GlossId="BShBx7JT" />
        </Cluster>
        <Cluster>
          <Range Index="95" Length="3" />
          <Lexeme Id="Word:zak" GlossId="oApGS0yy" />
        </Cluster>
      </VerseData>
    </item>
    <item>
      <string>EXO 3:0</string>
      <VerseData />
    </item>
    <item>
      <string>EXO 3:1</string>
      <VerseData>
        <Cluster>
          <Range Index="123" Length="3" />
          <Lexeme Id="Word:hai" GlossId="gd2LPusQ" />
        </Cluster>
        <Cluster>
          <Range Index="127" Length="2" />
          <Lexeme Id="Word:mu" GlossId="D5/R9ixx" />
        </Cluster>
        <Cluster>
          <Range Index="134" Length="4" />
          <Lexeme Id="Word:naan" GlossId="//z9+y4o" />
        </Cluster>
        <Cluster>
          <Range Index="139" Length="2" />
          <Lexeme Id="Word:ɗi" GlossId="H0eEJSBq" />
        </Cluster>
        <Cluster>
          <Range Index="134" Length="4" />
          <Lexeme Id="Stem:naan" GlossId="//z9+y4o" />
        </Cluster>
        <Cluster>
          <Range Index="58" Length="5" />
          <Lexeme Id="Word:jetro" GlossId="2TMbZOHw" />
        </Cluster>
        <Cluster>
          <Range Index="123" Length="3" />
          <Lexeme Id="Stem:hai" GlossId="BnyUE40I" />
        </Cluster>
      </VerseData>
    </item>
    <item>
      <string>EXO 4:27</string>
      <VerseData>
        <Cluster>
          <Range Index="117" Length="3" />
          <Lexeme Id="Word:hai" GlossId="gd2LPusQ" />
        </Cluster>
        <Cluster>
          <Range Index="107" Length="5" />
          <Lexeme Id="Prefix:n" GlossId="MnzIYWQK" />
          <Lexeme Id="Stem:jwak" GlossId="oiLpSkk9" />
        </Cluster>
        <Cluster>
          <Range Index="107" Length="5" />
          <Lexeme Id="Word:njwak" GlossId="2+Wso3sO" />
        </Cluster>
        <Cluster>
          <Range Index="113" Length="3" />
          <Lexeme Id="Word:ɗii" GlossId="bOXyXH9i" />
        </Cluster>
        <Cluster>
          <Range Index="113" Length="3" />
          <Lexeme Id="Stem:ɗii" GlossId="24RkDqWV" />
        </Cluster>
        <Cluster>
          <Range Index="121" Length="2" />
          <Lexeme Id="Word:mu" GlossId="D5/R9ixx" />
        </Cluster>
        <Cluster>
          <Range Index="124" Length="4" />
          <Lexeme Id="Word:naan" GlossId="//z9+y4o" />
        </Cluster>
        <Cluster>
          <Range Index="124" Length="4" />
          <Lexeme Id="Stem:naan" GlossId="//z9+y4o" />
        </Cluster>
      </VerseData>
    </item>
    <item>
      <string>EXO 5:0</string>
      <VerseData />
    </item>
    <item>
      <string>EXO 5:3</string>
      <VerseData />
    </item>
    <item>
      <string>EXO 12:0</string>
      <VerseData />
    </item>
    <item>
      <string>EXO 12:39</string>
      <VerseData />
    </item>
    <item>
      <string>EXO 5:8</string>
      <VerseData />
    </item>
    <item>
      <string>EXO 5:18</string>
      <VerseData />
    </item>
    <item>
      <string>EXO 8:32</string>
      <VerseData>
        <Cluster>
          <Range Index="67" Length="4" />
          <Lexeme Id="Word:nyem" GlossId="cokI24r5" />
        </Cluster>
        <Cluster>
          <Range Index="72" Length="6" />
          <Lexeme Id="Word:isreil" GlossId="7NQftLYc" />
        </Cluster>
        <Cluster>
          <Range Index="79" Length="2" />
          <Lexeme Id="Word:mo" GlossId="2aJ5bkAV" />
        </Cluster>
        <Cluster>
          <Range Index="79" Length="2" />
          <Lexeme Id="Stem:mo" GlossId="2aJ5bkAV" />
        </Cluster>
        <Cluster>
          <Range Index="67" Length="14" />
          <Lexeme Id="Phrase:nyem isreil mo" GlossId="SEs6gMTI" />
        </Cluster>
        <Cluster>
          <Range Index="6" Length="3" />
          <Lexeme Id="Word:jir" GlossId="EuVxUJcg" />
        </Cluster>
        <Cluster>
          <Range Index="10" Length="4" />
          <Lexeme Id="Word:kɨsi" GlossId="nRVs34Tr" />
        </Cluster>
        <Cluster>
          <Range Index="15" Length="2" />
          <Lexeme Id="Word:ɓe" GlossId="JjCJ3uk8" />
        </Cluster>
        <Cluster>
          <Range Index="6" Length="11" />
          <Lexeme Id="Phrase:jir kɨsi ɓe" GlossId="j/CalJ7H" />
        </Cluster>
        <Cluster>
          <Range Index="18" Length="5" />
          <Lexeme Id="Word:feero" GlossId="FHSKU0gT" />
        </Cluster>
        <Cluster>
          <Range Index="18" Length="5" />
          <Lexeme Id="Stem:feero" GlossId="2UwRJ6Am" />
        </Cluster>
        <Cluster>
          <Range Index="10" Length="4" />
          <Lexeme Id="Stem:kɨsi" GlossId="/i/ZV9hk" />
        </Cluster>
        <Cluster>
          <Range Index="52" Length="2" />
          <Lexeme Id="Word:ba" GlossId="QqAQUdvE" />
        </Cluster>
        <Cluster>
          <Range Index="88" Length="3" />
          <Lexeme Id="Word:kas" GlossId="cxkywNrt" />
        </Cluster>
      </VerseData>
    </item>
    <item>
      <string>EXO 16:20</string>
      <VerseData>
        <Cluster>
          <Range Index="6" Length="3" />
          <Lexeme Id="Word:jir" GlossId="EuVxUJcg" />
        </Cluster>
        <Cluster>
          <Range Index="10" Length="4" />
          <Lexeme Id="Word:kɨsi" GlossId="nRVs34Tr" />
        </Cluster>
        <Cluster>
          <Range Index="10" Length="4" />
          <Lexeme Id="Stem:kɨsi" GlossId="/i/ZV9hk" />
        </Cluster>
        <Cluster>
          <Range Index="6" Length="11" />
          <Lexeme Id="Phrase:jir kɨsi ɓe" GlossId="j/CalJ7H" />
        </Cluster>
        <Cluster>
          <Range Index="15" Length="2" />
          <Lexeme Id="Word:ɓe" GlossId="JjCJ3uk8" />
        </Cluster>
        <Cluster>
          <Range Index="18" Length="2" />
          <Lexeme Id="Word:ba" GlossId="QqAQUdvE" />
        </Cluster>
        <Cluster>
          <Range Index="50" Length="3" />
          <Lexeme Id="Word:kas" GlossId="cxkywNrt" />
        </Cluster>
      </VerseData>
    </item>
    <item>
      <string>EXO 7:0</string>
      <VerseData />
    </item>
    <item>
      <string>EXO 7:22</string>
      <VerseData>
        <Cluster>
          <Range Index="112" Length="7" />
          <Lexeme Id="Stem:nyaghas" GlossId="cRlWDk6E" />
        </Cluster>
        <Cluster>
          <Range Index="112" Length="7" />
          <Lexeme Id="Word:nyaghas" GlossId="sAloMUO6" />
        </Cluster>
      </VerseData>
    </item>
    <item>
      <string>EXO 34:34</string>
      <VerseData>
        <Cluster>
          <Range Index="11" Length="12" />
          <Lexeme Id="Phrase:koo pɨrangye" GlossId="E51+uqjB" />
        </Cluster>
        <Cluster>
          <Range Index="173" Length="14" />
          <Lexeme Id="Phrase:nyem isreil mo" GlossId="2LmgU18c" />
        </Cluster>
        <Cluster>
          <Range Index="173" Length="4" />
          <Lexeme Id="Word:nyem" GlossId="cokI24r5" />
        </Cluster>
        <Cluster>
          <Range Index="178" Length="6" />
          <Lexeme Id="Word:isreil" GlossId="7NQftLYc" />
        </Cluster>
        <Cluster>
          <Range Index="185" Length="2" />
          <Lexeme Id="Word:mo" GlossId="2aJ5bkAV" />
        </Cluster>
        <Cluster>
          <Range Index="185" Length="2" />
          <Lexeme Id="Stem:mo" GlossId="2aJ5bkAV" />
        </Cluster>
      </VerseData>
    </item>
    <item>
      <string>EXO 25:5</string>
      <VerseData />
    </item>
    <item>
      <string>EXO 25:19</string>
      <VerseData />
    </item>
    <item>
      <string>EXO 13:21</string>
      <VerseData />
    </item>
    <item>
      <string>EXO 13:22</string>
      <VerseData />
    </item>
    <item>
      <string>EXO 14:1</string>
      <VerseData />
    </item>
    <item>
      <string>EXO 14:19</string>
      <VerseData>
        <Cluster>
          <Range Index="119" Length="6" />
          <Lexeme Id="Word:alaama" GlossId="zfEPhn/+" />
        </Cluster>
      </VerseData>
    </item>
    <item>
      <string>EXO 14:24</string>
      <VerseData />
    </item>
    <item>
      <string>EXO 33:9</string>
      <VerseData />
    </item>
    <item>
      <string>EXO 33:10</string>
      <VerseData>
        <Cluster>
          <Range Index="42" Length="5" />
          <Lexeme Id="Prefix:m" GlossId="Njv6fhdQ" />
          <Lexeme Id="Stem:polu" />
        </Cluster>
        <Cluster>
          <Range Index="42" Length="5" />
          <Lexeme Id="Word:mpolu" GlossId="iVBzr0eE" />
        </Cluster>
        <Cluster>
          <Range Index="25" Length="4" />
          <Lexeme Id="Word:nlúu" GlossId="psSZK0xQ" />
        </Cluster>
      </VerseData>
    </item>
    <item>
      <string>EXO 10:19</string>
      <VerseData>
        <Cluster>
          <Range Index="107" Length="4" />
          <Lexeme Id="Word:naat" GlossId="j7lSVhm7" />
        </Cluster>
        <Cluster>
          <Range Index="107" Length="4" />
          <Lexeme Id="Stem:naat" GlossId="nZNUgZ4l" />
        </Cluster>
      </VerseData>
    </item>
    <item>
      <string>EXO 11:1</string>
      <VerseData />
    </item>
    <item>
      <string>EXO 13:1</string>
      <VerseData />
    </item>
    <item>
      <string>EXO 15:1</string>
      <VerseData />
    </item>
    <item>
      <string>EXO 15:2</string>
      <VerseData />
    </item>
    <item>
      <string>EXO 15:3</string>
      <VerseData />
    </item>
    <item>
      <string>EXO 15:4</string>
      <VerseData />
    </item>
    <item>
      <string>EXO 15:5</string>
      <VerseData />
    </item>
    <item>
      <string>EXO 13:18</string>
      <VerseData>
        <Cluster>
          <Range Index="84" Length="7" />
          <Lexeme Id="Prefix:ɗii" GlossId="uzq8ia2o" />
          <Lexeme Id="Stem:naat" />
        </Cluster>
        <Cluster>
          <Range Index="84" Length="7" />
          <Lexeme Id="Word:ɗiinaat" GlossId="+I4ZIFlM" />
        </Cluster>
        <Cluster>
          <Range Index="114" Length="5" />
          <Lexeme Id="Stem:ɗɨɗak" GlossId="bF012CUp" />
        </Cluster>
        <Cluster>
          <Range Index="114" Length="5" />
          <Lexeme Id="Word:ɗɨɗak" GlossId="6dwuNKw+" />
        </Cluster>
        <Cluster>
          <Range Index="124" Length="3" />
          <Lexeme Id="Word:pee" GlossId="J7n354b4" />
        </Cluster>
      </VerseData>
    </item>
    <item>
      <string>EXO 14:5</string>
      <VerseData />
    </item>
    <item>
      <string>EXO 7:9</string>
      <VerseData>
        <Cluster>
          <Range Index="148" Length="4" />
          <Lexeme Id="Stem:nwoo" GlossId="RDh5pPMl" />
        </Cluster>
        <Cluster>
          <Range Index="148" Length="4" />
          <Lexeme Id="Word:nwoo" GlossId="ko63u46I" />
        </Cluster>
        <Cluster>
          <Range Index="91" Length="8" />
          <Lexeme Id="Stem:kam" GlossId="RFkN8TgJ" />
          <Lexeme Id="Stem:mwaan" GlossId="3hAwJrlX" />
        </Cluster>
        <Cluster>
          <Range Index="91" Length="8" />
          <Lexeme Id="Word:kammwaan" GlossId="gVcHUcML" />
        </Cluster>
      </VerseData>
    </item>
    <item>
      <string>EXO 7:10</string>
      <VerseData>
        <Cluster>
          <Range Index="189" Length="4" />
          <Lexeme Id="Word:nwoo" GlossId="ko63u46I" />
        </Cluster>
      </VerseData>
    </item>
    <item>
      <string>EXO 7:12</string>
      <VerseData>
        <Cluster>
          <Range Index="81" Length="3" />
          <Lexeme Id="Stem:kam" GlossId="RFkN8TgJ" />
        </Cluster>
        <Cluster>
          <Range Index="81" Length="3" />
          <Lexeme Id="Word:kam" GlossId="NzPdjCZJ" />
        </Cluster>
        <Cluster>
          <Range Index="61" Length="3" />
          <Lexeme Id="Word:kam" GlossId="NzPdjCZJ" />
        </Cluster>
        <Cluster>
          <Range Index="61" Length="3" />
          <Lexeme Id="Stem:kam" GlossId="RFkN8TgJ" />
        </Cluster>
        <Cluster>
          <Range Index="74" Length="6" />
          <Lexeme Id="Word:ɗilang" GlossId="6yAisXWc" />
        </Cluster>
        <Cluster>
          <Range Index="74" Length="6" />
          <Lexeme Id="Stem:ɗilang" GlossId="eUhbkDfJ" />
        </Cluster>
      </VerseData>
    </item>
    <item>
      <string>EXO 8:21</string>
      <VerseData>
        <Cluster>
          <Range Index="6" Length="3" />
          <Lexeme Id="Word:kat" GlossId="PvCV9248" />
        </Cluster>
      </VerseData>
    </item>
    <item>
      <string>EXO 10:13</string>
      <VerseData>
        <Cluster>
          <Range Index="142" Length="3" />
          <Lexeme Id="Word:tup" GlossId="RDuXnU+v" />
        </Cluster>
      </VerseData>
    </item>
    <item>
      <string>EXO 25:6</string>
      <VerseData />
    </item>
    <item>
      <string>EXO 30:1</string>
      <VerseData>
        <Cluster>
          <Range Index="40" Length="7" />
          <Lexeme Id="Prefix:n" GlossId="yl2qMR22" />
          <Lexeme Id="Stem:shitaa" GlossId="JvzI6aT/" />
        </Cluster>
        <Cluster>
          <Range Index="40" Length="7" />
          <Lexeme Id="Word:nshitaa" GlossId="vBLjmHmt" />
        </Cluster>
        <Cluster>
          <Range Index="88" Length="8" />
          <Lexeme Id="Word:akashiya" GlossId="vsy+IqbQ" />
        </Cluster>
        <Cluster>
          <Range Index="83" Length="13" />
          <Lexeme Id="Phrase:ting akashiya" />
        </Cluster>
        <Cluster>
          <Range Index="36" Length="3" />
          <Lexeme Id="Word:wùs" GlossId="hS6/prpJ" />
        </Cluster>
        <Cluster>
          <Range Index="14" Length="7" />
          <Lexeme Id="Phrase:pèe wùs" GlossId="qaFQj2WC" />
        </Cluster>
        <Cluster>
          <Range Index="14" Length="3" />
          <Lexeme Id="Word:pèe" GlossId="ZJU9TFOs" />
        </Cluster>
        <Cluster>
          <Range Index="9" Length="4" />
          <Lexeme Id="Prefix:n" />
          <Lexeme Id="Stem:ɗak" GlossId="aG6dRJfk" />
        </Cluster>
        <Cluster>
          <Range Index="9" Length="4" />
          <Lexeme Id="Word:nɗak" GlossId="4dN1YXLc" />
        </Cluster>
      </VerseData>
    </item>
    <item>
      <string>EXO 30:7</string>
      <VerseData>
        <Cluster>
          <Range Index="22" Length="6" />
          <Lexeme Id="Word:turare" GlossId="rFeshggj" />
        </Cluster>
      </VerseData>
    </item>
    <item>
      <string>EXO 30:8</string>
      <VerseData />
    </item>
    <item>
      <string>EXO 30:9</string>
      <VerseData />
    </item>
    <item>
      <string>EXO 25:40</string>
      <VerseData />
    </item>
    <item>
      <string>EXO 35:35</string>
      <VerseData />
    </item>
    <item>
      <string>EXO 35:8</string>
      <VerseData>
        <Cluster>
          <Range Index="54" Length="4" />
          <Lexeme Id="Stem:kyee" GlossId="PpHZrO5D" />
        </Cluster>
        <Cluster>
          <Range Index="54" Length="4" />
          <Lexeme Id="Word:kyee" GlossId="JWCs7vby" />
        </Cluster>
      </VerseData>
    </item>
    <item>
      <string>EXO 35:28</string>
      <VerseData>
        <Cluster>
          <Range Index="66" Length="4" />
          <Lexeme Id="Word:kyee" GlossId="JWCs7vby" />
        </Cluster>
        <Cluster>
          <Range Index="66" Length="4" />
          <Lexeme Id="Stem:kyee" GlossId="PpHZrO5D" />
        </Cluster>
        <Cluster>
          <Range Index="63" Length="2" />
          <Lexeme Id="Word:mo" GlossId="zlOrQlnX" />
        </Cluster>
        <Cluster>
          <Range Index="117" Length="4" />
          <Lexeme Id="Stem:n" GlossId="y5rOwm4a" />
          <Lexeme Id="Stem:wus" GlossId="6lygGTIq" />
        </Cluster>
        <Cluster>
          <Range Index="117" Length="4" />
          <Lexeme Id="Word:nwus" GlossId="Kj1f3s4E" />
        </Cluster>
      </VerseData>
    </item>
    <item>
      <string>EXO 29:38</string>
      <VerseData />
    </item>
    <item>
      <string>EXO 29:37</string>
      <VerseData />
    </item>
    <item>
      <string>EXO 29:39</string>
      <VerseData />
    </item>
    <item>
      <string>EXO 29:40</string>
      <VerseData>
        <Cluster>
          <Range Index="62" Length="3" />
          <Lexeme Id="Word:aas" GlossId="NPZzIZKt" />
        </Cluster>
      </VerseData>
    </item>
    <item>
      <string>EXO 28:33</string>
      <VerseData>
        <Cluster>
          <Range Index="25" Length="6" />
          <Lexeme Id="Word:mpɨder" GlossId="TwOG9/nT" />
        </Cluster>
        <Cluster>
          <Range Index="40" Length="8" />
          <Lexeme Id="Stem:putughur" GlossId="1V/qrEVP" />
        </Cluster>
        <Cluster>
          <Range Index="40" Length="8" />
          <Lexeme Id="Word:putughur" GlossId="czvt0RL0" />
        </Cluster>
      </VerseData>
    </item>
    <item>
      <string>EXO 39:26</string>
      <VerseData>
        <Cluster>
          <Range Index="6" Length="10" />
          <Lexeme Id="Word:kungguleng" GlossId="qT+YknTA" />
        </Cluster>
        <Cluster>
          <Range Index="20" Length="9" />
          <Lexeme Id="Word:danggwish" GlossId="06OqG08M" />
        </Cluster>
      </VerseData>
    </item>
    <item>
      <string>EXO 26:20</string>
      <VerseData>
        <Cluster>
          <Range Index="26" Length="13" />
          <Lexeme Id="Phrase:nkoghop nɗeng" GlossId="diZdkOIW" />
        </Cluster>
        <Cluster>
          <Range Index="34" Length="5" />
          <Lexeme Id="Prefix:n" GlossId="clxSBv2q" />
          <Lexeme Id="Stem:ɗeng" GlossId="uQL4Gu4r" />
        </Cluster>
        <Cluster>
          <Range Index="34" Length="5" />
          <Lexeme Id="Word:nɗeng" GlossId="+18xZAJg" />
        </Cluster>
      </VerseData>
    </item>
    <item>
      <string>EXO 27:11</string>
      <VerseData />
    </item>
    <item>
      <string>EXO 23:19</string>
      <VerseData />
    </item>
    <item>
      <string>EXO 34:26</string>
      <VerseData>
        <Cluster>
          <Range Index="27" Length="5" />
          <Lexeme Id="Prefix:n" GlossId="oYKLxMWO" />
          <Lexeme Id="Stem:shèe" GlossId="XHrQAfGv" />
        </Cluster>
        <Cluster>
          <Range Index="17" Length="5" />
          <Lexeme Id="Word:ɗiɓén" GlossId="nuq682ao" />
        </Cluster>
        <Cluster>
          <Range Index="17" Length="9" />
          <Lexeme Id="Phrase:ɗiɓén ɗin" />
        </Cluster>
        <Cluster>
          <Range Index="27" Length="5" />
          <Lexeme Id="Word:nshèe" GlossId="7u7eJUny" />
        </Cluster>
      </VerseData>
    </item>
    <item>
      <string>EXO 34:27</string>
      <VerseData />
    </item>
    <item>
      <string>EXO 19:1</string>
      <VerseData />
    </item>
    <item>
      <string>EXO 39:10</string>
      <VerseData />
    </item>
    <item>
      <string>EXO 39:13</string>
      <VerseData />
    </item>
    <item>
      <string>EXO 40:17</string>
      <VerseData>
        <Cluster>
          <Range Index="76" Length="8" />
          <Lexeme Id="Phrase:ɓwot bìt" GlossId="I2fG7JJX" />
        </Cluster>
      </VerseData>
    </item>
    <item>
      <string>EXO 22:6</string>
      <VerseData>
        <Cluster>
          <Range Index="116" Length="3" />
          <Lexeme Id="Word:wur" GlossId="2kp2Z7SW" />
        </Cluster>
      </VerseData>
    </item>
    <item>
      <string>EXO 2:3</string>
      <VerseData />
    </item>
    <item>
      <string>EXO 14:12</string>
      <VerseData>
        <Cluster>
          <Range Index="22" Length="2" />
          <Lexeme Id="Stem:mu" GlossId="DWvY55pp" />
        </Cluster>
        <Cluster>
          <Range Index="22" Length="2" />
          <Lexeme Id="Word:mu" GlossId="GZcU1RTl" />
        </Cluster>
        <Cluster>
          <Range Index="42" Length="2" />
          <Lexeme Id="Word:mu" GlossId="GZcU1RTl" />
        </Cluster>
        <Cluster>
          <Range Index="104" Length="11" />
          <Lexeme Id="Phrase:ɗak laatong" GlossId="5T9NZaiW" />
        </Cluster>
      </VerseData>
    </item>
    <item>
      <string>EXO 15:15</string>
      <VerseData />
    </item>
    <item>
      <string>EXO 8:17</string>
      <VerseData />
    </item>
    <item>
      <string>EXO 15:8</string>
      <VerseData />
    </item>
    <item>
      <string>EXO 23:31</string>
      <VerseData />
    </item>
    <item>
      <string>EXO 27:5</string>
      <VerseData>
        <Cluster>
          <Range Index="13" Length="5" />
          <Lexeme Id="Stem:shang" GlossId="wKkxfQZC" />
        </Cluster>
        <Cluster>
          <Range Index="13" Length="5" />
          <Lexeme Id="Word:shang" GlossId="44Wq2a4O" />
        </Cluster>
      </VerseData>
    </item>
    <item>
      <string>EXO 28:42</string>
      <VerseData />
    </item>
    <item>
      <string>EXO 30:14</string>
      <VerseData>
        <Cluster>
          <Range Index="6" Length="3" />
          <Lexeme Id="Stem:jir" GlossId="soGzbGTC" />
        </Cluster>
      </VerseData>
    </item>
    <item>
      <string>EXO 32:19</string>
      <VerseData />
    </item>
    <item>
      <string>EXO 8:16</string>
      <VerseData />
    </item>
    <item>
      <string>EXO 12:30</string>
      <VerseData>
        <Cluster>
          <Range Index="17" Length="6" />
          <Lexeme Id="Word:yaghal" GlossId="FAwuxh1/" />
        </Cluster>
        <Cluster>
          <Range Index="17" Length="6" />
          <Lexeme Id="Stem:yaghal" GlossId="dXTvByCc" />
        </Cluster>
        <Cluster>
          <Range Index="24" Length="5" />
          <Lexeme Id="Word:nnaar" GlossId="zGBPOx+0" />
        </Cluster>
        <Cluster>
          <Range Index="24" Length="5" />
          <Lexeme Id="Prefix:n" GlossId="k7xG9kFI" />
          <Lexeme Id="Stem:naar" />
        </Cluster>
      </VerseData>
    </item>
    <item>
      <string>EXO 15:7</string>
      <VerseData>
        <Cluster>
          <Range Index="10" Length="4" />
          <Lexeme Id="Stem:iiko" GlossId="fXoVqanr" />
        </Cluster>
        <Cluster>
          <Range Index="10" Length="4" />
          <Lexeme Id="Word:iiko" GlossId="kc5YY7wq" />
        </Cluster>
        <Cluster>
          <Range Index="32" Length="6" />
          <Lexeme Id="Stem:gɨrang" GlossId="ifvS9KS2" />
        </Cluster>
        <Cluster>
          <Range Index="32" Length="6" />
          <Lexeme Id="Word:gɨrang" GlossId="kfdShwQh" />
        </Cluster>
      </VerseData>
    </item>
    <item>
      <string>EXO 16:33</string>
      <VerseData />
    </item>
    <item>
      <string>EXO 18:16</string>
      <VerseData />
    </item>
    <item>
      <string>EXO 22:24</string>
      <VerseData />
    </item>
    <item>
      <string>EXO 26:28</string>
      <VerseData />
    </item>
    <item>
      <string>EXO 27:21</string>
      <VerseData />
    </item>
    <item>
      <string>EXO 36:29</string>
      <VerseData>
        <Cluster>
          <Range Index="33" Length="4" />
          <Lexeme Id="Stem:n" />
          <Lexeme Id="Stem:der" />
        </Cluster>
        <Cluster>
          <Range Index="33" Length="4" />
          <Lexeme Id="Word:nder" GlossId="w9NNwWZU" />
        </Cluster>
        <Cluster>
          <Range Index="42" Length="3" />
          <Lexeme Id="Word:kaa" GlossId="yoUunLgj" />
        </Cluster>
        <Cluster>
          <Range Index="50" Length="5" />
          <Lexeme Id="Prefix:n" GlossId="oYKLxMWO" />
          <Lexeme Id="Stem:ɗeng" GlossId="t9JsYImV" />
        </Cluster>
        <Cluster>
          <Range Index="50" Length="5" />
          <Lexeme Id="Word:nɗeng" GlossId="lRSZFeCr" />
        </Cluster>
      </VerseData>
    </item>
    <item>
      <string>EXO 26:33</string>
      <VerseData>
        <Cluster>
          <Range Index="9" Length="4" />
          <Lexeme Id="Word:lang" GlossId="RqK0j8Rg" />
        </Cluster>
        <Cluster>
          <Range Index="32" Length="4" />
          <Lexeme Id="Word:lang" GlossId="RqK0j8Rg" />
        </Cluster>
        <Cluster>
          <Range Index="52" Length="2" />
          <Lexeme Id="Word:kɨ" GlossId="XnpMLw0H" />
        </Cluster>
        <Cluster>
          <Range Index="125" Length="4" />
          <Lexeme Id="Prefix:m" GlossId="JYHCUOhy" />
          <Lexeme Id="Stem:ɓak" GlossId="D/zCzC+J" />
        </Cluster>
        <Cluster>
          <Range Index="125" Length="4" />
          <Lexeme Id="Word:mɓak" GlossId="xycd4aNX" />
        </Cluster>
      </VerseData>
    </item>
    <item>
      <string>EXO 26:34</string>
      <VerseData />
    </item>
    <item>
      <string>EXO 13:14</string>
      <VerseData />
    </item>
    <item>
      <string>EXO 2:13</string>
      <VerseData />
    </item>
    <item>
      <string>EXO 21:20</string>
      <VerseData>
        <Cluster>
          <Range Index="27" Length="5" />
          <Lexeme Id="Word:nɨram" GlossId="2MEaVnfN" />
        </Cluster>
        <Cluster>
          <Range Index="27" Length="5" />
          <Lexeme Id="Stem:nɨram" GlossId="tAGUQ4MB" />
        </Cluster>
      </VerseData>
    </item>
    <item>
      <string>EXO 22:18</string>
      <VerseData>
        <Cluster>
          <Range Index="32" Length="6" />
          <Lexeme Id="Word:soghot" GlossId="p/Bx/KsK" />
        </Cluster>
      </VerseData>
    </item>
    <item>
      <string>EXO 16:23</string>
      <VerseData />
    </item>
    <item>
      <string>EXO 37:16</string>
      <VerseData />
    </item>
    <item>
      <string>EXO 24:4</string>
      <VerseData />
    </item>
    <item>
      <string>EXO 2:7</string>
      <VerseData>
        <Cluster>
          <Range Index="102" Length="6" />
          <Lexeme Id="Word:hiburu" GlossId="xvpcf9yk" />
        </Cluster>
        <Cluster>
          <Range Index="102" Length="6" />
          <Lexeme Id="Stem:hiburu" GlossId="UEQwriWS" />
        </Cluster>
        <Cluster>
          <Range Index="131" Length="3" />
          <Lexeme Id="Word:làa" GlossId="a8e/zlaM" />
        </Cluster>
        <Cluster>
          <Range Index="131" Length="3" />
          <Lexeme Id="Stem:làa" GlossId="a9oU59em" />
        </Cluster>
      </VerseData>
    </item>
  </Verses>
</InterlinearData>