﻿<?xml version="1.0" encoding="utf-8"?>
<InterlinearData ScrTextName="zz_SUR" GlossLanguage="English" BookId="JOS">
  <Verses>
    <item>
      <string>JOS 10:0</string>
      <VerseData />
    </item>
    <item>
      <string>JOS 10:11</string>
      <VerseData>
        <Cluster>
          <Range Index="20" Length="10" />
          <Lexeme Id="Phrase:swa aku pu" GlossId="STpGbSs1" />
        </Cluster>
        <Cluster>
          <Range Index="20" Length="3" />
          <Lexeme Id="Word:swa" GlossId="xWFTiJOO" />
        </Cluster>
        <Cluster>
          <Range Index="24" Length="3" />
          <Lexeme Id="Word:aku" GlossId="rpzWLbR2" />
        </Cluster>
        <Cluster>
          <Range Index="28" Length="2" />
          <Lexeme Id="Word:pu" GlossId="aF6ENVMf" />
        </Cluster>
        <Cluster>
          <Range Index="31" Length="14" />
          <Lexeme Id="Phrase:nyem isreil mo" GlossId="2LmgU18c" />
        </Cluster>
        <Cluster>
          <Range Index="31" Length="4" />
          <Lexeme Id="Word:nyem" GlossId="cokI24r5" />
        </Cluster>
        <Cluster>
          <Range Index="36" Length="6" />
          <Lexeme Id="Word:isreil" GlossId="7NQftLYc" />
        </Cluster>
        <Cluster>
          <Range Index="43" Length="2" />
          <Lexeme Id="Word:mo" GlossId="2aJ5bkAV" />
        </Cluster>
        <Cluster>
          <Range Index="43" Length="2" />
          <Lexeme Id="Stem:mo" GlossId="2aJ5bkAV" />
        </Cluster>
      </VerseData>
    </item>
  </Verses>
</InterlinearData>