﻿<?xml version="1.0" encoding="utf-8"?>
<InterlinearData ScrTextName="zz_SUR" GlossLanguage="en" BookId="ACT">
  <Verses>
    <item>
      <string>ACT 1:1</string>
      <VerseData />
    </item>
    <item>
      <string>ACT 2:31</string>
      <VerseData />
    </item>
    <item>
      <string>ACT 13:35</string>
      <VerseData>
        <Cluster>
          <Range Index="64" Length="3" />
          <Lexeme Id="Word:yit" GlossId="NPpo+SQY" />
        </Cluster>
        <Cluster>
          <Range Index="59" Length="4" />
          <Lexeme Id="Stem:m" GlossId="k0lhJZ0p" />
          <Lexeme Id="Stem:mak" GlossId="9zPcpYmf" />
        </Cluster>
        <Cluster>
          <Range Index="59" Length="4" />
          <Lexeme Id="Word:mmak" GlossId="IZBMU7O8" />
        </Cluster>
        <Cluster>
          <Range Index="71" Length="3" />
          <Lexeme Id="Word:ngo" GlossId="niMZx3Qj" />
        </Cluster>
        <Cluster>
          <Range Index="75" Length="6" />
          <Lexeme Id="Word:fwagha" GlossId="BiAbHWLl" />
        </Cluster>
        <Cluster>
          <Range Index="82" Length="7" />
          <Lexeme Id="Word:ɗiiɓang" GlossId="GCjXTCeX" />
        </Cluster>
        <Cluster>
          <Range Index="82" Length="7" />
          <Lexeme Id="Prefix:ɗii" GlossId="24RkDqWV" />
          <Lexeme Id="Stem:ɓang" GlossId="ftkB0iwc" />
        </Cluster>
        <Cluster>
          <Range Index="68" Length="2" />
          <Lexeme Id="Word:ku" GlossId="6BAVcEHF" />
        </Cluster>
        <Cluster>
          <Range Index="50" Length="2" />
          <Lexeme Id="Word:ba" GlossId="Y08qZUje" />
        </Cluster>
        <Cluster>
          <Range Index="53" Length="5" />
          <Lexeme Id="Word:wagha" GlossId="wlZiOduW" />
        </Cluster>
        <Cluster>
          <Range Index="35" Length="6" />
          <Lexeme Id="Word:zabura" GlossId="rptMyatw" />
        </Cluster>
        <Cluster>
          <Range Index="92" Length="4" />
          <Lexeme Id="Word:wuri" GlossId="sY+SZC6q" />
        </Cluster>
        <Cluster>
          <Range Index="101" Length="7" />
          <Lexeme Id="Word:ndɨghɨn" GlossId="AX++6+8/" />
        </Cluster>
        <Cluster>
          <Range Index="109" Length="5" />
          <Lexeme Id="Word:kɨcir" GlossId="7zIeMTH3" />
        </Cluster>
        <Cluster>
          <Range Index="97" Length="3" />
          <Lexeme Id="Word:wam" GlossId="Hc23B81v" />
        </Cluster>
        <Cluster>
          <Range Index="14" Length="4" />
          <Lexeme Id="Word:wuri" GlossId="sY+SZC6q" />
        </Cluster>
        <Cluster>
          <Range Index="19" Length="3" />
          <Lexeme Id="Word:sat" GlossId="3YkjNAtH" />
        </Cluster>
        <Cluster>
          <Range Index="23" Length="7" />
          <Lexeme Id="Word:ndɨghɨn" GlossId="AX++6+8/" />
        </Cluster>
        <Cluster>
          <Range Index="31" Length="3" />
          <Lexeme Id="Word:mee" GlossId="mPV7Nu0Y" />
        </Cluster>
        <Cluster>
          <Range Index="6" Length="2" />
          <Lexeme Id="Word:kɨ" GlossId="WzORqb7y" />
        </Cluster>
        <Cluster>
          <Range Index="9" Length="3" />
          <Lexeme Id="Word:zak" GlossId="3eepKoU/" />
        </Cluster>
      </VerseData>
    </item>
    <item>
      <string>ACT 13:34</string>
      <VerseData />
    </item>
    <item>
      <string>ACT 1:20</string>
      <VerseData>
        <Cluster>
          <Range Index="46" Length="6" />
          <Lexeme Id="Word:zabura" GlossId="3KrBc/EZ" />
        </Cluster>
        <Cluster>
          <Range Index="90" Length="6" />
          <Lexeme Id="Word:kɨ̀rom" GlossId="3UrieE/D" />
        </Cluster>
      </VerseData>
    </item>
    <item>
      <string>ACT 1:21</string>
      <VerseData />
    </item>
    <item>
      <string>ACT 4:11</string>
      <VerseData>
        <Cluster>
          <Range Index="140" Length="9" />
          <Lexeme Id="Word:ɗiikoghop" GlossId="OvvE9SMT" />
        </Cluster>
      </VerseData>
    </item>
    <item>
      <string>ACT 2:17</string>
      <VerseData>
        <Cluster>
          <Range Index="264" Length="3" />
          <Lexeme Id="Word:kám" GlossId="NICYpO8Y" />
        </Cluster>
      </VerseData>
    </item>
    <item>
      <string>ACT 6:1</string>
      <VerseData />
    </item>
    <item>
      <string>ACT 8:26</string>
      <VerseData />
    </item>
    <item>
      <string>ACT 12:7</string>
      <VerseData />
    </item>
    <item>
      <string>ACT 12:18</string>
      <VerseData />
    </item>
    <item>
      <string>ACT 13:31</string>
      <VerseData />
    </item>
    <item>
      <string>ACT 16:11</string>
      <VerseData />
    </item>
    <item>
      <string>ACT 18:7</string>
      <VerseData>
        <Cluster>
          <Range Index="17" Length="4" />
          <Lexeme Id="Stem:n" />
          <Lexeme Id="Stem:yit" GlossId="7Vbo+ySD" />
        </Cluster>
      </VerseData>
    </item>
    <item>
      <string>ACT 20:30</string>
      <VerseData />
    </item>
    <item>
      <string>ACT 21:7</string>
      <VerseData />
    </item>
    <item>
      <string>ACT 22:18</string>
      <VerseData />
    </item>
    <item>
      <string>ACT 23:7</string>
      <VerseData />
    </item>
    <item>
      <string>ACT 24:5</string>
      <VerseData />
    </item>
    <item>
      <string>ACT 25:1</string>
      <VerseData />
    </item>
    <item>
      <string>ACT 27:12</string>
      <VerseData />
    </item>
    <item>
      <string>ACT 27:21</string>
      <VerseData />
    </item>
    <item>
      <string>ACT 28:11</string>
      <VerseData />
    </item>
    <item>
      <string>ACT 28:13</string>
      <VerseData />
    </item>
    <item>
      <string>ACT 13:1</string>
      <VerseData>
        <Cluster>
          <Range Index="146" Length="6" />
          <Lexeme Id="Prefix:ɗii" />
          <Lexeme Id="Stem:tup" GlossId="HpGzLJCw" />
        </Cluster>
        <Cluster>
          <Range Index="146" Length="6" />
          <Lexeme Id="Word:ɗiitup" GlossId="opP+nh9j" />
        </Cluster>
      </VerseData>
    </item>
  </Verses>
</InterlinearData>