﻿<?xml version="1.0" encoding="utf-8"?>
<InterlinearData ScrTextName="zz_SUR" GlossLanguage="English" BookId="DAN">
  <Verses>
    <item>
      <string>DAN 8:11</string>
      <VerseData />
    </item>
    <item>
      <string>DAN 7:5</string>
      <VerseData />
    </item>
    <item>
      <string>DAN 7:6</string>
      <VerseData>
        <Cluster>
          <Range Index="71" Length="6" />
          <Lexeme Id="Word:lushim" GlossId="qNyVqP0q" />
        </Cluster>
      </VerseData>
    </item>
    <item>
      <string>DAN 8:10</string>
      <VerseData />
    </item>
    <item>
      <string>DAN 2:1</string>
      <VerseData />
    </item>
    <item>
      <string>DAN 11:36</string>
      <VerseData>
        <Cluster>
          <Range Index="221" Length="1" />
          <Lexeme Id="Word:a" GlossId="WT42eOvt" />
        </Cluster>
      </VerseData>
    </item>
    <item>
      <string>DAN 2:10</string>
      <VerseData>
        <Cluster>
          <Range Index="218" Length="8" />
          <Lexeme Id="Stem:mulum" />
          <Lexeme Id="Stem:yit" />
        </Cluster>
      </VerseData>
    </item>
    <item>
      <string>DAN 2:27</string>
      <VerseData>
        <Cluster>
          <Range Index="40" Length="7" />
          <Lexeme Id="Word:ngusèen" GlossId="ELQ01+zK" />
        </Cluster>
      </VerseData>
    </item>
    <item>
      <string>DAN 4:7</string>
      <VerseData />
    </item>
  </Verses>
</InterlinearData>