﻿<?xml version="1.0" encoding="utf-8"?>
<InterlinearData ScrTextName="zz_SUR" GlossLanguage="en" BookId="NAM">
  <Verses>
    <item>
      <string>NAM 1:0</string>
      <VerseData />
    </item>
    <item>
      <string>NAM 1:12</string>
      <VerseData>
        <Cluster>
          <Range Index="14" Length="5" />
          <Lexeme Id="Word:yaawe" GlossId="Jt1a0eYf" />
        </Cluster>
      </VerseData>
    </item>
    <item>
      <string>NAM 2:7</string>
      <VerseData>
        <Cluster>
          <Range Index="16" Length="14" />
          <Lexeme Id="Stem:mat-" GlossId="mZ9rGgYE" />
          <Lexeme Id="Stem:mishkagham" GlossId="NiJG3jPR" />
        </Cluster>
        <Cluster>
          <Range Index="16" Length="14" />
          <Lexeme Id="Word:mat-mishkagham" GlossId="NUXVXHmx" />
        </Cluster>
        <Cluster>
          <Range Index="5" Length="2" />
          <Lexeme Id="Word:mo" GlossId="DqXPLQGl" />
        </Cluster>
        <Cluster>
          <Range Index="12" Length="3" />
          <Lexeme Id="Word:yaa" GlossId="bIPu4Hmn" />
        </Cluster>
      </VerseData>
    </item>
    <item>
      <string>NAM 1:1</string>
      <VerseData>
        <Cluster>
          <Range Index="5" Length="2" />
          <Lexeme Id="Word:po" GlossId="8M8q08ZC" />
        </Cluster>
        <Cluster>
          <Range Index="8" Length="5" />
          <Lexeme Id="Word:ɗiisi" GlossId="5V1D9OUh" />
        </Cluster>
        <Cluster>
          <Range Index="14" Length="2" />
          <Lexeme Id="Word:mo" GlossId="9D8Tkpvv" />
        </Cluster>
        <Cluster>
          <Range Index="17" Length="1" />
          <Lexeme Id="Word:a" GlossId="cEQlMUfu" />
        </Cluster>
        <Cluster>
          <Range Index="19" Length="2" />
          <Lexeme Id="Word:po" GlossId="8M8q08ZC" />
        </Cluster>
        <Cluster>
          <Range Index="22" Length="2" />
          <Lexeme Id="Word:ɗi" GlossId="C8GQRmuR" />
        </Cluster>
        <Cluster>
          <Range Index="25" Length="4" />
          <Lexeme Id="Word:naan" GlossId="JeKFwFkt" />
        </Cluster>
      </VerseData>
    </item>
  </Verses>
</InterlinearData>