﻿<?xml version="1.0" encoding="utf-8"?>
<InterlinearData ScrTextName="zz_SUR" GlossLanguage="English" BookId="ZEC">
  <Verses>
    <item>
      <string>ZEC 1:1</string>
      <VerseData />
    </item>
    <item>
      <string>ZEC 1:2</string>
      <VerseData />
    </item>
    <item>
      <string>ZEC 1:4</string>
      <VerseData />
    </item>
    <item>
      <string>ZEC 1:3</string>
      <VerseData>
        <Cluster>
          <Range Index="5" Length="9" />
          <Lexeme Id="Phrase:mpee mɨni" GlossId="eMXV8yO6" />
        </Cluster>
        <Cluster>
          <Range Index="19" Length="1" />
          <Lexeme Id="Word:a" GlossId="LsHrYZ+T" />
        </Cluster>
        <Cluster>
          <Range Index="93" Length="3" />
          <Lexeme Id="Word:baa" GlossId="tzjjMUju" />
        </Cluster>
      </VerseData>
    </item>
    <item>
      <string>ZEC 1:0</string>
      <VerseData />
    </item>
    <item>
      <string>ZEC 1:7</string>
      <VerseData>
        <Cluster>
          <Range Index="77" Length="7" />
          <Lexeme Id="Word:sheebat" GlossId="nURJy+oh" />
        </Cluster>
      </VerseData>
    </item>
    <item>
      <string>ZEC 1:8</string>
      <VerseData>
        <Cluster>
          <Range Index="170" Length="7" />
          <Lexeme Id="Word:ɗiinaat" GlossId="+I4ZIFlM" />
        </Cluster>
        <Cluster>
          <Range Index="201" Length="7" />
          <Lexeme Id="Word:ɗiipyaa" GlossId="oiP14HcN" />
        </Cluster>
        <Cluster>
          <Range Index="93" Length="6" />
          <Lexeme Id="Word:maatil" GlossId="FBoSuABe" />
        </Cluster>
        <Cluster>
          <Range Index="87" Length="5" />
          <Lexeme Id="Word:nting" GlossId="5KpMiYrJ" />
        </Cluster>
      </VerseData>
    </item>
    <item>
      <string>ZEC 1:9</string>
      <VerseData>
        <Cluster>
          <Range Index="35" Length="1" />
          <Lexeme Id="Word:a" GlossId="S0SOwU+a" />
        </Cluster>
      </VerseData>
    </item>
    <item>
      <string>ZEC 1:12</string>
      <VerseData>
        <Cluster>
          <Range Index="169" Length="8" />
          <Lexeme Id="Word:nnaajeel" GlossId="vf1f1cUT" />
        </Cluster>
        <Cluster>
          <Range Index="143" Length="3" />
          <Lexeme Id="Word:see" GlossId="QJKiOZ4O" />
        </Cluster>
        <Cluster>
          <Range Index="147" Length="1" />
          <Lexeme Id="Word:a" GlossId="S0SOwU+a" />
        </Cluster>
        <Cluster>
          <Range Index="156" Length="6" />
          <Lexeme Id="Word:ɗangɓe" GlossId="NRIZhm7t" />
        </Cluster>
      </VerseData>
    </item>
    <item>
      <string>ZEC 1:11</string>
      <VerseData />
    </item>
    <item>
      <string>ZEC 1:13</string>
      <VerseData>
        <Cluster>
          <Range Index="17" Length="3" />
          <Lexeme Id="Word:lap" GlossId="njENGple" />
        </Cluster>
      </VerseData>
    </item>
    <item>
      <string>ZEC 1:14</string>
      <VerseData>
        <Cluster>
          <Range Index="119" Length="7" />
          <Lexeme Id="Word:daampee" GlossId="O9E98PHp" />
        </Cluster>
      </VerseData>
    </item>
    <item>
      <string>ZEC 1:15</string>
      <VerseData />
    </item>
    <item>
      <string>ZEC 1:16</string>
      <VerseData>
        <Cluster>
          <Range Index="28" Length="5" />
          <Lexeme Id="Word:baaji" GlossId="i2V8ixVb" />
        </Cluster>
        <Cluster>
          <Range Index="92" Length="2" />
          <Lexeme Id="Word:lu" GlossId="o17v49/q" />
        </Cluster>
        <Cluster>
          <Range Index="104" Length="6" />
          <Lexeme Id="Word:ɗangɓe" GlossId="TVZrLkGe" />
        </Cluster>
      </VerseData>
    </item>
    <item>
      <string>ZEC 1:17</string>
      <VerseData>
        <Cluster>
          <Range Index="189" Length="10" />
          <Lexeme Id="Phrase:nyem kɨlom" GlossId="1u0y1edK" />
        </Cluster>
      </VerseData>
    </item>
    <item>
      <string>ZEC 1:18</string>
      <VerseData />
    </item>
    <item>
      <string>ZEC 1:19</string>
      <VerseData>
        <Cluster>
          <Range Index="54" Length="2" />
          <Lexeme Id="Word:kɨ" GlossId="XnpMLw0H" />
        </Cluster>
        <Cluster>
          <Range Index="37" Length="2" />
          <Lexeme Id="Word:ɗi" GlossId="EaAlj7nd" />
        </Cluster>
        <Cluster>
          <Range Index="45" Length="2" />
          <Lexeme Id="Word:kɨ" GlossId="BDdT2R7D" />
        </Cluster>
        <Cluster>
          <Range Index="6" Length="3" />
          <Lexeme Id="Word:ɗee" GlossId="vw5cw4CV" />
        </Cluster>
        <Cluster>
          <Range Index="76" Length="4" />
          <Lexeme Id="Word:shii" GlossId="GocvLVei" />
        </Cluster>
        <Cluster>
          <Range Index="113" Length="3" />
          <Lexeme Id="Word:lap" GlossId="njENGple" />
        </Cluster>
        <Cluster>
          <Range Index="129" Length="6" />
          <Lexeme Id="Word:koppee" GlossId="kUUDk/Oh" />
        </Cluster>
      </VerseData>
    </item>
    <item>
      <string>ZEC 1:20</string>
      <VerseData />
    </item>
    <item>
      <string>ZEC 1:21</string>
      <VerseData />
    </item>
    <item>
      <string>ZEC 2:1</string>
      <VerseData />
    </item>
    <item>
      <string>ZEC 2:2</string>
      <VerseData>
        <Cluster>
          <Range Index="24" Length="2" />
          <Lexeme Id="Word:ni" GlossId="DKXEBqTO" />
        </Cluster>
      </VerseData>
    </item>
    <item>
      <string>ZEC 2:3</string>
      <VerseData />
    </item>
    <item>
      <string>ZEC 2:4</string>
      <VerseData />
    </item>
    <item>
      <string>ZEC 2:5</string>
      <VerseData />
    </item>
    <item>
      <string>ZEC 2:6</string>
      <VerseData>
        <Cluster>
          <Range Index="56" Length="5" />
          <Lexeme Id="Word:nɗeng" GlossId="+18xZAJg" />
        </Cluster>
        <Cluster>
          <Range Index="109" Length="6" />
          <Lexeme Id="Word:nkwang" GlossId="chqrqX+2" />
        </Cluster>
        <Cluster>
          <Range Index="5" Length="5" />
          <Lexeme Id="Word:yaawe" GlossId="/k6CdaMN" />
        </Cluster>
      </VerseData>
    </item>
    <item>
      <string>ZEC 2:7</string>
      <VerseData />
    </item>
    <item>
      <string>ZEC 1:5</string>
      <VerseData />
    </item>
    <item>
      <string>ZEC 1:6</string>
      <VerseData />
    </item>
    <item>
      <string>ZEC 1:10</string>
      <VerseData />
    </item>
    <item>
      <string>ZEC 2:8</string>
      <VerseData />
    </item>
    <item>
      <string>ZEC 2:9</string>
      <VerseData />
    </item>
    <item>
      <string>ZEC 2:10</string>
      <VerseData />
    </item>
    <item>
      <string>ZEC 2:11</string>
      <VerseData>
        <Cluster>
          <Range Index="122" Length="6" />
          <Lexeme Id="Word:ɗangɓe" GlossId="NRIZhm7t" />
        </Cluster>
      </VerseData>
    </item>
    <item>
      <string>ZEC 2:12</string>
      <VerseData />
    </item>
    <item>
      <string>ZEC 2:13</string>
      <VerseData />
    </item>
    <item>
      <string>ZEC 3:1</string>
      <VerseData />
    </item>
    <item>
      <string>ZEC 3:0</string>
      <VerseData />
    </item>
    <item>
      <string>ZEC 3:2</string>
      <VerseData />
    </item>
    <item>
      <string>ZEC 3:3</string>
      <VerseData>
        <Cluster>
          <Range Index="18" Length="2" />
          <Lexeme Id="Word:kɨ" GlossId="XnpMLw0H" />
        </Cluster>
        <Cluster>
          <Range Index="31" Length="3" />
          <Lexeme Id="Word:lee" GlossId="cvmt+QtK" />
        </Cluster>
      </VerseData>
    </item>
    <item>
      <string>ZEC 3:4</string>
      <VerseData>
        <Cluster>
          <Range Index="220" Length="3" />
          <Lexeme Id="Word:lop" GlossId="R4u2tVwb" />
        </Cluster>
      </VerseData>
    </item>
    <item>
      <string>ZEC 3:5</string>
      <VerseData />
    </item>
    <item>
      <string>ZEC 3:6</string>
      <VerseData>
        <Cluster>
          <Range Index="5" Length="3" />
          <Lexeme Id="Word:ɗee" GlossId="vw5cw4CV" />
        </Cluster>
      </VerseData>
    </item>
    <item>
      <string>ZEC 3:7</string>
      <VerseData>
        <Cluster>
          <Range Index="44" Length="7" />
          <Lexeme Id="Word:katɗang" GlossId="/Wfn7VOx" />
        </Cluster>
      </VerseData>
    </item>
    <item>
      <string>ZEC 3:8</string>
      <VerseData />
    </item>
    <item>
      <string>ZEC 3:9</string>
      <VerseData>
        <Cluster>
          <Range Index="98" Length="3" />
          <Lexeme Id="Word:yit" GlossId="9NHtGzR8" />
        </Cluster>
      </VerseData>
    </item>
    <item>
      <string>ZEC 3:10</string>
      <VerseData>
        <Cluster>
          <Range Index="98" Length="4" />
          <Lexeme Id="Word:ting" GlossId="nfvdImRN" />
        </Cluster>
        <Cluster>
          <Range Index="77" Length="4" />
          <Lexeme Id="Word:ting" GlossId="nfvdImRN" />
        </Cluster>
      </VerseData>
    </item>
    <item>
      <string>ZEC 4:1</string>
      <VerseData>
        <Cluster>
          <Range Index="21" Length="2" />
          <Lexeme Id="Word:ɗi" GlossId="EaAlj7nd" />
        </Cluster>
      </VerseData>
    </item>
    <item>
      <string>ZEC 4:2</string>
      <VerseData>
        <Cluster>
          <Range Index="165" Length="4" />
          <Lexeme Id="Word:vòot" GlossId="TOLZm2VX" />
        </Cluster>
        <Cluster>
          <Range Index="177" Length="8" />
          <Lexeme Id="Phrase:mwoor mo" GlossId="sJFlxsiH" />
        </Cluster>
      </VerseData>
    </item>
    <item>
      <string>ZEC 4:5</string>
      <VerseData />
    </item>
    <item>
      <string>ZEC 4:3</string>
      <VerseData>
        <Cluster>
          <Range Index="12" Length="4" />
          <Lexeme Id="Word:ting" GlossId="nfvdImRN" />
        </Cluster>
        <Cluster>
          <Range Index="17" Length="4" />
          <Lexeme Id="Word:paat" GlossId="2cZfGvci" />
        </Cluster>
      </VerseData>
    </item>
    <item>
      <string>ZEC 4:4</string>
      <VerseData />
    </item>
    <item>
      <string>ZEC 4:10</string>
      <VerseData />
    </item>
    <item>
      <string>ZEC 4:9</string>
      <VerseData>
        <Cluster>
          <Range Index="106" Length="6" />
          <Lexeme Id="Word:ɗangɓe" GlossId="NRIZhm7t" />
        </Cluster>
      </VerseData>
    </item>
    <item>
      <string>ZEC 4:6</string>
      <VerseData />
    </item>
    <item>
      <string>ZEC 4:11</string>
      <VerseData />
    </item>
    <item>
      <string>ZEC 4:12</string>
      <VerseData>
        <Cluster>
          <Range Index="30" Length="4" />
          <Lexeme Id="Word:song" GlossId="oRvcCccb" />
        </Cluster>
        <Cluster>
          <Range Index="39" Length="4" />
          <Lexeme Id="Word:ting" GlossId="nfvdImRN" />
        </Cluster>
        <Cluster>
          <Range Index="44" Length="4" />
          <Lexeme Id="Word:paat" GlossId="2cZfGvci" />
        </Cluster>
        <Cluster>
          <Range Index="49" Length="6" />
          <Lexeme Id="Word:ɗiivul" GlossId="zQ0or7cS" />
        </Cluster>
        <Cluster>
          <Range Index="77" Length="6" />
          <Lexeme Id="Word:ɗiivul" GlossId="zQ0or7cS" />
        </Cluster>
      </VerseData>
    </item>
    <item>
      <string>ZEC 4:13</string>
      <VerseData />
    </item>
    <item>
      <string>ZEC 4:14</string>
      <VerseData>
        <Cluster>
          <Range Index="32" Length="6" />
          <Lexeme Id="Word:ɗiivul" GlossId="zQ0or7cS" />
        </Cluster>
      </VerseData>
    </item>
    <item>
      <string>ZEC 4:0</string>
      <VerseData />
    </item>
    <item>
      <string>ZEC 4:7</string>
      <VerseData />
    </item>
    <item>
      <string>ZEC 4:8</string>
      <VerseData />
    </item>
    <item>
      <string>ZEC 5:4</string>
      <VerseData />
    </item>
    <item>
      <string>ZEC 5:5</string>
      <VerseData />
    </item>
    <item>
      <string>ZEC 5:6</string>
      <VerseData>
        <Cluster>
          <Range Index="114" Length="2" />
          <Lexeme Id="Word:kɨ" GlossId="gYGthKa8" />
        </Cluster>
      </VerseData>
    </item>
    <item>
      <string>ZEC 5:0</string>
      <VerseData />
    </item>
    <item>
      <string>ZEC 5:7</string>
      <VerseData />
    </item>
    <item>
      <string>ZEC 5:8</string>
      <VerseData>
        <Cluster>
          <Range Index="155" Length="9" />
          <Lexeme Id="Word:ɗiitoghon" GlossId="0Ud6P8J7" />
        </Cluster>
      </VerseData>
    </item>
    <item>
      <string>ZEC 5:9</string>
      <VerseData />
    </item>
    <item>
      <string>ZEC 5:10</string>
      <VerseData />
    </item>
    <item>
      <string>ZEC 5:11</string>
      <VerseData />
    </item>
    <item>
      <string>ZEC 6:1</string>
      <VerseData />
    </item>
    <item>
      <string>ZEC 6:2</string>
      <VerseData />
    </item>
    <item>
      <string>ZEC 6:3</string>
      <VerseData />
    </item>
    <item>
      <string>ZEC 6:4</string>
      <VerseData />
    </item>
    <item>
      <string>ZEC 6:5</string>
      <VerseData />
    </item>
    <item>
      <string>ZEC 6:6</string>
      <VerseData />
    </item>
    <item>
      <string>ZEC 6:7</string>
      <VerseData />
    </item>
    <item>
      <string>ZEC 6:8</string>
      <VerseData />
    </item>
    <item>
      <string>ZEC 6:9</string>
      <VerseData />
    </item>
    <item>
      <string>ZEC 6:10</string>
      <VerseData>
        <Cluster>
          <Range Index="10" Length="3" />
          <Lexeme Id="Word:lap" GlossId="IgTUvBvj" />
        </Cluster>
        <Cluster>
          <Range Index="21" Length="2" />
          <Lexeme Id="Word:pe" GlossId="CwLL8tpY" />
        </Cluster>
      </VerseData>
    </item>
    <item>
      <string>ZEC 6:11</string>
      <VerseData>
        <Cluster>
          <Range Index="50" Length="1" />
          <Lexeme Id="Word:a" GlossId="LsHrYZ+T" />
        </Cluster>
        <Cluster>
          <Range Index="52" Length="3" />
          <Lexeme Id="Word:ɗak" GlossId="Fznmzq5F" />
        </Cluster>
        <Cluster>
          <Range Index="93" Length="1" />
          <Lexeme Id="Word:a" GlossId="LsHrYZ+T" />
        </Cluster>
        <Cluster>
          <Range Index="95" Length="3" />
          <Lexeme Id="Word:lop" GlossId="airEHJee" />
        </Cluster>
      </VerseData>
    </item>
    <item>
      <string>ZEC 6:12</string>
      <VerseData />
    </item>
    <item>
      <string>ZEC 2:0</string>
      <VerseData />
    </item>
    <item>
      <string>ZEC 5:1</string>
      <VerseData />
    </item>
    <item>
      <string>ZEC 5:2</string>
      <VerseData />
    </item>
    <item>
      <string>ZEC 5:3</string>
      <VerseData />
    </item>
    <item>
      <string>ZEC 7:1</string>
      <VerseData>
        <Cluster>
          <Range Index="55" Length="8" />
          <Lexeme Id="Word:mpashiya" GlossId="EULM0hQK" />
        </Cluster>
      </VerseData>
    </item>
    <item>
      <string>ZEC 7:2</string>
      <VerseData />
    </item>
    <item>
      <string>ZEC 7:3</string>
      <VerseData>
        <Cluster>
          <Range Index="165" Length="7" />
          <Lexeme Id="Word:ɗiipaat" GlossId="Kwmk1Ib9" />
        </Cluster>
      </VerseData>
    </item>
    <item>
      <string>ZEC 7:0</string>
      <VerseData>
        <Cluster>
          <Range Index="24" Length="3" />
          <Lexeme Id="Word:wet" GlossId="pzkqD2xG" />
        </Cluster>
        <Cluster>
          <Range Index="28" Length="2" />
          <Lexeme Id="Word:kɨ" GlossId="XnpMLw0H" />
        </Cluster>
      </VerseData>
    </item>
    <item>
      <string>ZEC 7:4</string>
      <VerseData />
    </item>
    <item>
      <string>ZEC 7:5</string>
      <VerseData />
    </item>
    <item>
      <string>ZEC 7:6</string>
      <VerseData />
    </item>
    <item>
      <string>ZEC 7:7</string>
      <VerseData />
    </item>
    <item>
      <string>ZEC 7:8</string>
      <VerseData />
    </item>
    <item>
      <string>ZEC 7:9</string>
      <VerseData>
        <Cluster>
          <Range Index="51" Length="5" />
          <Lexeme Id="Word:ɗyeel" GlossId="elE5h20D" />
        </Cluster>
        <Cluster>
          <Range Index="47" Length="3" />
          <Lexeme Id="Word:tok" GlossId="JdgMTMbg" />
        </Cluster>
      </VerseData>
    </item>
    <item>
      <string>ZEC 7:10</string>
      <VerseData />
    </item>
    <item>
      <string>ZEC 7:11</string>
      <VerseData />
    </item>
    <item>
      <string>ZEC 7:12</string>
      <VerseData>
        <Cluster>
          <Range Index="29" Length="7" />
          <Lexeme Id="Phrase:ɓal kaa" />
          <Excluded>true</Excluded>
        </Cluster>
        <Cluster>
          <Range Index="109" Length="4" />
          <Lexeme Id="Word:riin" GlossId="/KtzZwXF" />
        </Cluster>
        <Cluster>
          <Range Index="114" Length="4" />
          <Lexeme Id="Word:fɨri" GlossId="sp3uK4z9" />
        </Cluster>
      </VerseData>
    </item>
    <item>
      <string>ZEC 7:13</string>
      <VerseData />
    </item>
    <item>
      <string>ZEC 7:14</string>
      <VerseData>
        <Cluster>
          <Range Index="26" Length="7" />
          <Lexeme Id="Word:nkaghar" GlossId="cYOOtlxV" />
        </Cluster>
        <Cluster>
          <Range Index="94" Length="2" />
          <Lexeme Id="Word:mo" GlossId="Gbpyilzw" />
        </Cluster>
      </VerseData>
    </item>
    <item>
      <string>ZEC 8:1</string>
      <VerseData />
    </item>
    <item>
      <string>ZEC 8:2</string>
      <VerseData>
        <Cluster>
          <Range Index="98" Length="2" />
          <Lexeme Id="Word:ɗi" GlossId="nVwljiqc" />
        </Cluster>
        <Cluster>
          <Range Index="57" Length="3" />
          <Lexeme Id="Word:kɨn" GlossId="cSXDTY6h" />
        </Cluster>
      </VerseData>
    </item>
    <item>
      <string>ZEC 8:9</string>
      <VerseData>
        <Cluster>
          <Range Index="145" Length="6" />
          <Lexeme Id="Word:yaghal" GlossId="y/In08IR" />
        </Cluster>
      </VerseData>
    </item>
    <item>
      <string>ZEC 8:10</string>
      <VerseData>
        <Cluster>
          <Range Index="63" Length="4" />
          <Lexeme Id="Word:mang" GlossId="+FUjS15A" />
        </Cluster>
      </VerseData>
    </item>
    <item>
      <string>ZEC 8:11</string>
      <VerseData />
    </item>
    <item>
      <string>ZEC 8:12</string>
      <VerseData />
    </item>
    <item>
      <string>ZEC 8:13</string>
      <VerseData />
    </item>
    <item>
      <string>ZEC 8:14</string>
      <VerseData />
    </item>
    <item>
      <string>ZEC 8:15</string>
      <VerseData />
    </item>
    <item>
      <string>ZEC 8:16</string>
      <VerseData />
    </item>
    <item>
      <string>ZEC 8:17</string>
      <VerseData />
    </item>
    <item>
      <string>ZEC 8:18</string>
      <VerseData />
    </item>
    <item>
      <string>ZEC 8:19</string>
      <VerseData />
    </item>
    <item>
      <string>ZEC 8:20</string>
      <VerseData />
    </item>
    <item>
      <string>ZEC 8:21</string>
      <VerseData>
        <Cluster>
          <Range Index="17" Length="4" />
          <Lexeme Id="Word:mmee" GlossId="S5/ZsQj8" />
        </Cluster>
        <Cluster>
          <Range Index="48" Length="4" />
          <Lexeme Id="Word:mmee" GlossId="4BSfe1Hs" />
        </Cluster>
      </VerseData>
    </item>
    <item>
      <string>ZEC 9:0</string>
      <VerseData />
    </item>
    <item>
      <string>ZEC 9:1</string>
      <VerseData />
    </item>
    <item>
      <string>ZEC 12:1</string>
      <VerseData>
        <Cluster>
          <Range Index="22" Length="4" />
          <Lexeme Id="Word:tong" GlossId="hLBo/9Y8" />
        </Cluster>
        <Cluster>
          <Range Index="36" Length="2" />
          <Lexeme Id="Word:ɗi" GlossId="EaAlj7nd" />
        </Cluster>
      </VerseData>
    </item>
    <item>
      <string>ZEC 9:3</string>
      <VerseData>
        <Cluster>
          <Range Index="23" Length="3" />
          <Lexeme Id="Word:kok" GlossId="ekOl8d6M" />
        </Cluster>
        <Cluster>
          <Range Index="40" Length="4" />
          <Lexeme Id="Word:nsat" GlossId="T/9RT0Rf" />
        </Cluster>
      </VerseData>
    </item>
    <item>
      <string>ZEC 9:2</string>
      <VerseData />
    </item>
    <item>
      <string>ZEC 9:4</string>
      <VerseData>
        <Cluster>
          <Range Index="22" Length="4" />
          <Lexeme Id="Word:nlap" GlossId="j6Cod89B" />
        </Cluster>
      </VerseData>
    </item>
    <item>
      <string>ZEC 9:8</string>
      <VerseData />
    </item>
    <item>
      <string>ZEC 9:9</string>
      <VerseData>
        <Cluster>
          <Range Index="206" Length="3" />
          <Lexeme Id="Word:har" GlossId="rQjpMrLb" />
        </Cluster>
        <Cluster>
          <Range Index="191" Length="4" />
          <Lexeme Id="Word:lang" GlossId="4UFkMxpb" />
        </Cluster>
        <Cluster>
          <Range Index="196" Length="1" />
          <Lexeme Id="Word:a" GlossId="XjBzKPoB" />
        </Cluster>
        <Cluster>
          <Range Index="198" Length="6" />
          <Lexeme Id="Word:jaakii" GlossId="hcN5xAFZ" />
        </Cluster>
      </VerseData>
    </item>
    <item>
      <string>ZEC 9:10</string>
      <VerseData>
        <Cluster>
          <Range Index="174" Length="3" />
          <Lexeme Id="Word:njì" GlossId="F7CM5M3y" />
        </Cluster>
      </VerseData>
    </item>
    <item>
      <string>ZEC 9:11</string>
      <VerseData />
    </item>
    <item>
      <string>ZEC 9:12</string>
      <VerseData>
        <Cluster>
          <Range Index="65" Length="7" />
          <Lexeme Id="Word:canciin" GlossId="mo92RQK9" />
        </Cluster>
      </VerseData>
    </item>
    <item>
      <string>ZEC 9:13</string>
      <VerseData />
    </item>
    <item>
      <string>ZEC 9:14</string>
      <VerseData>
        <Cluster>
          <Range Index="24" Length="3" />
          <Lexeme Id="Word:kam" GlossId="Ex72lscY" />
        </Cluster>
      </VerseData>
    </item>
    <item>
      <string>ZEC 9:15</string>
      <VerseData>
        <Cluster>
          <Range Index="146" Length="5" />
          <Lexeme Id="Word:mɓeer" GlossId="3Z7nbdVB" />
        </Cluster>
      </VerseData>
    </item>
    <item>
      <string>ZEC 10:0</string>
      <VerseData />
    </item>
    <item>
      <string>ZEC 10:1</string>
      <VerseData>
        <Cluster>
          <Range Index="8" Length="4" />
          <Lexeme Id="Word:ɗang" GlossId="uIPlMHYl" />
        </Cluster>
        <Cluster>
          <Range Index="18" Length="2" />
          <Lexeme Id="Word:pu" GlossId="u50cuL6J" />
        </Cluster>
        <Cluster>
          <Range Index="128" Length="3" />
          <Lexeme Id="Word:kaa" GlossId="qJaKbNet" />
        </Cluster>
        <Cluster>
          <Range Index="86" Length="8" />
          <Lexeme Id="Word:nnɨtwoos" GlossId="JUqdlrrE" />
        </Cluster>
      </VerseData>
    </item>
    <item>
      <string>ZEC 10:9</string>
      <VerseData>
        <Cluster>
          <Range Index="45" Length="9" />
          <Lexeme Id="Phrase:jir kɨ si" GlossId="zZ2dVYqJ" />
        </Cluster>
      </VerseData>
    </item>
    <item>
      <string>ZEC 11:4</string>
      <VerseData>
        <Cluster>
          <Range Index="28" Length="1" />
          <Lexeme Id="Word:a" GlossId="LsHrYZ+T" />
        </Cluster>
      </VerseData>
    </item>
    <item>
      <string>ZEC 11:0</string>
      <VerseData />
    </item>
    <item>
      <string>ZEC 11:7</string>
      <VerseData>
        <Cluster>
          <Range Index="79" Length="4" />
          <Lexeme Id="Word:mang" GlossId="A+E4coZ6" />
        </Cluster>
        <Cluster>
          <Range Index="100" Length="3" />
          <Lexeme Id="Word:naa" GlossId="cNJZSK5x" />
        </Cluster>
        <Cluster>
          <Range Index="130" Length="4" />
          <Lexeme Id="Word:nkam" GlossId="lcT7vm+R" />
        </Cluster>
        <Cluster>
          <Range Index="130" Length="4" />
          <Lexeme Id="Stem:n" />
          <Lexeme Id="Stem:kam" GlossId="RFkN8TgJ" />
        </Cluster>
      </VerseData>
    </item>
    <item>
      <string>ZEC 11:6</string>
      <VerseData />
    </item>
    <item>
      <string>ZEC 11:8</string>
      <VerseData />
    </item>
    <item>
      <string>ZEC 11:9</string>
      <VerseData />
    </item>
    <item>
      <string>ZEC 11:10</string>
      <VerseData>
        <Cluster>
          <Range Index="71" Length="6" />
          <Lexeme Id="Word:roghop" GlossId="vCS8++SZ" />
        </Cluster>
      </VerseData>
    </item>
    <item>
      <string>ZEC 11:11</string>
      <VerseData />
    </item>
    <item>
      <string>ZEC 11:12</string>
      <VerseData>
        <Cluster>
          <Range Index="26" Length="7" />
          <Lexeme Id="Word:katɗang" GlossId="/Wfn7VOx" />
        </Cluster>
        <Cluster>
          <Range Index="100" Length="4" />
          <Lexeme Id="Word:ɗyel" GlossId="C7xFeqoh" />
        </Cluster>
      </VerseData>
    </item>
    <item>
      <string>ZEC 11:17</string>
      <VerseData />
    </item>
    <item>
      <string>ZEC 12:0</string>
      <VerseData />
    </item>
    <item>
      <string>ZEC 12:14</string>
      <VerseData />
    </item>
    <item>
      <string>ZEC 13:1</string>
      <VerseData>
        <Cluster>
          <Range Index="41" Length="7" />
          <Lexeme Id="Word:katɗang" GlossId="0Rlt6JDV" />
        </Cluster>
        <Cluster>
          <Range Index="57" Length="3" />
          <Lexeme Id="Word:wul" GlossId="AFAPMPYo" />
        </Cluster>
      </VerseData>
    </item>
    <item>
      <string>ZEC 13:0</string>
      <VerseData />
    </item>
    <item>
      <string>ZEC 12:10</string>
      <VerseData />
    </item>
    <item>
      <string>ZEC 12:8</string>
      <VerseData />
    </item>
    <item>
      <string>ZEC 13:2</string>
      <VerseData />
    </item>
    <item>
      <string>ZEC 13:3</string>
      <VerseData />
    </item>
    <item>
      <string>ZEC 13:4</string>
      <VerseData />
    </item>
    <item>
      <string>ZEC 12:2</string>
      <VerseData />
    </item>
    <item>
      <string>ZEC 12:3</string>
      <VerseData />
    </item>
    <item>
      <string>ZEC 12:4</string>
      <VerseData />
    </item>
    <item>
      <string>ZEC 12:5</string>
      <VerseData />
    </item>
    <item>
      <string>ZEC 12:6</string>
      <VerseData />
    </item>
    <item>
      <string>ZEC 12:7</string>
      <VerseData />
    </item>
    <item>
      <string>ZEC 13:5</string>
      <VerseData />
    </item>
    <item>
      <string>ZEC 13:6</string>
      <VerseData />
    </item>
    <item>
      <string>ZEC 13:7</string>
      <VerseData>
        <Cluster>
          <Range Index="120" Length="6" />
          <Lexeme Id="Word:shwóor" GlossId="WuzeZoxY" />
        </Cluster>
      </VerseData>
    </item>
    <item>
      <string>ZEC 13:9</string>
      <VerseData>
        <Cluster>
          <Range Index="12" Length="5" />
          <Lexeme Id="Word:nkyam" GlossId="xw+eL/oD" />
        </Cluster>
      </VerseData>
    </item>
    <item>
      <string>ZEC 13:8</string>
      <VerseData />
    </item>
    <item>
      <string>ZEC 14:1</string>
      <VerseData />
    </item>
    <item>
      <string>ZEC 14:2</string>
      <VerseData>
        <Cluster>
          <Range Index="125" Length="7" />
          <Lexeme Id="Word:ntɨreng" GlossId="Bek2G7KA" />
        </Cluster>
      </VerseData>
    </item>
    <item>
      <string>ZEC 14:0</string>
      <VerseData />
    </item>
    <item>
      <string>ZEC 14:3</string>
      <VerseData />
    </item>
    <item>
      <string>ZEC 14:4</string>
      <VerseData />
    </item>
    <item>
      <string>ZEC 14:5</string>
      <VerseData />
    </item>
    <item>
      <string>ZEC 14:6</string>
      <VerseData>
        <Cluster>
          <Range Index="53" Length="6" />
          <Lexeme Id="Word:zughum" GlossId="GMIoYj1v" />
        </Cluster>
      </VerseData>
    </item>
    <item>
      <string>ZEC 14:7</string>
      <VerseData>
        <Cluster>
          <Range Index="9" Length="5" />
          <Lexeme Id="Phrase:ɗen a" GlossId="6gL+QWBS" />
        </Cluster>
      </VerseData>
    </item>
    <item>
      <string>ZEC 14:8</string>
      <VerseData>
        <Cluster>
          <Range Index="182" Length="3" />
          <Lexeme Id="Word:pas" GlossId="HK5Vw8y4" />
        </Cluster>
        <Cluster>
          <Range Index="172" Length="6" />
          <Lexeme Id="Word:lughun" GlossId="tcUqV9mC" />
        </Cluster>
      </VerseData>
    </item>
    <item>
      <string>ZEC 14:9</string>
      <VerseData />
    </item>
    <item>
      <string>ZEC 14:10</string>
      <VerseData />
    </item>
    <item>
      <string>ZEC 14:11</string>
      <VerseData />
    </item>
    <item>
      <string>ZEC 14:12</string>
      <VerseData>
        <Cluster>
          <Range Index="97" Length="3" />
          <Lexeme Id="Word:kum" GlossId="iAf++DDl" />
        </Cluster>
        <Cluster>
          <Range Index="198" Length="7" />
          <Lexeme Id="Word:kongyit" GlossId="8G0KFMq4" />
        </Cluster>
        <Cluster>
          <Range Index="242" Length="4" />
          <Lexeme Id="Word:ngɨn" GlossId="aSX0Wa9X" />
        </Cluster>
      </VerseData>
    </item>
    <item>
      <string>ZEC 14:13</string>
      <VerseData />
    </item>
    <item>
      <string>ZEC 14:14</string>
      <VerseData />
    </item>
    <item>
      <string>ZEC 14:15</string>
      <VerseData>
        <Cluster>
          <Range Index="72" Length="6" />
          <Lexeme Id="Word:rakumi" GlossId="Txl5b+lm" />
        </Cluster>
      </VerseData>
    </item>
    <item>
      <string>ZEC 14:16</string>
      <VerseData />
    </item>
    <item>
      <string>ZEC 14:17</string>
      <VerseData />
    </item>
    <item>
      <string>ZEC 14:18</string>
      <VerseData>
        <Cluster>
          <Range Index="6" Length="7" />
          <Lexeme Id="Word:katɗang" GlossId="/Wfn7VOx" />
        </Cluster>
        <Cluster>
          <Range Index="30" Length="3" />
          <Lexeme Id="Word:kaa" GlossId="H/AO77/y" />
        </Cluster>
        <Cluster>
          <Range Index="45" Length="4" />
          <Lexeme Id="Word:mpee" GlossId="9L/a+fIO" />
        </Cluster>
      </VerseData>
    </item>
    <item>
      <string>ZEC 9:5</string>
      <VerseData>
        <Cluster>
          <Range Index="100" Length="7" />
          <Lexeme Id="Word:nvureng" GlossId="nWfPZnu+" />
        </Cluster>
      </VerseData>
    </item>
    <item>
      <string>ZEC 9:6</string>
      <VerseData />
    </item>
    <item>
      <string>ZEC 9:7</string>
      <VerseData />
    </item>
    <item>
      <string>ZEC 10:2</string>
      <VerseData />
    </item>
    <item>
      <string>ZEC 11:2</string>
      <VerseData>
        <Cluster>
          <Range Index="29" Length="7" />
          <Lexeme Id="Word:saipres" GlossId="fUPBXEvk" />
        </Cluster>
      </VerseData>
    </item>
    <item>
      <string>ZEC 11:3</string>
      <VerseData />
    </item>
    <item>
      <string>ZEC 11:5</string>
      <VerseData />
    </item>
    <item>
      <string>ZEC 11:13</string>
      <VerseData />
    </item>
    <item>
      <string>ZEC 11:14</string>
      <VerseData />
    </item>
    <item>
      <string>ZEC 11:15</string>
      <VerseData />
    </item>
    <item>
      <string>ZEC 11:16</string>
      <VerseData>
        <Cluster>
          <Range Index="282" Length="6" />
          <Lexeme Id="Word:kaghap" GlossId="VW25hM4a" />
        </Cluster>
      </VerseData>
    </item>
    <item>
      <string>ZEC 10:3</string>
      <VerseData />
    </item>
    <item>
      <string>ZEC 10:5</string>
      <VerseData />
    </item>
    <item>
      <string>ZEC 10:6</string>
      <VerseData>
        <Cluster>
          <Range Index="76" Length="6" />
          <Lexeme Id="Word:mbaaji" GlossId="DbRDT8kN" />
        </Cluster>
      </VerseData>
    </item>
    <item>
      <string>ZEC 10:7</string>
      <VerseData />
    </item>
    <item>
      <string>ZEC 10:8</string>
      <VerseData />
    </item>
    <item>
      <string>ZEC 10:10</string>
      <VerseData />
    </item>
    <item>
      <string>ZEC 10:11</string>
      <VerseData>
        <Cluster>
          <Range Index="70" Length="5" />
          <Lexeme Id="Word:nsham" GlossId="K5P/fIj7" />
        </Cluster>
      </VerseData>
    </item>
    <item>
      <string>ZEC 10:12</string>
      <VerseData />
    </item>
    <item>
      <string>ZEC 11:1</string>
      <VerseData />
    </item>
    <item>
      <string>ZEC 12:9</string>
      <VerseData />
    </item>
    <item>
      <string>ZEC 12:11</string>
      <VerseData />
    </item>
    <item>
      <string>ZEC 12:12</string>
      <VerseData />
    </item>
    <item>
      <string>ZEC 12:13</string>
      <VerseData />
    </item>
    <item>
      <string>ZEC 14:19</string>
      <VerseData />
    </item>
    <item>
      <string>ZEC 14:20</string>
      <VerseData />
    </item>
    <item>
      <string>ZEC 14:21</string>
      <VerseData />
    </item>
  </Verses>
</InterlinearData>