﻿<?xml version="1.0" encoding="utf-8"?>
<InterlinearData ScrTextName="zz_SUR" GlossLanguage="English" BookId="EST">
  <Verses>
    <item>
      <string>EST 6:13</string>
      <VerseData>
        <Cluster>
          <Range Index="67" Length="6" />
          <Lexeme Id="Word:zeresh" GlossId="1/9t7kFh" />
        </Cluster>
      </VerseData>
    </item>
    <item>
      <string>EST 3:7</string>
      <VerseData />
    </item>
    <item>
      <string>EST 9:24</string>
      <VerseData />
    </item>
    <item>
      <string>EST 9:26</string>
      <VerseData>
        <Cluster>
          <Range Index="44" Length="4" />
          <Lexeme Id="Stem:koos" GlossId="/MYw63FQ" />
        </Cluster>
        <Cluster>
          <Range Index="44" Length="4" />
          <Lexeme Id="Word:koos" GlossId="RLh5g1ET" />
        </Cluster>
        <Cluster>
          <Range Index="33" Length="5" />
          <Lexeme Id="Word:haman" GlossId="04o7t8O+" />
        </Cluster>
        <Cluster>
          <Range Index="33" Length="5" />
          <Lexeme Id="Stem:haman" GlossId="d75qBY9p" />
        </Cluster>
        <Cluster>
          <Range Index="54" Length="3" />
          <Lexeme Id="Word:pur" GlossId="rgFTzaVF" />
        </Cluster>
        <Cluster>
          <Range Index="118" Length="5" />
          <Lexeme Id="Word:purim" GlossId="vlKSNFD9" />
        </Cluster>
        <Cluster>
          <Range Index="157" Length="7" />
          <Lexeme Id="Word:modekai" GlossId="NHJqEUrO" />
        </Cluster>
        <Cluster>
          <Range Index="157" Length="7" />
          <Lexeme Id="Stem:modekai" GlossId="6qd0s+bv" />
        </Cluster>
      </VerseData>
    </item>
  </Verses>
</InterlinearData>