﻿<?xml version="1.0" encoding="utf-8"?>
<InterlinearData ScrTextName="zz_SUR" GlossLanguage="English" BookId="1KI">
  <Verses>
    <item>
      <string>1KI 20:0</string>
      <VerseData>
        <Cluster>
          <Range Index="19" Length="2" />
          <Lexeme Id="Word:so" GlossId="oa5ympYD" />
        </Cluster>
        <Cluster>
          <Range Index="27" Length="3" />
          <Lexeme Id="Word:lek" GlossId="9hVM2tv9" />
        </Cluster>
        <Cluster>
          <Range Index="22" Length="4" />
          <Lexeme Id="Word:ɓwot" GlossId="P7puplbk" />
        </Cluster>
        <Cluster>
          <Range Index="31" Length="4" />
          <Lexeme Id="Word:nkaa" GlossId="Gj6M3M6x" />
        </Cluster>
        <Cluster>
          <Range Index="36" Length="8" />
          <Lexeme Id="Word:samariya" GlossId="4KQPW31J" />
        </Cluster>
        <Cluster>
          <Range Index="9" Length="9" />
          <Lexeme Id="Phrase:ben hadad" GlossId="BbUEHQqY" />
        </Cluster>
      </VerseData>
    </item>
    <item>
      <string>1KI 20:35</string>
      <VerseData />
    </item>
    <item>
      <string>1KI 20:36</string>
      <VerseData>
        <Cluster>
          <Range Index="148" Length="3" />
          <Lexeme Id="Word:met" GlossId="jTsuVpfT" />
        </Cluster>
        <Cluster>
          <Range Index="180" Length="3" />
          <Lexeme Id="Word:ɗee" GlossId="vw5cw4CV" />
        </Cluster>
        <Cluster>
          <Range Index="203" Length="6" />
          <Lexeme Id="Phrase:ɗel so" GlossId="fKsAc4wn" />
        </Cluster>
        <Cluster>
          <Range Index="229" Length="2" />
          <Lexeme Id="Word:kɨ" GlossId="HLTNeslC" />
        </Cluster>
        <Cluster>
          <Range Index="100" Length="7" />
          <Lexeme Id="Word:katɗang" GlossId="0Rlt6JDV" />
        </Cluster>
        <Cluster>
          <Range Index="122" Length="2" />
          <Lexeme Id="Word:kɨ" GlossId="XnpMLw0H" />
        </Cluster>
        <Cluster>
          <Range Index="137" Length="3" />
          <Lexeme Id="Word:mee" GlossId="FvQwDmZK" />
        </Cluster>
        <Cluster>
          <Range Index="152" Length="1" />
          <Lexeme Id="Word:a" GlossId="XjBzKPoB" />
        </Cluster>
      </VerseData>
    </item>
    <item>
      <string>1KI 20:37</string>
      <VerseData>
        <Cluster>
          <Range Index="111" Length="7" />
          <Lexeme Id="Phrase:ni aasi" GlossId="u8sQ9G6w" />
        </Cluster>
        <Cluster>
          <Range Index="122" Length="3" />
          <Lexeme Id="Word:daa" GlossId="CBqfkcsV" />
        </Cluster>
        <Cluster>
          <Range Index="44" Length="3" />
          <Lexeme Id="Word:daa" GlossId="CBqfkcsV" />
        </Cluster>
      </VerseData>
    </item>
    <item>
      <string>1KI 20:38</string>
      <VerseData>
        <Cluster>
          <Range Index="32" Length="2" />
          <Lexeme Id="Word:so" GlossId="oa5ympYD" />
        </Cluster>
        <Cluster>
          <Range Index="55" Length="3" />
          <Lexeme Id="Word:kum" GlossId="GXA9FsQa" />
        </Cluster>
        <Cluster>
          <Range Index="70" Length="2" />
          <Lexeme Id="Word:ɗi" GlossId="H0eEJSBq" />
        </Cluster>
        <Cluster>
          <Range Index="102" Length="4" />
          <Lexeme Id="Word:taji" GlossId="rrycKivm" />
        </Cluster>
        <Cluster>
          <Range Index="96" Length="5" />
          <Lexeme Id="Word:fwaat" GlossId="3n7xp4W3" />
        </Cluster>
        <Cluster>
          <Range Index="96" Length="5" />
          <Lexeme Id="Stem:fwaat" GlossId="QnBb3WdX" />
        </Cluster>
      </VerseData>
    </item>
    <item>
      <string>1KI 20:39</string>
      <VerseData>
        <Cluster>
          <Range Index="28" Length="1" />
          <Lexeme Id="Word:a" GlossId="WT42eOvt" />
        </Cluster>
        <Cluster>
          <Range Index="33" Length="3" />
          <Lexeme Id="Word:ɗel" GlossId="KKXJQ19G" />
        </Cluster>
        <Cluster>
          <Range Index="28" Length="4" />
          <Lexeme Id="Phrase:a ar" GlossId="PVhZEMQO" />
        </Cluster>
        <Cluster>
          <Range Index="202" Length="6" />
          <Lexeme Id="Word:lagham" GlossId="izj+CYl1" />
        </Cluster>
        <Cluster>
          <Range Index="214" Length="5" />
          <Lexeme Id="Word:nlang" GlossId="ZdwxvVlO" />
        </Cluster>
        <Cluster>
          <Range Index="262" Length="2" />
          <Lexeme Id="Stem:a" GlossId="KVZfXU8F" />
          <Lexeme Id="Stem:n" GlossId="nnwdKKcz" />
        </Cluster>
        <Cluster>
          <Range Index="262" Length="2" />
          <Lexeme Id="Word:an" GlossId="jGcksklm" />
        </Cluster>
        <Cluster>
          <Range Index="271" Length="7" />
          <Lexeme Id="Word:shaghal" GlossId="rfJdTz8I" />
        </Cluster>
        <Cluster>
          <Range Index="214" Length="5" />
          <Lexeme Id="Prefix:n" />
          <Lexeme Id="Stem:lang" GlossId="RGOzCUQ2" />
        </Cluster>
      </VerseData>
    </item>
    <item>
      <string>1KI 20:40</string>
      <VerseData>
        <Cluster>
          <Range Index="51" Length="6" />
          <Lexeme Id="Word:lagham" GlossId="izj+CYl1" />
        </Cluster>
        <Cluster>
          <Range Index="58" Length="5" />
          <Lexeme Id="Word:ɗyaas" GlossId="8Th0eCcW" />
        </Cluster>
        <Cluster>
          <Range Index="16" Length="3" />
          <Lexeme Id="Word:ɗee" GlossId="2TTuOFS3" />
        </Cluster>
        <Cluster>
          <Range Index="16" Length="3" />
          <Lexeme Id="Stem:ɗee" GlossId="BWglncoi" />
        </Cluster>
        <Cluster>
          <Range Index="100" Length="1" />
          <Lexeme Id="Word:a" GlossId="S0SOwU+a" />
        </Cluster>
        <Cluster>
          <Range Index="147" Length="4" />
          <Lexeme Id="Prefix:n" GlossId="MnzIYWQK" />
          <Lexeme Id="Stem:sak" GlossId="gUYxKpos" />
        </Cluster>
        <Cluster>
          <Range Index="147" Length="4" />
          <Lexeme Id="Word:nsak" GlossId="P8Kj7xes" />
        </Cluster>
      </VerseData>
    </item>
    <item>
      <string>1KI 20:41</string>
      <VerseData />
    </item>
    <item>
      <string>1KI 20:43</string>
      <VerseData>
        <Cluster>
          <Range Index="29" Length="2" />
          <Lexeme Id="Word:kɨ" GlossId="XnpMLw0H" />
        </Cluster>
        <Cluster>
          <Range Index="67" Length="7" />
          <Lexeme Id="Prefix:n" GlossId="p6M/XpAL" />
          <Lexeme Id="Stem:kɨpang" />
        </Cluster>
        <Cluster>
          <Range Index="67" Length="7" />
          <Lexeme Id="Word:nkɨpang" GlossId="MA52Yxmq" />
        </Cluster>
        <Cluster>
          <Range Index="80" Length="9" />
          <Lexeme Id="Prefix:n" GlossId="k7xG9kFI" />
          <Lexeme Id="Stem:samariya" />
        </Cluster>
        <Cluster>
          <Range Index="80" Length="9" />
          <Lexeme Id="Word:nsamariya" GlossId="U9Hlawzp" />
        </Cluster>
        <Cluster>
          <Range Index="25" Length="3" />
          <Lexeme Id="Word:wùp" GlossId="pn0F8cZD" />
        </Cluster>
      </VerseData>
    </item>
    <item>
      <string>1KI 20:42</string>
      <VerseData>
        <Cluster>
          <Range Index="182" Length="2" />
          <Lexeme Id="Word:kɨ" GlossId="gYGthKa8" />
        </Cluster>
        <Cluster>
          <Range Index="200" Length="1" />
          <Lexeme Id="Word:a" GlossId="VWfPCJYG" />
        </Cluster>
        <Cluster>
          <Range Index="190" Length="6" />
          <Lexeme Id="Word:nwagha" GlossId="nKThH1Zv" />
        </Cluster>
      </VerseData>
    </item>
    <item>
      <string>1KI 21:1</string>
      <VerseData>
        <Cluster>
          <Range Index="20" Length="3" />
          <Lexeme Id="Word:mee" GlossId="FvQwDmZK" />
        </Cluster>
        <Cluster>
          <Range Index="49" Length="1" />
          <Lexeme Id="Word:a" GlossId="VWfPCJYG" />
        </Cluster>
        <Cluster>
          <Range Index="28" Length="8" />
          <Lexeme Id="Prefix:n" GlossId="clxSBv2q" />
          <Lexeme Id="Stem:jezreel" GlossId="wZR2k04a" />
        </Cluster>
        <Cluster>
          <Range Index="28" Length="8" />
          <Lexeme Id="Word:njezreel" GlossId="jSx+EPlL" />
        </Cluster>
        <Cluster>
          <Range Index="51" Length="5" />
          <Lexeme Id="Word:nabot" GlossId="teV4b5Rw" />
        </Cluster>
        <Cluster>
          <Range Index="51" Length="5" />
          <Lexeme Id="Stem:nabot" GlossId="/qHqOi6B" />
        </Cluster>
        <Cluster>
          <Range Index="65" Length="2" />
          <Lexeme Id="Word:kɨ" GlossId="y7y079dc" />
        </Cluster>
        <Cluster>
          <Range Index="68" Length="3" />
          <Lexeme Id="Word:mee" GlossId="FvQwDmZK" />
        </Cluster>
        <Cluster>
          <Range Index="92" Length="2" />
          <Lexeme Id="Word:kɨ" GlossId="gYGthKa8" />
        </Cluster>
      </VerseData>
    </item>
    <item>
      <string>1KI 21:0</string>
      <VerseData />
    </item>
    <item>
      <string>1KI 1:32</string>
      <VerseData />
    </item>
    <item>
      <string>1KI 21:2</string>
      <VerseData>
        <Cluster>
          <Range Index="17" Length="6" />
          <Lexeme Id="Prefix:n" GlossId="p6M/XpAL" />
          <Lexeme Id="Stem:nabot" />
        </Cluster>
        <Cluster>
          <Range Index="17" Length="6" />
          <Lexeme Id="Word:nnabot" GlossId="xjFFoDoK" />
        </Cluster>
        <Cluster>
          <Range Index="77" Length="2" />
          <Lexeme Id="Word:ɗi" GlossId="H0eEJSBq" />
        </Cluster>
        <Cluster>
          <Range Index="69" Length="7" />
          <Lexeme Id="Word:pumbwan" GlossId="mxNewfl/" />
        </Cluster>
        <Cluster>
          <Range Index="202" Length="7" />
          <Lexeme Id="Word:shaghal" GlossId="rfJdTz8I" />
        </Cluster>
        <Cluster>
          <Range Index="90" Length="6" />
          <Lexeme Id="Word:ɗoghom" GlossId="6bHzAY/e" />
        </Cluster>
        <Cluster>
          <Range Index="37" Length="4" />
          <Lexeme Id="Word:bong" GlossId="akLdHEUt" />
        </Cluster>
      </VerseData>
    </item>
    <item>
      <string>1KI 21:3</string>
      <VerseData>
        <Cluster>
          <Range Index="29" Length="8" />
          <Lexeme Id="Phrase:naan zok" GlossId="zK1XV6eG" />
        </Cluster>
      </VerseData>
    </item>
    <item>
      <string>1KI 21:4</string>
      <VerseData>
        <Cluster>
          <Range Index="26" Length="2" />
          <Lexeme Id="Word:so" GlossId="oa5ympYD" />
        </Cluster>
        <Cluster>
          <Range Index="43" Length="2" />
          <Lexeme Id="Word:kɨ" GlossId="XnpMLw0H" />
        </Cluster>
        <Cluster>
          <Range Index="161" Length="2" />
          <Lexeme Id="Word:so" GlossId="oa5ympYD" />
        </Cluster>
        <Cluster>
          <Range Index="168" Length="4" />
          <Lexeme Id="Word:nkaa" GlossId="nFsCxfRc" />
        </Cluster>
        <Cluster>
          <Range Index="201" Length="2" />
          <Lexeme Id="Word:kɨ" GlossId="HLTNeslC" />
        </Cluster>
        <Cluster>
          <Range Index="204" Length="2" />
          <Lexeme Id="Word:po" GlossId="Fu3OcGbs" />
        </Cluster>
        <Cluster>
          <Range Index="117" Length="3" />
          <Lexeme Id="Word:kop" GlossId="XGGB56ql" />
        </Cluster>
      </VerseData>
    </item>
    <item>
      <string>1KI 21:5</string>
      <VerseData>
        <Cluster>
          <Range Index="25" Length="2" />
          <Lexeme Id="Word:so" GlossId="oa5ympYD" />
        </Cluster>
        <Cluster>
          <Range Index="60" Length="2" />
          <Lexeme Id="Word:kɨ" GlossId="XnpMLw0H" />
        </Cluster>
        <Cluster>
          <Range Index="85" Length="2" />
          <Lexeme Id="Word:ye" GlossId="ilc/aDWn" />
        </Cluster>
        <Cluster>
          <Range Index="89" Length="1" />
          <Lexeme Id="Word:a" GlossId="S0SOwU+a" />
        </Cluster>
      </VerseData>
    </item>
    <item>
      <string>1KI 21:6</string>
      <VerseData>
        <Cluster>
          <Range Index="30" Length="1" />
          <Lexeme Id="Word:a" GlossId="S0SOwU+a" />
        </Cluster>
        <Cluster>
          <Range Index="74" Length="2" />
          <Lexeme Id="Word:kɨ" GlossId="HLTNeslC" />
        </Cluster>
        <Cluster>
          <Range Index="128" Length="3" />
          <Lexeme Id="Word:mee" GlossId="FvQwDmZK" />
        </Cluster>
        <Cluster>
          <Range Index="152" Length="1" />
          <Lexeme Id="Word:a" GlossId="S0SOwU+a" />
        </Cluster>
        <Cluster>
          <Range Index="165" Length="2" />
          <Lexeme Id="Word:ni" GlossId="mUITusHQ" />
        </Cluster>
        <Cluster>
          <Range Index="161" Length="6" />
          <Lexeme Id="Phrase:kɨ̀ ni" GlossId="M/quNDE5" />
        </Cluster>
      </VerseData>
    </item>
    <item>
      <string>1KI 21:7</string>
      <VerseData>
        <Cluster>
          <Range Index="42" Length="1" />
          <Lexeme Id="Word:a" GlossId="WT42eOvt" />
        </Cluster>
        <Cluster>
          <Range Index="64" Length="2" />
          <Lexeme Id="Word:ni" GlossId="DKXEBqTO" />
        </Cluster>
        <Cluster>
          <Range Index="76" Length="2" />
          <Lexeme Id="Word:aa" GlossId="hu4IxDe7" />
        </Cluster>
        <Cluster>
          <Range Index="76" Length="2" />
          <Lexeme Id="Stem:aa" GlossId="znUW9GkR" />
        </Cluster>
        <Cluster>
          <Range Index="158" Length="4" />
          <Lexeme Id="Word:nlap" GlossId="oJ0w1dce" />
        </Cluster>
        <Cluster>
          <Range Index="193" Length="6" />
          <Lexeme Id="Word:nwagha" GlossId="dCjBpmcO" />
        </Cluster>
      </VerseData>
    </item>
    <item>
      <string>1KI 21:8</string>
      <VerseData>
        <Cluster>
          <Range Index="25" Length="6" />
          <Lexeme Id="Stem:wasika" GlossId="IQl1BsLP" />
        </Cluster>
      </VerseData>
    </item>
    <item>
      <string>1KI 21:9</string>
      <VerseData>
        <Cluster>
          <Range Index="23" Length="7" />
          <Lexeme Id="Prefix:n" GlossId="k7xG9kFI" />
          <Lexeme Id="Stem:wasika" GlossId="IQl1BsLP" />
        </Cluster>
        <Cluster>
          <Range Index="23" Length="7" />
          <Lexeme Id="Word:nwasika" GlossId="AbHQwt8v" />
        </Cluster>
      </VerseData>
    </item>
    <item>
      <string>1KI 21:10</string>
      <VerseData>
        <Cluster>
          <Range Index="19" Length="3" />
          <Lexeme Id="Word:mee" GlossId="6jafrjWq" />
        </Cluster>
        <Cluster>
          <Range Index="74" Length="4" />
          <Lexeme Id="Word:nkaa" GlossId="Vk4GNGzI" />
        </Cluster>
        <Cluster>
          <Range Index="88" Length="4" />
          <Lexeme Id="Word:wuri" GlossId="wzox1LvY" />
        </Cluster>
        <Cluster>
          <Range Index="136" Length="2" />
          <Lexeme Id="Word:kɨ" GlossId="lWTksVS/" />
        </Cluster>
        <Cluster>
          <Range Index="144" Length="6" />
          <Lexeme Id="Word:mbwoon" GlossId="LfwlaVFn" />
        </Cluster>
        <Cluster>
          <Range Index="168" Length="3" />
          <Lexeme Id="Word:car" GlossId="XDYo8ae9" />
        </Cluster>
        <Cluster>
          <Range Index="172" Length="4" />
          <Lexeme Id="Word:wuri" GlossId="wzox1LvY" />
        </Cluster>
        <Cluster>
          <Range Index="181" Length="5" />
          <Lexeme Id="Word:nding" GlossId="E03pp9cL" />
        </Cluster>
        <Cluster>
          <Range Index="198" Length="4" />
          <Lexeme Id="Word:muut" GlossId="ka5t8cuK" />
        </Cluster>
        <Cluster>
          <Range Index="203" Length="2" />
          <Lexeme Id="Word:ɗi" GlossId="H0eEJSBq" />
        </Cluster>
        <Cluster>
          <Range Index="23" Length="7" />
          <Lexeme Id="Phrase:jep kut" GlossId="j9gsxvmn" />
        </Cluster>
      </VerseData>
    </item>
    <item>
      <string>1KI 21:11</string>
      <VerseData />
    </item>
    <item>
      <string>1KI 21:12</string>
      <VerseData>
        <Cluster>
          <Range Index="12" Length="3" />
          <Lexeme Id="Word:mee" GlossId="FvQwDmZK" />
        </Cluster>
        <Cluster>
          <Range Index="27" Length="3" />
          <Lexeme Id="Word:wet" GlossId="pzkqD2xG" />
        </Cluster>
        <Cluster>
          <Range Index="27" Length="3" />
          <Lexeme Id="Stem:wet" GlossId="fwruOUGZ" />
        </Cluster>
        <Cluster>
          <Range Index="31" Length="2" />
          <Lexeme Id="Word:kɨ" GlossId="XnpMLw0H" />
        </Cluster>
        <Cluster>
          <Range Index="46" Length="3" />
          <Lexeme Id="Word:ndi" GlossId="gU3QZmht" />
        </Cluster>
      </VerseData>
    </item>
    <item>
      <string>1KI 21:13</string>
      <VerseData>
        <Cluster>
          <Range Index="58" Length="3" />
          <Lexeme Id="Word:yaa" GlossId="E+cnczaZ" />
        </Cluster>
        <Cluster>
          <Range Index="161" Length="2" />
          <Lexeme Id="Word:mo" GlossId="LxjF2idy" />
        </Cluster>
        <Cluster>
          <Range Index="201" Length="2" />
          <Lexeme Id="Word:kɨ" GlossId="HLTNeslC" />
        </Cluster>
        <Cluster>
          <Range Index="204" Length="2" />
          <Lexeme Id="Word:mo" GlossId="LxjF2idy" />
        </Cluster>
        <Cluster>
          <Range Index="207" Length="3" />
          <Lexeme Id="Word:car" GlossId="XDYo8ae9" />
        </Cluster>
        <Cluster>
          <Range Index="233" Length="4" />
          <Lexeme Id="Word:wuri" GlossId="wzox1LvY" />
        </Cluster>
        <Cluster>
          <Range Index="58" Length="3" />
          <Lexeme Id="Stem:yaa" GlossId="QwuLyjYo" />
        </Cluster>
        <Cluster>
          <Range Index="33" Length="4" />
          <Lexeme Id="Word:tong" GlossId="hLBo/9Y8" />
        </Cluster>
      </VerseData>
    </item>
    <item>
      <string>1KI 21:14</string>
      <VerseData />
    </item>
    <item>
      <string>1KI 21:15</string>
      <VerseData>
        <Cluster>
          <Range Index="16" Length="3" />
          <Lexeme Id="Word:ndi" GlossId="gU3QZmht" />
        </Cluster>
        <Cluster>
          <Range Index="42" Length="2" />
          <Lexeme Id="Word:kɨ" GlossId="lWTksVS/" />
        </Cluster>
        <Cluster>
          <Range Index="45" Length="3" />
          <Lexeme Id="Word:car" GlossId="XDYo8ae9" />
        </Cluster>
        <Cluster>
          <Range Index="55" Length="2" />
          <Lexeme Id="Word:kɨ" GlossId="WzORqb7y" />
        </Cluster>
        <Cluster>
          <Range Index="93" Length="1" />
          <Lexeme Id="Word:a" GlossId="LsHrYZ+T" />
        </Cluster>
        <Cluster>
          <Range Index="95" Length="6" />
          <Lexeme Id="Word:yaghal" GlossId="FAwuxh1/" />
        </Cluster>
        <Cluster>
          <Range Index="102" Length="1" />
          <Lexeme Id="Word:a" GlossId="LsHrYZ+T" />
        </Cluster>
        <Cluster>
          <Range Index="104" Length="3" />
          <Lexeme Id="Word:lap" GlossId="IgTUvBvj" />
        </Cluster>
        <Cluster>
          <Range Index="108" Length="9" />
          <Lexeme Id="Phrase:bong anab" GlossId="0GQumF+a" />
        </Cluster>
        <Cluster>
          <Range Index="153" Length="2" />
          <Lexeme Id="Word:kɨ" GlossId="HLTNeslC" />
        </Cluster>
        <Cluster>
          <Range Index="169" Length="1" />
          <Lexeme Id="Word:a" GlossId="LsHrYZ+T" />
        </Cluster>
      </VerseData>
    </item>
    <item>
      <string>1KI 21:16</string>
      <VerseData>
        <Cluster>
          <Range Index="103" Length="4" />
          <Lexeme Id="Word:ɗyel" GlossId="BA2dOwVL" />
        </Cluster>
      </VerseData>
    </item>
    <item>
      <string>1KI 21:17</string>
      <VerseData>
        <Cluster>
          <Range Index="40" Length="7" />
          <Lexeme Id="Prefix:n" GlossId="oYKLxMWO" />
          <Lexeme Id="Stem:tishbe" GlossId="d2gEEP+u" />
        </Cluster>
        <Cluster>
          <Range Index="40" Length="7" />
          <Lexeme Id="Word:ntishbe" GlossId="pXqAzPKX" />
        </Cluster>
      </VerseData>
    </item>
    <item>
      <string>1KI 21:18</string>
      <VerseData>
        <Cluster>
          <Range Index="99" Length="5" />
          <Lexeme Id="Prefix:m" GlossId="Njv6fhdQ" />
          <Lexeme Id="Stem:bong" />
        </Cluster>
        <Cluster>
          <Range Index="118" Length="2" />
          <Lexeme Id="Word:kɨ" GlossId="gYGthKa8" />
        </Cluster>
        <Cluster>
          <Range Index="133" Length="2" />
          <Lexeme Id="Word:kɨ" GlossId="lWTksVS/" />
        </Cluster>
        <Cluster>
          <Range Index="156" Length="3" />
          <Lexeme Id="Word:lap" GlossId="IgTUvBvj" />
        </Cluster>
        <Cluster>
          <Range Index="163" Length="4" />
          <Lexeme Id="Word:ɗyel" GlossId="BA2dOwVL" />
        </Cluster>
        <Cluster>
          <Range Index="168" Length="2" />
          <Lexeme Id="Word:ɗi" GlossId="H0eEJSBq" />
        </Cluster>
      </VerseData>
    </item>
    <item>
      <string>1KI 21:19</string>
      <VerseData>
        <Cluster>
          <Range Index="80" Length="4" />
          <Lexeme Id="Stem:long" GlossId="vZmXPBfa" />
        </Cluster>
        <Cluster>
          <Range Index="80" Length="4" />
          <Lexeme Id="Word:long" GlossId="qEfhm05X" />
        </Cluster>
        <Cluster>
          <Range Index="187" Length="2" />
          <Lexeme Id="Word:mo" GlossId="5kG/NbNs" />
        </Cluster>
        <Cluster>
          <Range Index="203" Length="2" />
          <Lexeme Id="Word:kɨ" GlossId="gYGthKa8" />
        </Cluster>
        <Cluster>
          <Range Index="212" Length="2" />
          <Lexeme Id="Word:ɗi" GlossId="H0eEJSBq" />
        </Cluster>
        <Cluster>
          <Range Index="225" Length="6" />
          <Lexeme Id="Prefix:m" GlossId="JYHCUOhy" />
          <Lexeme Id="Stem:ɓɨlem" />
        </Cluster>
        <Cluster>
          <Range Index="225" Length="6" />
          <Lexeme Id="Word:mɓɨlem" GlossId="S6ae4kzU" />
        </Cluster>
        <Cluster>
          <Range Index="246" Length="1" />
          <Lexeme Id="Word:a" GlossId="WT42eOvt" />
        </Cluster>
        <Cluster>
          <Range Index="248" Length="2" />
          <Lexeme Id="Word:ɗi" GlossId="H0eEJSBq" />
        </Cluster>
        <Cluster>
          <Range Index="190" Length="5" />
          <Lexeme Id="Stem:ɓɨlem" GlossId="WWVQl5iV" />
        </Cluster>
      </VerseData>
    </item>
    <item>
      <string>1KI 21:20</string>
      <VerseData>
        <Cluster>
          <Range Index="51" Length="2" />
          <Lexeme Id="Word:aa" GlossId="hu4IxDe7" />
        </Cluster>
        <Cluster>
          <Range Index="66" Length="2" />
          <Lexeme Id="Word:ɗi" GlossId="H0eEJSBq" />
        </Cluster>
        <Cluster>
          <Range Index="151" Length="2" />
          <Lexeme Id="Word:kɨ" GlossId="HLTNeslC" />
        </Cluster>
        <Cluster>
          <Range Index="154" Length="3" />
          <Lexeme Id="Word:kaa" GlossId="nN2ZvOdb" />
        </Cluster>
        <Cluster>
          <Range Index="186" Length="2" />
          <Lexeme Id="Word:mo" GlossId="5kG/NbNs" />
        </Cluster>
        <Cluster>
          <Range Index="189" Length="1" />
          <Lexeme Id="Word:a" GlossId="WT42eOvt" />
        </Cluster>
        <Cluster>
          <Range Index="146" Length="11" />
          <Lexeme Id="Phrase:seet kɨ kaa" GlossId="3hluKPsJ" />
        </Cluster>
      </VerseData>
    </item>
    <item>
      <string>1KI 21:21</string>
      <VerseData>
        <Cluster>
          <Range Index="53" Length="2" />
          <Lexeme Id="Word:aa" GlossId="7Bc6WEUs" />
        </Cluster>
        <Cluster>
          <Range Index="61" Length="3" />
          <Lexeme Id="Stem:n" GlossId="FHs0/mas" />
          <Lexeme Id="Stem:jì" GlossId="cKbDLWMP" />
        </Cluster>
        <Cluster>
          <Range Index="61" Length="3" />
          <Lexeme Id="Word:njì" GlossId="F7CM5M3y" />
        </Cluster>
        <Cluster>
          <Range Index="65" Length="2" />
          <Lexeme Id="Word:kɨ" GlossId="HLTNeslC" />
        </Cluster>
        <Cluster>
          <Range Index="65" Length="2" />
          <Lexeme Id="Stem:kɨ" GlossId="eMVIM/j3" />
        </Cluster>
        <Cluster>
          <Range Index="172" Length="3" />
          <Lexeme Id="Word:kaa" GlossId="nN2ZvOdb" />
        </Cluster>
        <Cluster>
          <Range Index="164" Length="16" />
          <Lexeme Id="Phrase:mo a mu kaa furu" GlossId="C/+82JMU" />
        </Cluster>
        <Cluster>
          <Range Index="47" Length="8" />
          <Lexeme Id="Phrase:a naa aa" GlossId="hCzN6SwP" />
        </Cluster>
      </VerseData>
    </item>
    <item>
      <string>1KI 21:22</string>
      <VerseData>
        <Cluster>
          <Range Index="83" Length="6" />
          <Lexeme Id="Stem:baasha" GlossId="YxDX2y60" />
        </Cluster>
      </VerseData>
    </item>
    <item>
      <string>1KI 21:23</string>
      <VerseData>
        <Cluster>
          <Range Index="57" Length="1" />
          <Lexeme Id="Word:a" GlossId="VWfPCJYG" />
        </Cluster>
        <Cluster>
          <Range Index="62" Length="3" />
          <Lexeme Id="Stem:mo" GlossId="XNJRK2TL" />
          <Lexeme Id="Stem:n" GlossId="nnwdKKcz" />
        </Cluster>
        <Cluster>
          <Range Index="62" Length="3" />
          <Lexeme Id="Word:mon" GlossId="dUq0N7dH" />
        </Cluster>
        <Cluster>
          <Range Index="70" Length="3" />
          <Lexeme Id="Word:kum" GlossId="XtXBAdva" />
        </Cluster>
        <Cluster>
          <Range Index="82" Length="1" />
          <Lexeme Id="Word:a" GlossId="QEVzPhrw" />
        </Cluster>
      </VerseData>
    </item>
    <item>
      <string>1KI 21:24</string>
      <VerseData>
        <Cluster>
          <Range Index="8" Length="1" />
          <Lexeme Id="Word:a" GlossId="VWfPCJYG" />
        </Cluster>
        <Cluster>
          <Range Index="13" Length="3" />
          <Lexeme Id="Word:mon" GlossId="dUq0N7dH" />
        </Cluster>
        <Cluster>
          <Range Index="21" Length="3" />
          <Lexeme Id="Word:kum" GlossId="XtXBAdva" />
        </Cluster>
        <Cluster>
          <Range Index="83" Length="1" />
          <Lexeme Id="Word:a" GlossId="WT42eOvt" />
        </Cluster>
        <Cluster>
          <Range Index="90" Length="2" />
          <Lexeme Id="Word:ɗi" GlossId="H0eEJSBq" />
        </Cluster>
        <Cluster>
          <Range Index="93" Length="1" />
          <Lexeme Id="Word:a" GlossId="QEVzPhrw" />
        </Cluster>
        <Cluster>
          <Range Index="95" Length="4" />
          <Lexeme Id="Word:ɗeng" GlossId="p42MFWfB" />
        </Cluster>
        <Cluster>
          <Range Index="95" Length="4" />
          <Lexeme Id="Stem:ɗeng" GlossId="HWKFiWVK" />
        </Cluster>
        <Cluster>
          <Range Index="108" Length="3" />
          <Lexeme Id="Word:kum" GlossId="XtXBAdva" />
        </Cluster>
        <Cluster>
          <Range Index="133" Length="1" />
          <Lexeme Id="Word:a" GlossId="QEVzPhrw" />
        </Cluster>
        <Cluster>
          <Range Index="135" Length="3" />
          <Lexeme Id="Word:yil" GlossId="u0AHkJWq" />
        </Cluster>
      </VerseData>
    </item>
    <item>
      <string>1KI 21:25</string>
      <VerseData>
        <Cluster>
          <Range Index="42" Length="2" />
          <Lexeme Id="Word:kɨ" GlossId="HLTNeslC" />
        </Cluster>
        <Cluster>
          <Range Index="125" Length="1" />
          <Lexeme Id="Word:a" GlossId="VWfPCJYG" />
        </Cluster>
        <Cluster>
          <Range Index="104" Length="17" />
          <Lexeme Id="Phrase:jir mbii ɗiisi mo" GlossId="7F7quNkU" />
        </Cluster>
        <Cluster>
          <Range Index="165" Length="4" />
          <Lexeme Id="Word:ɗipo" GlossId="su8H+9ff" />
        </Cluster>
      </VerseData>
    </item>
    <item>
      <string>1KI 21:26</string>
      <VerseData />
    </item>
    <item>
      <string>1KI 21:27</string>
      <VerseData>
        <Cluster>
          <Range Index="33" Length="2" />
          <Lexeme Id="Word:mo" GlossId="5kG/NbNs" />
        </Cluster>
        <Cluster>
          <Range Index="85" Length="2" />
          <Lexeme Id="Word:mo" GlossId="5kG/NbNs" />
        </Cluster>
        <Cluster>
          <Range Index="94" Length="4" />
          <Lexeme Id="Word:kwar" GlossId="Rlttcu0K" />
        </Cluster>
        <Cluster>
          <Range Index="120" Length="2" />
          <Lexeme Id="Word:aa" GlossId="J9P4LolL" />
        </Cluster>
      </VerseData>
    </item>
    <item>
      <string>1KI 21:28</string>
      <VerseData />
    </item>
    <item>
      <string>1KI 21:29</string>
      <VerseData>
        <Cluster>
          <Range Index="29" Length="4" />
          <Lexeme Id="Word:saam" GlossId="fjsmfGup" />
        </Cluster>
        <Cluster>
          <Range Index="29" Length="4" />
          <Lexeme Id="Stem:saam" GlossId="bOHU9dxk" />
        </Cluster>
        <Cluster>
          <Range Index="34" Length="2" />
          <Lexeme Id="Word:kɨ" GlossId="XnpMLw0H" />
        </Cluster>
        <Cluster>
          <Range Index="60" Length="6" />
          <Lexeme Id="Word:mpeeɗi" GlossId="wfyZy5x5" />
        </Cluster>
        <Cluster>
          <Range Index="100" Length="3" />
          <Lexeme Id="Word:njì" GlossId="F7CM5M3y" />
        </Cluster>
        <Cluster>
          <Range Index="104" Length="2" />
          <Lexeme Id="Word:kɨ" GlossId="HLTNeslC" />
        </Cluster>
        <Cluster>
          <Range Index="123" Length="1" />
          <Lexeme Id="Word:a" GlossId="VWfPCJYG" />
        </Cluster>
        <Cluster>
          <Range Index="143" Length="2" />
          <Lexeme Id="Word:mo" GlossId="5kG/NbNs" />
        </Cluster>
        <Cluster>
          <Range Index="151" Length="3" />
          <Lexeme Id="Word:wan" GlossId="uxuyozQa" />
        </Cluster>
        <Cluster>
          <Range Index="155" Length="3" />
          <Lexeme Id="Word:njì" GlossId="F7CM5M3y" />
        </Cluster>
        <Cluster>
          <Range Index="159" Length="2" />
          <Lexeme Id="Word:kɨ" GlossId="HLTNeslC" />
        </Cluster>
        <Cluster>
          <Range Index="165" Length="1" />
          <Lexeme Id="Word:a" GlossId="VWfPCJYG" />
        </Cluster>
      </VerseData>
    </item>
    <item>
      <string>1KI 22:0</string>
      <VerseData>
        <Cluster>
          <Range Index="9" Length="7" />
          <Lexeme Id="Word:mikaiya" GlossId="vnQjdACH" />
        </Cluster>
        <Cluster>
          <Range Index="9" Length="7" />
          <Lexeme Id="Stem:mikaiya" GlossId="V+egA18F" />
        </Cluster>
      </VerseData>
    </item>
    <item>
      <string>1KI 22:1</string>
      <VerseData>
        <Cluster>
          <Range Index="30" Length="5" />
          <Lexeme Id="Prefix:n" GlossId="oYKLxMWO" />
          <Lexeme Id="Stem:naar" />
        </Cluster>
        <Cluster>
          <Range Index="30" Length="5" />
          <Lexeme Id="Word:nnaar" GlossId="VqiYbTpC" />
        </Cluster>
      </VerseData>
    </item>
    <item>
      <string>1KI 1:1</string>
      <VerseData />
    </item>
    <item>
      <string>1KI 1:0</string>
      <VerseData />
    </item>
    <item>
      <string>1KI 22:3</string>
      <VerseData>
        <Cluster>
          <Range Index="143" Length="4" />
          <Lexeme Id="Word:mpee" GlossId="9L/a+fIO" />
        </Cluster>
        <Cluster>
          <Range Index="136" Length="6" />
          <Lexeme Id="Word:membii" GlossId="4Gh0mq+M" />
        </Cluster>
        <Cluster>
          <Range Index="148" Length="3" />
          <Lexeme Id="Word:lap" GlossId="IgTUvBvj" />
        </Cluster>
      </VerseData>
    </item>
    <item>
      <string>1KI 22:4</string>
      <VerseData>
        <Cluster>
          <Range Index="59" Length="3" />
          <Lexeme Id="Word:njì" GlossId="hQc+3bEM" />
        </Cluster>
        <Cluster>
          <Range Index="67" Length="2" />
          <Lexeme Id="Word:mu" GlossId="GZcU1RTl" />
        </Cluster>
        <Cluster>
          <Range Index="73" Length="2" />
          <Lexeme Id="Word:mu" GlossId="GZcU1RTl" />
        </Cluster>
        <Cluster>
          <Range Index="84" Length="4" />
          <Lexeme Id="Word:nwan" GlossId="xE1f0Ux6" />
        </Cluster>
        <Cluster>
          <Range Index="89" Length="4" />
          <Lexeme Id="Word:nkaa" GlossId="XF1HYl0v" />
        </Cluster>
        <Cluster>
          <Range Index="94" Length="5" />
          <Lexeme Id="Word:ramot" GlossId="xnCS+F6Q" />
        </Cluster>
        <Cluster>
          <Range Index="94" Length="5" />
          <Lexeme Id="Stem:ramot" GlossId="0IRvNk2P" />
        </Cluster>
        <Cluster>
          <Range Index="140" Length="3" />
          <Lexeme Id="Word:lap" GlossId="njENGple" />
        </Cluster>
      </VerseData>
    </item>
    <item>
      <string>1KI 22:2</string>
      <VerseData />
    </item>
    <item>
      <string>1KI 20:1</string>
      <VerseData />
    </item>
    <item>
      <string>1KI 22:5</string>
      <VerseData />
    </item>
    <item>
      <string>1KI 22:6</string>
      <VerseData />
    </item>
    <item>
      <string>1KI 22:7</string>
      <VerseData />
    </item>
    <item>
      <string>1KI 22:8</string>
      <VerseData>
        <Cluster>
          <Range Index="49" Length="3" />
          <Lexeme Id="Word:mee" GlossId="r9LfHKgb" />
        </Cluster>
        <Cluster>
          <Range Index="58" Length="3" />
          <Lexeme Id="Word:ɗee" GlossId="dOs8nZIe" />
        </Cluster>
        <Cluster>
          <Range Index="76" Length="3" />
          <Lexeme Id="Word:mun" GlossId="oTnW5F3O" />
        </Cluster>
        <Cluster>
          <Range Index="102" Length="2" />
          <Lexeme Id="Word:pe" GlossId="CwLL8tpY" />
        </Cluster>
        <Cluster>
          <Range Index="209" Length="3" />
          <Lexeme Id="Word:see" GlossId="ofqkLXff" />
        </Cluster>
        <Cluster>
          <Range Index="268" Length="4" />
          <Lexeme Id="Word:imla" GlossId="jLnOtP3r" />
        </Cluster>
      </VerseData>
    </item>
    <item>
      <string>1KI 22:9</string>
      <VerseData />
    </item>
    <item>
      <string>1KI 22:10</string>
      <VerseData>
        <Cluster>
          <Range Index="72" Length="3" />
          <Lexeme Id="Word:tap" GlossId="q5FHigUG" />
        </Cluster>
      </VerseData>
    </item>
    <item>
      <string>1KI 22:11</string>
      <VerseData>
        <Cluster>
          <Range Index="164" Length="6" />
          <Lexeme Id="Prefix:m" GlossId="JYHCUOhy" />
          <Lexeme Id="Stem:bɨrep" />
        </Cluster>
        <Cluster>
          <Range Index="87" Length="7" />
          <Lexeme Id="Word:shaghal" GlossId="4Q8X2fTB" />
        </Cluster>
        <Cluster>
          <Range Index="65" Length="3" />
          <Lexeme Id="Word:ɗak" GlossId="Fznmzq5F" />
        </Cluster>
        <Cluster>
          <Range Index="164" Length="6" />
          <Lexeme Id="Word:mbɨrep" GlossId="uq0o9XDE" />
        </Cluster>
      </VerseData>
    </item>
    <item>
      <string>1KI 22:16</string>
      <VerseData>
        <Cluster>
          <Range Index="73" Length="1" />
          <Lexeme Id="Word:a" GlossId="LsHrYZ+T" />
        </Cluster>
        <Cluster>
          <Range Index="79" Length="1" />
          <Lexeme Id="Word:a" GlossId="Z5hb2OnH" />
        </Cluster>
        <Cluster>
          <Range Index="119" Length="3" />
          <Lexeme Id="Word:ɗak" GlossId="sBKVZcXX" />
        </Cluster>
        <Cluster>
          <Range Index="37" Length="1" />
          <Lexeme Id="Word:a" GlossId="S0SOwU+a" />
        </Cluster>
        <Cluster>
          <Range Index="39" Length="3" />
          <Lexeme Id="Word:yit" GlossId="JtyLgNca" />
        </Cluster>
        <Cluster>
          <Range Index="43" Length="4" />
          <Lexeme Id="Word:gong" GlossId="clDhy8zT" />
        </Cluster>
      </VerseData>
    </item>
    <item>
      <string>1KI 22:17</string>
      <VerseData>
        <Cluster>
          <Range Index="57" Length="4" />
          <Lexeme Id="Word:fing" GlossId="okB5f3q7" />
        </Cluster>
        <Cluster>
          <Range Index="62" Length="4" />
          <Lexeme Id="Word:fing" GlossId="okB5f3q7" />
        </Cluster>
        <Cluster>
          <Range Index="99" Length="3" />
          <Lexeme Id="Word:ndi" GlossId="GrP8fVJW" />
        </Cluster>
        <Cluster>
          <Range Index="99" Length="3" />
          <Lexeme Id="Stem:ndi" GlossId="/TQOA+yt" />
        </Cluster>
        <Cluster>
          <Range Index="52" Length="9" />
          <Lexeme Id="Phrase:tiit fing" />
        </Cluster>
      </VerseData>
    </item>
    <item>
      <string>1KI 22:18</string>
      <VerseData>
        <Cluster>
          <Range Index="31" Length="11" />
          <Lexeme Id="Prefix:n" GlossId="p6M/XpAL" />
          <Lexeme Id="Stem:jehoshafat" />
        </Cluster>
        <Cluster>
          <Range Index="31" Length="11" />
          <Lexeme Id="Word:njehoshafat" GlossId="ziFVlem0" />
        </Cluster>
        <Cluster>
          <Range Index="150" Length="3" />
          <Lexeme Id="Word:ɗak" GlossId="sBKVZcXX" />
        </Cluster>
        <Cluster>
          <Range Index="144" Length="9" />
          <Lexeme Id="Phrase:ɓejee ɗak" GlossId="pLr5k8cu" />
        </Cluster>
      </VerseData>
    </item>
    <item>
      <string>1KI 22:19</string>
      <VerseData>
        <Cluster>
          <Range Index="19" Length="7" />
          <Lexeme Id="Word:sekyeen" GlossId="dM7Sk+At" />
        </Cluster>
        <Cluster>
          <Range Index="122" Length="1" />
          <Lexeme Id="Word:a" GlossId="QEVzPhrw" />
        </Cluster>
        <Cluster>
          <Range Index="196" Length="6" />
          <Lexeme Id="Word:sarkùl" GlossId="o3WCJxiB" />
        </Cluster>
        <Cluster>
          <Range Index="196" Length="6" />
          <Lexeme Id="Stem:sarkùl" GlossId="ik5nh6tA" />
        </Cluster>
        <Cluster>
          <Range Index="137" Length="7" />
          <Lexeme Id="Prefix:nyem" />
          <Lexeme Id="Stem:lop" />
        </Cluster>
      </VerseData>
    </item>
    <item>
      <string>1KI 22:20</string>
      <VerseData>
        <Cluster>
          <Range Index="121" Length="2" />
          <Lexeme Id="Word:ɗi" GlossId="H0eEJSBq" />
        </Cluster>
        <Cluster>
          <Range Index="85" Length="6" />
          <Lexeme Id="Prefix:n" GlossId="oYKLxMWO" />
          <Lexeme Id="Stem:ramot" />
        </Cluster>
        <Cluster>
          <Range Index="147" Length="7" />
          <Lexeme Id="Phrase:mee ngo" GlossId="ZUM4G3if" />
        </Cluster>
      </VerseData>
    </item>
    <item>
      <string>1KI 22:22</string>
      <VerseData />
    </item>
    <item>
      <string>1KI 22:23</string>
      <VerseData>
        <Cluster>
          <Range Index="114" Length="3" />
          <Lexeme Id="Word:kɨ̀" GlossId="+uApxU0t" />
        </Cluster>
        <Cluster>
          <Range Index="122" Length="4" />
          <Lexeme Id="Word:wàar" GlossId="nxRKIDVO" />
        </Cluster>
        <Cluster>
          <Range Index="129" Length="3" />
          <Lexeme Id="Word:mee" GlossId="6jafrjWq" />
        </Cluster>
      </VerseData>
    </item>
    <item>
      <string>1KI 22:24</string>
      <VerseData>
        <Cluster>
          <Range Index="9" Length="8" />
          <Lexeme Id="Word:zedekaya" GlossId="1+Yclr58" />
        </Cluster>
        <Cluster>
          <Range Index="26" Length="7" />
          <Lexeme Id="Word:kenaana" GlossId="jpwlpdJ6" />
        </Cluster>
        <Cluster>
          <Range Index="9" Length="8" />
          <Lexeme Id="Stem:zedekaya" GlossId="YYsbBqvo" />
        </Cluster>
        <Cluster>
          <Range Index="45" Length="8" />
          <Lexeme Id="Word:mmikaiya" GlossId="t43W4QV4" />
        </Cluster>
        <Cluster>
          <Range Index="54" Length="6" />
          <Lexeme Id="Prefix:n" GlossId="MnzIYWQK" />
          <Lexeme Id="Stem:kɨpak" GlossId="vE1Pi0DQ" />
        </Cluster>
        <Cluster>
          <Range Index="54" Length="6" />
          <Lexeme Id="Word:nkɨpak" GlossId="GUOJkhxT" />
        </Cluster>
        <Cluster>
          <Range Index="101" Length="3" />
          <Lexeme Id="Word:yit" GlossId="iB5gz3gb" />
        </Cluster>
        <Cluster>
          <Range Index="129" Length="2" />
          <Lexeme Id="Word:ɗi" GlossId="H0eEJSBq" />
        </Cluster>
        <Cluster>
          <Range Index="132" Length="2" />
          <Lexeme Id="Word:kɨ" GlossId="XnpMLw0H" />
        </Cluster>
        <Cluster>
          <Range Index="141" Length="1" />
          <Lexeme Id="Word:a" GlossId="VWfPCJYG" />
        </Cluster>
        <Cluster>
          <Range Index="143" Length="9" />
          <Lexeme Id="Phrase:pɨrang ye" GlossId="Rt+Xg6PO" />
        </Cluster>
        <Cluster>
          <Range Index="37" Length="3" />
          <Lexeme Id="Word:mis" GlossId="mvMqid1K" />
        </Cluster>
        <Cluster>
          <Range Index="45" Length="8" />
          <Lexeme Id="Prefix:m" />
          <Lexeme Id="Stem:mikaiya" />
        </Cluster>
        <Cluster>
          <Range Index="81" Length="4" />
          <Lexeme Id="Word:riin" GlossId="/KtzZwXF" />
        </Cluster>
        <Cluster>
          <Range Index="81" Length="14" />
          <Lexeme Id="Phrase:riin kɨ̀ yaawe" GlossId="3S4mMGCH" />
        </Cluster>
      </VerseData>
    </item>
    <item>
      <string>1KI 22:25</string>
      <VerseData>
        <Cluster>
          <Range Index="53" Length="1" />
          <Lexeme Id="Word:a" GlossId="LsHrYZ+T" />
        </Cluster>
      </VerseData>
    </item>
    <item>
      <string>1KI 22:26</string>
      <VerseData>
        <Cluster>
          <Range Index="104" Length="6" />
          <Lexeme Id="Stem:jowash" GlossId="gLauYqOy" />
        </Cluster>
        <Cluster>
          <Range Index="104" Length="6" />
          <Lexeme Id="Word:jowash" GlossId="/UuUDAGB" />
        </Cluster>
      </VerseData>
    </item>
    <item>
      <string>1KI 22:27</string>
      <VerseData>
        <Cluster>
          <Range Index="26" Length="1" />
          <Lexeme Id="Word:a" GlossId="S0SOwU+a" />
        </Cluster>
        <Cluster>
          <Range Index="26" Length="12" />
          <Lexeme Id="Phrase:a mishkagham" GlossId="BFBrl0r0" />
        </Cluster>
        <Cluster>
          <Range Index="126" Length="4" />
          <Lexeme Id="Stem:ɗong" GlossId="m7sBJxED" />
        </Cluster>
        <Cluster>
          <Range Index="126" Length="4" />
          <Lexeme Id="Word:ɗong" GlossId="0qmxo3c5" />
        </Cluster>
        <Cluster>
          <Range Index="138" Length="3" />
          <Lexeme Id="Word:see" GlossId="QJKiOZ4O" />
        </Cluster>
        <Cluster>
          <Range Index="167" Length="7" />
          <Lexeme Id="Prefix:n" GlossId="k7xG9kFI" />
          <Lexeme Id="Stem:kagham" GlossId="dswa5b7f" />
        </Cluster>
        <Cluster>
          <Range Index="167" Length="7" />
          <Lexeme Id="Word:nkagham" GlossId="cnfkuuOQ" />
        </Cluster>
      </VerseData>
    </item>
    <item>
      <string>1KI 22:28</string>
      <VerseData>
        <Cluster>
          <Range Index="52" Length="7" />
          <Lexeme Id="Prefix:n" GlossId="k7xG9kFI" />
          <Lexeme Id="Stem:kagham" />
        </Cluster>
        <Cluster>
          <Range Index="52" Length="7" />
          <Lexeme Id="Word:nkagham" GlossId="g/kLiiHg" />
        </Cluster>
        <Cluster>
          <Range Index="66" Length="1" />
          <Lexeme Id="Word:a" GlossId="e7WnnjJ5" />
        </Cluster>
        <Cluster>
          <Range Index="152" Length="6" />
          <Lexeme Id="Phrase:le yit" GlossId="zDdmQzL7" />
        </Cluster>
      </VerseData>
    </item>
    <item>
      <string>1KI 22:31</string>
      <VerseData>
        <Cluster>
          <Range Index="152" Length="3" />
          <Lexeme Id="Word:see" GlossId="zAronQH6" />
        </Cluster>
        <Cluster>
          <Range Index="156" Length="1" />
          <Lexeme Id="Word:a" GlossId="e7WnnjJ5" />
        </Cluster>
      </VerseData>
    </item>
    <item>
      <string>1KI 22:32</string>
      <VerseData>
        <Cluster>
          <Range Index="65" Length="3" />
          <Lexeme Id="Word:pan" GlossId="WUjHXdbW" />
        </Cluster>
        <Cluster>
          <Range Index="161" Length="3" />
          <Lexeme Id="Word:met" GlossId="jTsuVpfT" />
        </Cluster>
      </VerseData>
    </item>
    <item>
      <string>1KI 22:33</string>
      <VerseData />
    </item>
    <item>
      <string>1KI 22:34</string>
      <VerseData>
        <Cluster>
          <Range Index="48" Length="3" />
          <Lexeme Id="Word:buu" GlossId="IP6gMesy" />
        </Cluster>
        <Cluster>
          <Range Index="65" Length="3" />
          <Lexeme Id="Word:yaa" GlossId="nrEctA16" />
        </Cluster>
        <Cluster>
          <Range Index="58" Length="3" />
          <Lexeme Id="Word:tap" GlossId="dUJh5LXz" />
        </Cluster>
        <Cluster>
          <Range Index="107" Length="11" />
          <Lexeme Id="Phrase:nlɨr kawung" GlossId="K1axUo+o" />
        </Cluster>
        <Cluster>
          <Range Index="162" Length="4" />
          <Lexeme Id="Word:tung" GlossId="SkKQ0lRV" />
        </Cluster>
      </VerseData>
    </item>
    <item>
      <string>1KI 22:35</string>
      <VerseData>
        <Cluster>
          <Range Index="52" Length="3" />
          <Lexeme Id="Word:kɨk" GlossId="0RkpDX4t" />
        </Cluster>
        <Cluster>
          <Range Index="52" Length="3" />
          <Lexeme Id="Stem:kɨk" GlossId="P3pNjLY3" />
        </Cluster>
        <Cluster>
          <Range Index="58" Length="5" />
          <Lexeme Id="Word:kɨkɨk" GlossId="JGBR5c+G" />
        </Cluster>
        <Cluster>
          <Range Index="106" Length="3" />
          <Lexeme Id="Word:mpo" GlossId="5sdw30OU" />
        </Cluster>
        <Cluster>
          <Range Index="138" Length="2" />
          <Lexeme Id="Word:kɨ" GlossId="gYGthKa8" />
        </Cluster>
        <Cluster>
          <Range Index="148" Length="2" />
          <Lexeme Id="Word:mo" GlossId="zlOrQlnX" />
        </Cluster>
        <Cluster>
          <Range Index="151" Length="2" />
          <Lexeme Id="Word:le" GlossId="RZLnK57Q" />
        </Cluster>
        <Cluster>
          <Range Index="163" Length="3" />
          <Lexeme Id="Word:wet" GlossId="uJycT8Q9" />
        </Cluster>
        <Cluster>
          <Range Index="167" Length="4" />
          <Lexeme Id="Word:pang" GlossId="feNV2FWG" />
        </Cluster>
        <Cluster>
          <Range Index="180" Length="1" />
          <Lexeme Id="Word:a" GlossId="QEVzPhrw" />
        </Cluster>
        <Cluster>
          <Range Index="141" Length="3" />
          <Lexeme Id="Word:laa" GlossId="KRq/4jPs" />
        </Cluster>
        <Cluster>
          <Range Index="182" Length="7" />
          <Lexeme Id="Word:naarpee" GlossId="RKMm7qD2" />
        </Cluster>
        <Cluster>
          <Range Index="224" Length="4" />
          <Lexeme Id="Word:mɨni" GlossId="BeL4UuJ/" />
        </Cluster>
        <Cluster>
          <Range Index="237" Length="6" />
          <Lexeme Id="Word:sɨghɨt" GlossId="5I9K9Ehd" />
        </Cluster>
        <Cluster>
          <Range Index="17" Length="4" />
          <Lexeme Id="Word:naat" GlossId="7xbF0fos" />
        </Cluster>
      </VerseData>
    </item>
    <item>
      <string>1KI 22:36</string>
      <VerseData>
        <Cluster>
          <Range Index="35" Length="2" />
          <Lexeme Id="Stem:ru" GlossId="Eg9MzfNZ" />
        </Cluster>
        <Cluster>
          <Range Index="45" Length="5" />
          <Lexeme Id="Phrase:le or" GlossId="PGdPRnif" />
        </Cluster>
        <Cluster>
          <Range Index="58" Length="8" />
          <Lexeme Id="Prefix:n" GlossId="p6M/XpAL" />
          <Lexeme Id="Stem:daas" />
          <Lexeme Id="Suffix:lek" />
        </Cluster>
        <Cluster>
          <Range Index="58" Length="8" />
          <Lexeme Id="Word:ndaaslek" GlossId="Loz3+QHp" />
        </Cluster>
      </VerseData>
    </item>
    <item>
      <string>1KI 22:37</string>
      <VerseData />
    </item>
    <item>
      <string>1KI 22:38</string>
      <VerseData>
        <Cluster>
          <Range Index="74" Length="4" />
          <Lexeme Id="Word:ngaa" GlossId="t2MEBAkW" />
        </Cluster>
        <Cluster>
          <Range Index="70" Length="3" />
          <Lexeme Id="Word:mat" GlossId="0luOMfIX" />
        </Cluster>
        <Cluster>
          <Range Index="86" Length="6" />
          <Lexeme Id="Word:sughup" GlossId="b+JWsOtm" />
        </Cluster>
        <Cluster>
          <Range Index="86" Length="6" />
          <Lexeme Id="Stem:sughup" GlossId="vNM+qbMT" />
        </Cluster>
        <Cluster>
          <Range Index="93" Length="2" />
          <Lexeme Id="Word:ɗi" GlossId="H0eEJSBq" />
        </Cluster>
        <Cluster>
          <Range Index="158" Length="6" />
          <Lexeme Id="Phrase:kɨ ten" GlossId="gFjQFt1+" />
        </Cluster>
        <Cluster>
          <Range Index="158" Length="2" />
          <Lexeme Id="Word:kɨ" GlossId="lWTksVS/" />
        </Cluster>
      </VerseData>
    </item>
    <item>
      <string>1KI 22:39</string>
      <VerseData>
        <Cluster>
          <Range Index="31" Length="4" />
          <Lexeme Id="Word:mɓit" GlossId="Haw1Mp/C" />
        </Cluster>
      </VerseData>
    </item>
    <item>
      <string>1KI 22:30</string>
      <VerseData />
    </item>
    <item>
      <string>1KI 22:40</string>
      <VerseData />
    </item>
    <item>
      <string>1KI 22:45</string>
      <VerseData />
    </item>
    <item>
      <string>1KI 22:41</string>
      <VerseData />
    </item>
    <item>
      <string>1KI 22:42</string>
      <VerseData>
        <Cluster>
          <Range Index="48" Length="6" />
          <Lexeme Id="Word:ɓitlaa" GlossId="Ppy2Q45X" />
        </Cluster>
        <Cluster>
          <Range Index="48" Length="6" />
          <Lexeme Id="Stem:ɓit" />
          <Lexeme Id="Suffix:laa" />
        </Cluster>
        <Cluster>
          <Range Index="187" Length="5" />
          <Lexeme Id="Word:azuba" GlossId="5o/Tp1+Q" />
        </Cluster>
        <Cluster>
          <Range Index="202" Length="6" />
          <Lexeme Id="Word:shilhi" GlossId="QugMS36a" />
        </Cluster>
      </VerseData>
    </item>
    <item>
      <string>1KI 22:43</string>
      <VerseData>
        <Cluster>
          <Range Index="104" Length="2" />
          <Lexeme Id="Word:mo" GlossId="LxjF2idy" />
        </Cluster>
        <Cluster>
          <Range Index="107" Length="1" />
          <Lexeme Id="Word:a" GlossId="VWfPCJYG" />
        </Cluster>
      </VerseData>
    </item>
    <item>
      <string>1KI 22:44</string>
      <VerseData />
    </item>
    <item>
      <string>1KI 22:46</string>
      <VerseData>
        <Cluster>
          <Range Index="34" Length="4" />
          <Lexeme Id="Word:daas" GlossId="n6+0jpiY" />
        </Cluster>
        <Cluster>
          <Range Index="48" Length="1" />
          <Lexeme Id="Word:a" GlossId="VWfPCJYG" />
        </Cluster>
        <Cluster>
          <Range Index="50" Length="4" />
          <Lexeme Id="Word:ngaa" GlossId="t2MEBAkW" />
        </Cluster>
        <Cluster>
          <Range Index="92" Length="2" />
          <Lexeme Id="Word:kɨ" GlossId="gYGthKa8" />
        </Cluster>
        <Cluster>
          <Range Index="101" Length="2" />
          <Lexeme Id="Word:kɨ" GlossId="gYGthKa8" />
        </Cluster>
      </VerseData>
    </item>
    <item>
      <string>1KI 22:47</string>
      <VerseData />
    </item>
    <item>
      <string>1KI 22:52</string>
      <VerseData />
    </item>
    <item>
      <string>1KI 22:48</string>
      <VerseData />
    </item>
    <item>
      <string>1KI 22:49</string>
      <VerseData>
        <Cluster>
          <Range Index="65" Length="3" />
          <Lexeme Id="Word:yit" GlossId="Gvy/U0Ec" />
        </Cluster>
        <Cluster>
          <Range Index="81" Length="9" />
          <Lexeme Id="Phrase:njirgi am" GlossId="H1Rpci/o" />
        </Cluster>
        <Cluster>
          <Range Index="72" Length="8" />
          <Lexeme Id="Phrase:nyem man" GlossId="8qx5qBiu" />
        </Cluster>
      </VerseData>
    </item>
    <item>
      <string>1KI 22:50</string>
      <VerseData>
        <Cluster>
          <Range Index="89" Length="6" />
          <Lexeme Id="Word:dɨkaam" GlossId="muV/w/a1" />
        </Cluster>
      </VerseData>
    </item>
    <item>
      <string>1KI 22:51</string>
      <VerseData>
        <Cluster>
          <Range Index="75" Length="11" />
          <Lexeme Id="Word:dɨkaghapaat" GlossId="zdFyTq+s" />
        </Cluster>
        <Cluster>
          <Range Index="75" Length="11" />
          <Lexeme Id="Prefix:dɨ" GlossId="g6qKXqon" />
          <Lexeme Id="Stem:kaghapaat" />
        </Cluster>
        <Cluster>
          <Range Index="75" Length="20" />
          <Lexeme Id="Phrase:dɨkaghapaat baapovul" GlossId="c/qewvNw" />
        </Cluster>
        <Cluster>
          <Range Index="87" Length="8" />
          <Lexeme Id="Word:baapovul" GlossId="DDWmRB0i" />
        </Cluster>
      </VerseData>
    </item>
    <item>
      <string>1KI 7:31</string>
      <VerseData>
        <Cluster>
          <Range Index="207" Length="4" />
          <Lexeme Id="Word:feer" GlossId="aqxdh/MT" />
        </Cluster>
        <Cluster>
          <Range Index="207" Length="4" />
          <Lexeme Id="Stem:feer" GlossId="E0KK5t6J" />
        </Cluster>
      </VerseData>
    </item>
    <item>
      <string>1KI 7:35</string>
      <VerseData>
        <Cluster>
          <Range Index="134" Length="2" />
          <Lexeme Id="Word:kɨ" GlossId="gYGthKa8" />
        </Cluster>
      </VerseData>
    </item>
    <item>
      <string>1KI 7:36</string>
      <VerseData>
        <Cluster>
          <Range Index="75" Length="4" />
          <Lexeme Id="Word:nkaa" GlossId="nFsCxfRc" />
        </Cluster>
        <Cluster>
          <Range Index="80" Length="3" />
          <Lexeme Id="Word:koo" GlossId="LeZXaAB4" />
        </Cluster>
        <Cluster>
          <Range Index="106" Length="4" />
          <Lexeme Id="Word:nkaa" GlossId="nFsCxfRc" />
        </Cluster>
        <Cluster>
          <Range Index="130" Length="4" />
          <Lexeme Id="Word:nkaa" GlossId="nFsCxfRc" />
        </Cluster>
      </VerseData>
    </item>
    <item>
      <string>1KI 2:1</string>
      <VerseData />
    </item>
    <item>
      <string>1KI 3:1</string>
      <VerseData />
    </item>
    <item>
      <string>1KI 4:1</string>
      <VerseData />
    </item>
    <item>
      <string>1KI 15:1</string>
      <VerseData />
    </item>
    <item>
      <string>1KI 16:1</string>
      <VerseData />
    </item>
    <item>
      <string>1KI 17:1</string>
      <VerseData />
    </item>
    <item>
      <string>1KI 17:2</string>
      <VerseData />
    </item>
    <item>
      <string>1KI 17:10</string>
      <VerseData>
        <Cluster>
          <Range Index="234" Length="3" />
          <Lexeme Id="Word:naa" GlossId="nYdiVIR0" />
        </Cluster>
        <Cluster>
          <Range Index="231" Length="2" />
          <Lexeme Id="Stem:wa" />
        </Cluster>
      </VerseData>
    </item>
    <item>
      <string>1KI 17:12</string>
      <VerseData>
        <Cluster>
          <Range Index="138" Length="7" />
          <Lexeme Id="Prefix:n" GlossId="k7xG9kFI" />
          <Lexeme Id="Stem:tulwaa" GlossId="voU1O6G8" />
        </Cluster>
        <Cluster>
          <Range Index="138" Length="7" />
          <Lexeme Id="Word:ntulwaa" GlossId="80mN16Ck" />
        </Cluster>
        <Cluster>
          <Range Index="228" Length="3" />
          <Lexeme Id="Word:kun" GlossId="AlOCIHi6" />
        </Cluster>
        <Cluster>
          <Range Index="228" Length="3" />
          <Lexeme Id="Stem:kun" GlossId="wWYgSxNv" />
        </Cluster>
      </VerseData>
    </item>
    <item>
      <string>1KI 17:14</string>
      <VerseData>
        <Cluster>
          <Range Index="100" Length="6" />
          <Lexeme Id="Word:tulwaa" GlossId="Mcjv9tnj" />
        </Cluster>
        <Cluster>
          <Range Index="100" Length="6" />
          <Lexeme Id="Stem:tulwaa" />
        </Cluster>
        <Cluster>
          <Range Index="160" Length="3" />
          <Lexeme Id="Word:see" GlossId="sJ4Skkcx" />
        </Cluster>
        <Cluster>
          <Range Index="212" Length="7" />
          <Lexeme Id="Stem:akuɗang" GlossId="0SOciTG7" />
        </Cluster>
        <Cluster>
          <Range Index="212" Length="7" />
          <Lexeme Id="Word:akuɗang" GlossId="WHiTHlQt" />
        </Cluster>
      </VerseData>
    </item>
    <item>
      <string>1KI 17:16</string>
      <VerseData />
    </item>
    <item>
      <string>1KI 17:17</string>
      <VerseData />
    </item>
    <item>
      <string>1KI 17:18</string>
      <VerseData />
    </item>
    <item>
      <string>1KI 17:19</string>
      <VerseData />
    </item>
    <item>
      <string>1KI 17:20</string>
      <VerseData />
    </item>
    <item>
      <string>1KI 17:22</string>
      <VerseData>
        <Cluster>
          <Range Index="96" Length="3" />
          <Lexeme Id="Word:mii" GlossId="cQEiblxS" />
        </Cluster>
      </VerseData>
    </item>
    <item>
      <string>1KI 18:1</string>
      <VerseData />
    </item>
    <item>
      <string>1KI 18:3</string>
      <VerseData />
    </item>
    <item>
      <string>1KI 18:5</string>
      <VerseData>
        <Cluster>
          <Range Index="195" Length="6" />
          <Lexeme Id="Phrase:ni wal" GlossId="xSoBjM2s" />
        </Cluster>
      </VerseData>
    </item>
    <item>
      <string>1KI 18:6</string>
      <VerseData />
    </item>
    <item>
      <string>1KI 18:7</string>
      <VerseData />
    </item>
    <item>
      <string>1KI 18:9</string>
      <VerseData />
    </item>
    <item>
      <string>1KI 18:15</string>
      <VerseData>
        <Cluster>
          <Range Index="107" Length="8" />
          <Lexeme Id="Word:tongɗyen" GlossId="5QgK2MzF" />
        </Cluster>
      </VerseData>
    </item>
    <item>
      <string>1KI 18:16</string>
      <VerseData />
    </item>
    <item>
      <string>1KI 18:19</string>
      <VerseData />
    </item>
    <item>
      <string>1KI 18:21</string>
      <VerseData>
        <Cluster>
          <Range Index="79" Length="4" />
          <Lexeme Id="Word:ɗang" GlossId="XrMmApGb" />
        </Cluster>
      </VerseData>
    </item>
    <item>
      <string>1KI 18:23</string>
      <VerseData>
        <Cluster>
          <Range Index="104" Length="5" />
          <Lexeme Id="Prefix:n" />
          <Lexeme Id="Stem:ɗaan" GlossId="50t58NMW" />
        </Cluster>
        <Cluster>
          <Range Index="104" Length="5" />
          <Lexeme Id="Word:nɗaan" GlossId="LPWeYE/N" />
        </Cluster>
      </VerseData>
    </item>
    <item>
      <string>1KI 18:24</string>
      <VerseData />
    </item>
    <item>
      <string>1KI 18:25</string>
      <VerseData>
        <Cluster>
          <Range Index="80" Length="3" />
          <Lexeme Id="Word:naa" GlossId="tcOtPiem" />
        </Cluster>
        <Cluster>
          <Range Index="113" Length="4" />
          <Lexeme Id="Word:mang" GlossId="KYwqfpSZ" />
        </Cluster>
        <Cluster>
          <Range Index="113" Length="4" />
          <Lexeme Id="Stem:mang" GlossId="1QQ2CbP4" />
        </Cluster>
        <Cluster>
          <Range Index="80" Length="3" />
          <Lexeme Id="Stem:naa" GlossId="DpSs1ieZ" />
        </Cluster>
      </VerseData>
    </item>
    <item>
      <string>1KI 18:26</string>
      <VerseData>
        <Cluster>
          <Range Index="236" Length="9" />
          <Lexeme Id="Phrase:neer kook" GlossId="LaNNzu5k" />
        </Cluster>
      </VerseData>
    </item>
    <item>
      <string>1KI 18:27</string>
      <VerseData>
        <Cluster>
          <Range Index="47" Length="9" />
          <Lexeme Id="Phrase:po zɨlang" GlossId="Q27GRut8" />
        </Cluster>
        <Cluster>
          <Range Index="86" Length="4" />
          <Lexeme Id="Word:wane" GlossId="juGKS5Z8" />
        </Cluster>
        <Cluster>
          <Range Index="188" Length="3" />
          <Lexeme Id="Word:tal" GlossId="JkOgsOLK" />
        </Cluster>
        <Cluster>
          <Range Index="192" Length="3" />
          <Lexeme Id="Word:tal" GlossId="JkOgsOLK" />
        </Cluster>
        <Cluster>
          <Range Index="184" Length="11" />
          <Lexeme Id="Phrase:ɗak tal tal" GlossId="R90wk/ox" />
        </Cluster>
      </VerseData>
    </item>
    <item>
      <string>1KI 18:28</string>
      <VerseData>
        <Cluster>
          <Range Index="86" Length="5" />
          <Lexeme Id="Word:kaaɗi" GlossId="/ofAtwZv" />
        </Cluster>
        <Cluster>
          <Range Index="135" Length="12" />
          <Lexeme Id="Phrase:ɗee a toghom" GlossId="y5lR8UyZ" />
        </Cluster>
      </VerseData>
    </item>
    <item>
      <string>1KI 18:33</string>
      <VerseData />
    </item>
    <item>
      <string>1KI 18:36</string>
      <VerseData>
        <Cluster>
          <Range Index="21" Length="3" />
          <Lexeme Id="Word:pee" GlossId="Z6fzb6ZK" />
        </Cluster>
        <Cluster>
          <Range Index="91" Length="4" />
          <Lexeme Id="Stem:gyes" GlossId="m/bGRTE0" />
        </Cluster>
        <Cluster>
          <Range Index="91" Length="4" />
          <Lexeme Id="Word:gyes" GlossId="shpIRQ50" />
        </Cluster>
      </VerseData>
    </item>
    <item>
      <string>1KI 18:39</string>
      <VerseData />
    </item>
    <item>
      <string>1KI 18:41</string>
      <VerseData />
    </item>
    <item>
      <string>1KI 18:44</string>
      <VerseData />
    </item>
    <item>
      <string>1KI 18:46</string>
      <VerseData>
        <Cluster>
          <Range Index="54" Length="3" />
          <Lexeme Id="Word:ɗuk" GlossId="0pCGEDPV" />
        </Cluster>
      </VerseData>
    </item>
    <item>
      <string>1KI 18:45</string>
      <VerseData>
        <Cluster>
          <Range Index="33" Length="3" />
          <Lexeme Id="Stem:rap" GlossId="8XcdQzH2" />
        </Cluster>
      </VerseData>
    </item>
    <item>
      <string>1KI 19:1</string>
      <VerseData />
    </item>
    <item>
      <string>1KI 17:0</string>
      <VerseData />
    </item>
    <item>
      <string>1KI 17:11</string>
      <VerseData />
    </item>
    <item>
      <string>1KI 17:9</string>
      <VerseData />
    </item>
    <item>
      <string>1KI 17:7</string>
      <VerseData />
    </item>
    <item>
      <string>1KI 17:6</string>
      <VerseData />
    </item>
    <item>
      <string>1KI 17:5</string>
      <VerseData />
    </item>
    <item>
      <string>1KI 17:4</string>
      <VerseData />
    </item>
    <item>
      <string>1KI 17:3</string>
      <VerseData />
    </item>
    <item>
      <string>1KI 17:8</string>
      <VerseData />
    </item>
    <item>
      <string>1KI 17:13</string>
      <VerseData />
    </item>
    <item>
      <string>1KI 17:15</string>
      <VerseData />
    </item>
    <item>
      <string>1KI 18:32</string>
      <VerseData />
    </item>
    <item>
      <string>1KI 18:43</string>
      <VerseData>
        <Cluster>
          <Range Index="69" Length="2" />
          <Lexeme Id="Word:ɗe" GlossId="IdzcmLXm" />
        </Cluster>
      </VerseData>
    </item>
    <item>
      <string>1KI 18:12</string>
      <VerseData />
    </item>
    <item>
      <string>1KI 18:22</string>
      <VerseData />
    </item>
    <item>
      <string>1KI 18:34</string>
      <VerseData />
    </item>
    <item>
      <string>1KI 18:38</string>
      <VerseData>
        <Cluster>
          <Range Index="106" Length="5" />
          <Lexeme Id="Word:ɓɨlem" GlossId="D9ff1Kmc" />
        </Cluster>
      </VerseData>
    </item>
    <item>
      <string>1KI 7:26</string>
      <VerseData />
    </item>
    <item>
      <string>1KI 19:2</string>
      <VerseData />
    </item>
    <item>
      <string>1KI 19:4</string>
      <VerseData>
        <Cluster>
          <Range Index="118" Length="4" />
          <Lexeme Id="Word:mpét" GlossId="9Gs8kW8Z" />
        </Cluster>
      </VerseData>
    </item>
    <item>
      <string>1KI 19:7</string>
      <VerseData />
    </item>
    <item>
      <string>1KI 19:10</string>
      <VerseData />
    </item>
    <item>
      <string>1KI 19:11</string>
      <VerseData />
    </item>
    <item>
      <string>1KI 19:12</string>
      <VerseData />
    </item>
    <item>
      <string>1KI 19:13</string>
      <VerseData />
    </item>
    <item>
      <string>1KI 19:6</string>
      <VerseData />
    </item>
    <item>
      <string>1KI 19:14</string>
      <VerseData />
    </item>
    <item>
      <string>1KI 19:15</string>
      <VerseData />
    </item>
    <item>
      <string>1KI 19:19</string>
      <VerseData>
        <Cluster>
          <Range Index="292" Length="5" />
          <Lexeme Id="Word:shang" GlossId="g5XnOs71" />
        </Cluster>
        <Cluster>
          <Range Index="298" Length="3" />
          <Lexeme Id="Word:kus" GlossId="eJsSw0qO" />
        </Cluster>
        <Cluster>
          <Range Index="197" Length="4" />
          <Lexeme Id="Word:caan" GlossId="hdDjCVrY" />
        </Cluster>
        <Cluster>
          <Range Index="223" Length="4" />
          <Lexeme Id="Word:caan" GlossId="hdDjCVrY" />
        </Cluster>
      </VerseData>
    </item>
    <item>
      <string>1KI 19:20</string>
      <VerseData />
    </item>
    <item>
      <string>1KI 20:6</string>
      <VerseData>
        <Cluster>
          <Range Index="65" Length="4" />
          <Lexeme Id="Word:réng" GlossId="Fu4P4SgC" />
        </Cluster>
      </VerseData>
    </item>
    <item>
      <string>1KI 20:7</string>
      <VerseData>
        <Cluster>
          <Range Index="89" Length="6" />
          <Lexeme Id="Word:tangpo" GlossId="DdH2wNZB" />
        </Cluster>
      </VerseData>
    </item>
    <item>
      <string>1KI 19:18</string>
      <VerseData>
        <Cluster>
          <Range Index="22" Length="2" />
          <Lexeme Id="Word:ɗi" GlossId="KSXPcJIC" />
        </Cluster>
        <Cluster>
          <Range Index="25" Length="2" />
          <Lexeme Id="Word:kɨ" GlossId="XnpMLw0H" />
        </Cluster>
        <Cluster>
          <Range Index="22" Length="5" />
          <Lexeme Id="Phrase:ɗi kɨ" GlossId="UAt07Vad" />
        </Cluster>
      </VerseData>
    </item>
    <item>
      <string>1KI 20:10</string>
      <VerseData />
    </item>
    <item>
      <string>1KI 20:13</string>
      <VerseData />
    </item>
    <item>
      <string>1KI 20:14</string>
      <VerseData>
        <Cluster>
          <Range Index="186" Length="9" />
          <Lexeme Id="Word:nkwangpee" GlossId="JrtntGY9" />
        </Cluster>
        <Cluster>
          <Range Index="196" Length="8" />
          <Lexeme Id="Word:kwangpee" GlossId="/hDHFxHh" />
        </Cluster>
        <Cluster>
          <Range Index="186" Length="9" />
          <Lexeme Id="Prefix:n" />
          <Lexeme Id="Stem:kwang" />
          <Lexeme Id="Suffix:pee" />
        </Cluster>
        <Cluster>
          <Range Index="196" Length="8" />
          <Lexeme Id="Stem:kwang" />
          <Lexeme Id="Suffix:pee" />
        </Cluster>
      </VerseData>
    </item>
    <item>
      <string>1KI 20:16</string>
      <VerseData>
        <Cluster>
          <Range Index="116" Length="4" />
          <Lexeme Id="Word:nkaa" GlossId="klh1uN7c" />
        </Cluster>
        <Cluster>
          <Range Index="121" Length="8" />
          <Lexeme Id="Stem:shwaa" />
          <Lexeme Id="Suffix:pee" />
        </Cluster>
        <Cluster>
          <Range Index="121" Length="8" />
          <Lexeme Id="Word:shwaapee" GlossId="jaA51Q2r" />
        </Cluster>
      </VerseData>
    </item>
    <item>
      <string>1KI 19:0</string>
      <VerseData />
    </item>
    <item>
      <string>1KI 20:17</string>
      <VerseData>
        <Cluster>
          <Range Index="113" Length="7" />
          <Lexeme Id="Word:gongpee" GlossId="hhhBZKTM" />
        </Cluster>
      </VerseData>
    </item>
    <item>
      <string>1KI 20:20</string>
      <VerseData>
        <Cluster>
          <Range Index="80" Length="6" />
          <Lexeme Id="Word:rankaa" GlossId="WDi6bZrK" />
        </Cluster>
      </VerseData>
    </item>
    <item>
      <string>1KI 20:22</string>
      <VerseData>
        <Cluster>
          <Range Index="179" Length="9" />
          <Lexeme Id="Word:yaghalpee" GlossId="gCjBxnnN" />
        </Cluster>
        <Cluster>
          <Range Index="179" Length="9" />
          <Lexeme Id="Stem:yaghal" />
          <Lexeme Id="Suffix:pee" />
        </Cluster>
        <Cluster>
          <Range Index="189" Length="4" />
          <Lexeme Id="Word:kɨsi" GlossId="s/NftmTB" />
        </Cluster>
        <Cluster>
          <Range Index="228" Length="6" />
          <Lexeme Id="Word:mbaaji" GlossId="WrQtTvzs" />
        </Cluster>
        <Cluster>
          <Range Index="228" Length="6" />
          <Lexeme Id="Prefix:m" />
          <Lexeme Id="Stem:baaji" />
        </Cluster>
      </VerseData>
    </item>
    <item>
      <string>1KI 20:24</string>
      <VerseData />
    </item>
    <item>
      <string>1KI 20:25</string>
      <VerseData>
        <Cluster>
          <Range Index="72" Length="15" />
          <Lexeme Id="Phrase:so ɗee ɗiisi ni" GlossId="OU6/2Sfr" />
        </Cluster>
      </VerseData>
    </item>
    <item>
      <string>1KI 20:27</string>
      <VerseData>
        <Cluster>
          <Range Index="197" Length="5" />
          <Lexeme Id="Word:ngɨma" GlossId="0YDMHX81" />
        </Cluster>
        <Cluster>
          <Range Index="197" Length="5" />
          <Lexeme Id="Prefix:n" />
          <Lexeme Id="Stem:gɨma" />
        </Cluster>
      </VerseData>
    </item>
    <item>
      <string>1KI 20:28</string>
      <VerseData />
    </item>
    <item>
      <string>1KI 20:30</string>
      <VerseData />
    </item>
    <item>
      <string>1KI 20:31</string>
      <VerseData>
        <Cluster>
          <Range Index="150" Length="7" />
          <Lexeme Id="Phrase:gok lee" GlossId="sEOmtOuy" />
        </Cluster>
        <Cluster>
          <Range Index="180" Length="8" />
          <Lexeme Id="Phrase:kuk teng" GlossId="HNNFtaLU" />
        </Cluster>
      </VerseData>
    </item>
    <item>
      <string>1KI 20:32</string>
      <VerseData>
        <Cluster>
          <Range Index="50" Length="4" />
          <Lexeme Id="Word:ɗiin" GlossId="bxoVo9ji" />
        </Cluster>
        <Cluster>
          <Range Index="191" Length="4" />
          <Lexeme Id="Word:wuɗi" GlossId="WA1LNtWZ" />
        </Cluster>
        <Cluster>
          <Range Index="187" Length="3" />
          <Lexeme Id="Word:yit" GlossId="Gvy/U0Ec" />
        </Cluster>
      </VerseData>
    </item>
    <item>
      <string>1KI 20:33</string>
      <VerseData>
        <Cluster>
          <Range Index="16" Length="4" />
          <Lexeme Id="Word:gung" GlossId="r7ANJwer" />
        </Cluster>
        <Cluster>
          <Range Index="91" Length="3" />
          <Lexeme Id="Word:ɓam" GlossId="4fMUJEFT" />
        </Cluster>
        <Cluster>
          <Range Index="112" Length="4" />
          <Lexeme Id="Word:kwet" GlossId="sNdSIvxk" />
        </Cluster>
      </VerseData>
    </item>
    <item>
      <string>1KI 20:34</string>
      <VerseData>
        <Cluster>
          <Range Index="82" Length="4" />
          <Lexeme Id="Word:nkaa" GlossId="Dj/ll1BT" />
        </Cluster>
      </VerseData>
    </item>
    <item>
      <string>1KI 19:3</string>
      <VerseData />
    </item>
    <item>
      <string>1KI 19:5</string>
      <VerseData />
    </item>
    <item>
      <string>1KI 19:9</string>
      <VerseData />
    </item>
    <item>
      <string>1KI 19:21</string>
      <VerseData />
    </item>
    <item>
      <string>1KI 20:3</string>
      <VerseData />
    </item>
    <item>
      <string>1KI 20:4</string>
      <VerseData />
    </item>
    <item>
      <string>1KI 20:5</string>
      <VerseData />
    </item>
    <item>
      <string>1KI 20:8</string>
      <VerseData />
    </item>
    <item>
      <string>1KI 20:9</string>
      <VerseData />
    </item>
    <item>
      <string>1KI 20:18</string>
      <VerseData />
    </item>
    <item>
      <string>1KI 20:19</string>
      <VerseData />
    </item>
    <item>
      <string>1KI 20:26</string>
      <VerseData />
    </item>
    <item>
      <string>1KI 20:29</string>
      <VerseData>
        <Cluster>
          <Range Index="14" Length="8" />
          <Lexeme Id="Prefix:n" />
          <Lexeme Id="Stem:kuurbìt" GlossId="MkP8gEwG" />
        </Cluster>
        <Cluster>
          <Range Index="14" Length="8" />
          <Lexeme Id="Word:nkuurbìt" GlossId="EtZcA9TW" />
        </Cluster>
      </VerseData>
    </item>
    <item>
      <string>1KI 22:15</string>
      <VerseData />
    </item>
    <item>
      <string>1KI 22:14</string>
      <VerseData />
    </item>
    <item>
      <string>1KI 22:12</string>
      <VerseData />
    </item>
    <item>
      <string>1KI 22:53</string>
      <VerseData />
    </item>
    <item>
      <string>1KI 7:50</string>
      <VerseData>
        <Cluster>
          <Range Index="175" Length="7" />
          <Lexeme Id="Word:mpulpul" GlossId="foUgJCLG" />
        </Cluster>
      </VerseData>
    </item>
  </Verses>
</InterlinearData>