﻿<?xml version="1.0" encoding="utf-8"?>
<InterlinearData ScrTextName="zz_SUR" GlossLanguage="English" BookId="MAT">
  <Verses>
    <item>
      <string>MAT 1:17</string>
      <VerseData />
    </item>
    <item>
      <string>MAT 3:13</string>
      <VerseData />
    </item>
    <item>
      <string>MAT 3:14</string>
      <VerseData />
    </item>
    <item>
      <string>MAT 5:8</string>
      <VerseData />
    </item>
    <item>
      <string>MAT 8:24</string>
      <VerseData>
        <Cluster>
          <Range Index="48" Length="11" />
          <Lexeme Id="Phrase:yaghal nkaa" GlossId="OlnxOuZI" />
        </Cluster>
      </VerseData>
    </item>
    <item>
      <string>MAT 23:35</string>
      <VerseData />
    </item>
    <item>
      <string>MAT 24:27</string>
      <VerseData />
    </item>
    <item>
      <string>MAT 1:23</string>
      <VerseData />
    </item>
    <item>
      <string>MAT 1:22</string>
      <VerseData>
        <Cluster>
          <Range Index="88" Length="8" />
          <Lexeme Id="Word:ngusatpo" GlossId="meINodWX" />
        </Cluster>
        <Cluster>
          <Range Index="88" Length="8" />
          <Lexeme Id="Prefix:ngu" />
          <Lexeme Id="Stem:satpo" />
        </Cluster>
      </VerseData>
    </item>
    <item>
      <string>MAT 1:24</string>
      <VerseData />
    </item>
  </Verses>
</InterlinearData>