﻿<?xml version="1.0" encoding="utf-8"?>
<InterlinearData ScrTextName="zz_SUR" GlossLanguage="English" BookId="EZK">
  <Verses>
    <item>
      <string>EZK 29:3</string>
      <VerseData>
        <Cluster>
          <Range Index="96" Length="4" />
          <Lexeme Id="Word:ngak" GlossId="5NazVon+" />
        </Cluster>
        <Cluster>
          <Range Index="120" Length="5" />
          <Lexeme Id="Prefix:n" GlossId="k7xG9kFI" />
          <Lexeme Id="Stem:ɗung" />
        </Cluster>
        <Cluster>
          <Range Index="146" Length="5" />
          <Lexeme Id="Word:neyil" GlossId="WgtbW4V3" />
        </Cluster>
        <Cluster>
          <Range Index="101" Length="3" />
          <Lexeme Id="Word:kut" GlossId="yEmkt9KW" />
        </Cluster>
        <Cluster>
          <Range Index="101" Length="3" />
          <Lexeme Id="Stem:kut" GlossId="rym1Jlee" />
        </Cluster>
      </VerseData>
    </item>
    <item>
      <string>EZK 32:2</string>
      <VerseData>
        <Cluster>
          <Range Index="139" Length="3" />
          <Lexeme Id="Stem:kut" GlossId="rym1Jlee" />
        </Cluster>
        <Cluster>
          <Range Index="139" Length="3" />
          <Lexeme Id="Word:kut" GlossId="yEmkt9KW" />
        </Cluster>
        <Cluster>
          <Range Index="133" Length="1" />
          <Lexeme Id="Word:a" GlossId="WT42eOvt" />
        </Cluster>
        <Cluster>
          <Range Index="135" Length="3" />
          <Lexeme Id="Word:kaa" GlossId="EmimLxMj" />
        </Cluster>
        <Cluster>
          <Range Index="133" Length="1" />
          <Lexeme Id="Stem:a" GlossId="wcjmsIBG" />
        </Cluster>
        <Cluster>
          <Range Index="135" Length="3" />
          <Lexeme Id="Stem:kaa" GlossId="OefHZIfh" />
        </Cluster>
      </VerseData>
    </item>
    <item>
      <string>EZK 41:20</string>
      <VerseData>
        <Cluster>
          <Range Index="13" Length="3" />
          <Lexeme Id="Word:yil" GlossId="aavapl58" />
        </Cluster>
      </VerseData>
    </item>
    <item>
      <string>EZK 1:27</string>
      <VerseData />
    </item>
    <item>
      <string>EZK 4:14</string>
      <VerseData />
    </item>
    <item>
      <string>EZK 7:6</string>
      <VerseData />
    </item>
    <item>
      <string>EZK 8:2</string>
      <VerseData>
        <Cluster>
          <Range Index="71" Length="8" />
          <Lexeme Id="Stem:n" />
          <Lexeme Id="Stem:kurɓoon" GlossId="f17435no" />
        </Cluster>
        <Cluster>
          <Range Index="71" Length="8" />
          <Lexeme Id="Word:nkurɓoon" GlossId="W3uZdeo0" />
        </Cluster>
      </VerseData>
    </item>
    <item>
      <string>EZK 10:4</string>
      <VerseData />
    </item>
    <item>
      <string>EZK 19:8</string>
      <VerseData />
    </item>
    <item>
      <string>EZK 20:47</string>
      <VerseData />
    </item>
    <item>
      <string>EZK 25:13</string>
      <VerseData>
        <Cluster>
          <Range Index="119" Length="2" />
          <Lexeme Id="Word:kɨ" GlossId="XnpMLw0H" />
        </Cluster>
        <Cluster>
          <Range Index="153" Length="6" />
          <Lexeme Id="Word:ndeɗan" GlossId="UDGb55MJ" />
        </Cluster>
        <Cluster>
          <Range Index="153" Length="6" />
          <Lexeme Id="Prefix:n" GlossId="yX1TWzC4" />
          <Lexeme Id="Stem:deɗan" GlossId="fmxgLGaI" />
        </Cluster>
        <Cluster>
          <Range Index="135" Length="6" />
          <Lexeme Id="Stem:n" GlossId="zFmESjDE" />
          <Lexeme Id="Stem:leman" />
        </Cluster>
        <Cluster>
          <Range Index="135" Length="6" />
          <Lexeme Id="Word:nleman" GlossId="PJlXXaMl" />
        </Cluster>
      </VerseData>
    </item>
    <item>
      <string>EZK 26:10</string>
      <VerseData>
        <Cluster>
          <Range Index="42" Length="2" />
          <Lexeme Id="Word:ɗi" GlossId="H0eEJSBq" />
        </Cluster>
        <Cluster>
          <Range Index="45" Length="2" />
          <Lexeme Id="Word:ni" GlossId="dAzF/grS" />
        </Cluster>
      </VerseData>
    </item>
    <item>
      <string>EZK 4:12</string>
      <VerseData>
        <Cluster>
          <Range Index="93" Length="4" />
          <Lexeme Id="Word:ɗyes" GlossId="QHd9aNDJ" />
        </Cluster>
      </VerseData>
    </item>
    <item>
      <string>EZK 4:15</string>
      <VerseData>
        <Cluster>
          <Range Index="88" Length="4" />
          <Lexeme Id="Word:ɗyes" GlossId="QHd9aNDJ" />
        </Cluster>
      </VerseData>
    </item>
    <item>
      <string>EZK 7:12</string>
      <VerseData>
        <Cluster>
          <Range Index="82" Length="7" />
          <Lexeme Id="Phrase:seet kɨ" GlossId="sgAihK2y" />
        </Cluster>
      </VerseData>
    </item>
    <item>
      <string>EZK 43:19</string>
      <VerseData />
    </item>
    <item>
      <string>EZK 37:16</string>
      <VerseData>
        <Cluster>
          <Range Index="28" Length="3" />
          <Lexeme Id="Word:kam" GlossId="YjKBKhMM" />
        </Cluster>
      </VerseData>
    </item>
  </Verses>
</InterlinearData>