﻿<?xml version="1.0" encoding="utf-8"?>
<InterlinearData ScrTextName="zz_SUR" GlossLanguage="en" BookId="JHN">
  <Verses>
    <item>
      <string>JHN 1:1</string>
      <VerseData Hash="0E8F82DE">
        <Cluster>
          <Range Index="16" Length="5" />
          <Lexeme Id="Prefix:n" GlossId="oYKLxMWO" />
          <Lexeme Id="Stem:shee" GlossId="RjBkAF+K" />
        </Cluster>
        <Cluster>
          <Range Index="16" Length="5" />
          <Lexeme Id="Word:nshee" GlossId="JmiOkZRI" />
        </Cluster>
        <Cluster>
          <Range Index="5" Length="6" />
          <Lexeme Id="Word:pugyet" GlossId="jVqNHOwM" />
        </Cluster>
        <Cluster>
          <Range Index="22" Length="7" />
          <Lexeme Id="Word:akuɗang" GlossId="mtZnPf2T" />
        </Cluster>
        <Cluster>
          <Range Index="30" Length="4" />
          <Lexeme Id="Stem:naan" GlossId="//z9+y4o" />
        </Cluster>
        <Cluster>
          <Range Index="30" Length="4" />
          <Lexeme Id="Word:naan" GlossId="//z9+y4o" />
        </Cluster>
        <Cluster>
          <Range Index="44" Length="2" />
          <Lexeme Id="Word:ɓe" GlossId="JjCJ3uk8" />
        </Cluster>
        <Cluster>
          <Range Index="47" Length="2" />
          <Lexeme Id="Word:po" GlossId="8M8q08ZC" />
        </Cluster>
        <Cluster>
          <Range Index="47" Length="2" />
          <Lexeme Id="Stem:po" GlossId="QQUCKifP" />
        </Cluster>
        <Cluster>
          <Range Index="35" Length="2" />
          <Lexeme Id="Word:kɨ" GlossId="lWTksVS/" />
        </Cluster>
        <Cluster>
          <Range Index="38" Length="5" />
          <Lexeme Id="Stem:le" GlossId="VHoOsRiZ" />
          <Lexeme Id="Stem:yil" GlossId="JG/g1Rsx" />
        </Cluster>
        <Cluster>
          <Range Index="38" Length="5" />
          <Lexeme Id="Word:leyil" GlossId="f54Fh5yL" />
        </Cluster>
        <Cluster>
          <Range Index="50" Length="2" />
          <Lexeme Id="Word:ni" GlossId="DKXEBqTO" />
        </Cluster>
        <Cluster>
          <Range Index="50" Length="2" />
          <Lexeme Id="Stem:ni" GlossId="BNNFu+/Y" />
        </Cluster>
        <Cluster>
          <Range Index="53" Length="2" />
          <Lexeme Id="Stem:ɗi" GlossId="g9Ej8Au7" />
        </Cluster>
        <Cluster>
          <Range Index="53" Length="2" />
          <Lexeme Id="Word:ɗi" GlossId="KSXPcJIC" />
        </Cluster>
        <Cluster>
          <Range Index="57" Length="2" />
          <Lexeme Id="Word:po" GlossId="8M8q08ZC" />
        </Cluster>
        <Cluster>
          <Range Index="57" Length="2" />
          <Lexeme Id="Stem:po" GlossId="QQUCKifP" />
        </Cluster>
        <Cluster>
          <Range Index="60" Length="2" />
          <Lexeme Id="Word:ni" GlossId="DKXEBqTO" />
        </Cluster>
        <Cluster>
          <Range Index="60" Length="2" />
          <Lexeme Id="Stem:ni" GlossId="BNNFu+/Y" />
        </Cluster>
        <Cluster>
          <Range Index="63" Length="5" />
          <Lexeme Id="Word:ashak" GlossId="+fr0QgiM" />
        </Cluster>
        <Cluster>
          <Range Index="69" Length="2" />
          <Lexeme Id="Word:kɨ" GlossId="XnpMLw0H" />
        </Cluster>
        <Cluster>
          <Range Index="63" Length="5" />
          <Lexeme Id="Stem:ashak" GlossId="+fr0QgiM" />
        </Cluster>
        <Cluster>
          <Range Index="63" Length="8" />
          <Lexeme Id="Phrase:ashak kɨ" GlossId="GaqpQrIP" />
        </Cluster>
        <Cluster>
          <Range Index="72" Length="4" />
          <Lexeme Id="Word:naan" GlossId="//z9+y4o" />
        </Cluster>
        <Cluster>
          <Range Index="72" Length="4" />
          <Lexeme Id="Stem:naan" GlossId="//z9+y4o" />
        </Cluster>
        <Cluster>
          <Range Index="78" Length="2" />
          <Lexeme Id="Word:po" GlossId="8M8q08ZC" />
        </Cluster>
        <Cluster>
          <Range Index="78" Length="2" />
          <Lexeme Id="Stem:po" GlossId="QQUCKifP" />
        </Cluster>
        <Cluster>
          <Range Index="81" Length="2" />
          <Lexeme Id="Word:ni" GlossId="DKXEBqTO" />
        </Cluster>
        <Cluster>
          <Range Index="81" Length="2" />
          <Lexeme Id="Stem:ni" GlossId="BNNFu+/Y" />
        </Cluster>
        <Cluster>
          <Range Index="84" Length="1" />
          <Lexeme Id="Word:a" GlossId="WT42eOvt" />
        </Cluster>
        <Cluster>
          <Range Index="86" Length="4" />
          <Lexeme Id="Word:naan" GlossId="//z9+y4o" />
        </Cluster>
        <Cluster>
          <Range Index="86" Length="4" />
          <Lexeme Id="Stem:naan" GlossId="//z9+y4o" />
        </Cluster>
        <Cluster>
          <Range Index="12" Length="3" />
          <Lexeme Id="Stem:ɗi" GlossId="R6/NolZZ" />
          <Lexeme Id="Stem:n" GlossId="nnwdKKcz" />
        </Cluster>
        <Cluster>
          <Range Index="12" Length="3" />
          <Lexeme Id="Word:ɗin" GlossId="QZTGuVJJ" />
        </Cluster>
      </VerseData>
    </item>
    <item>
      <string>JHN 18:1</string>
      <VerseData>
        <Cluster>
          <Range Index="5" Length="6" />
          <Lexeme Id="Word:aɓwoon" GlossId="9MaducPc" />
        </Cluster>
        <Cluster>
          <Range Index="5" Length="6" />
          <Lexeme Id="Stem:aɓwoon" GlossId="6c6V5Dfb" />
        </Cluster>
      </VerseData>
    </item>
    <item>
      <string>JHN 1:2</string>
      <VerseData Hash="041D4614">
        <Cluster>
          <Range Index="5" Length="2" />
          <Lexeme Id="Word:po" GlossId="8M8q08ZC" />
        </Cluster>
        <Cluster>
          <Range Index="5" Length="2" />
          <Lexeme Id="Stem:po" GlossId="QQUCKifP" />
        </Cluster>
        <Cluster>
          <Range Index="8" Length="2" />
          <Lexeme Id="Word:ni" GlossId="DKXEBqTO" />
        </Cluster>
        <Cluster>
          <Range Index="8" Length="2" />
          <Lexeme Id="Stem:ni" GlossId="BNNFu+/Y" />
        </Cluster>
        <Cluster>
          <Range Index="11" Length="5" />
          <Lexeme Id="Stem:ashak" GlossId="+fr0QgiM" />
        </Cluster>
        <Cluster>
          <Range Index="11" Length="5" />
          <Lexeme Id="Word:ashak" GlossId="+fr0QgiM" />
        </Cluster>
        <Cluster>
          <Range Index="11" Length="8" />
          <Lexeme Id="Phrase:ashak kɨ" GlossId="GaqpQrIP" />
        </Cluster>
        <Cluster>
          <Range Index="17" Length="2" />
          <Lexeme Id="Word:kɨ" GlossId="XnpMLw0H" />
        </Cluster>
        <Cluster>
          <Range Index="20" Length="4" />
          <Lexeme Id="Word:naan" GlossId="//z9+y4o" />
        </Cluster>
        <Cluster>
          <Range Index="20" Length="4" />
          <Lexeme Id="Stem:naan" GlossId="//z9+y4o" />
        </Cluster>
        <Cluster>
          <Range Index="25" Length="6" />
          <Lexeme Id="Word:pugyet" GlossId="jVqNHOwM" />
        </Cluster>
        <Cluster>
          <Range Index="32" Length="2" />
          <Lexeme Id="Word:ɗi" GlossId="H0eEJSBq" />
        </Cluster>
        <Cluster>
          <Range Index="32" Length="2" />
          <Lexeme Id="Stem:ɗi" GlossId="5+fqaSjH" />
        </Cluster>
        <Cluster>
          <Range Index="35" Length="5" />
          <Lexeme Id="Prefix:n" GlossId="oYKLxMWO" />
          <Lexeme Id="Stem:shee" GlossId="RjBkAF+K" />
        </Cluster>
        <Cluster>
          <Range Index="35" Length="5" />
          <Lexeme Id="Word:nshee" GlossId="OvIQxj87" />
        </Cluster>
      </VerseData>
    </item>
    <item>
      <string>JHN 1:3</string>
      <VerseData Hash="9D0970AE">
        <Cluster>
          <Range Index="5" Length="4" />
          <Lexeme Id="Word:naan" GlossId="//z9+y4o" />
        </Cluster>
        <Cluster>
          <Range Index="5" Length="4" />
          <Lexeme Id="Stem:naan" GlossId="//z9+y4o" />
        </Cluster>
        <Cluster>
          <Range Index="10" Length="2" />
          <Lexeme Id="Word:le" GlossId="RZLnK57Q" />
        </Cluster>
        <Cluster>
          <Range Index="10" Length="2" />
          <Lexeme Id="Stem:le" GlossId="VHoOsRiZ" />
        </Cluster>
        <Cluster>
          <Range Index="13" Length="4" />
          <Lexeme Id="Word:mbii" GlossId="UfUPqJOW" />
        </Cluster>
        <Cluster>
          <Range Index="13" Length="4" />
          <Lexeme Id="Stem:mbii" GlossId="P7b0jpT2" />
        </Cluster>
        <Cluster>
          <Range Index="18" Length="2" />
          <Lexeme Id="Word:mo" GlossId="2aJ5bkAV" />
        </Cluster>
        <Cluster>
          <Range Index="18" Length="2" />
          <Lexeme Id="Stem:mo" GlossId="2aJ5bkAV" />
        </Cluster>
        <Cluster>
          <Range Index="21" Length="3" />
          <Lexeme Id="Word:jir" GlossId="EuVxUJcg" />
        </Cluster>
        <Cluster>
          <Range Index="13" Length="11" />
          <Lexeme Id="Phrase:mbii mo jir" GlossId="l2bTc51h" />
        </Cluster>
        <Cluster>
          <Range Index="27" Length="3" />
          <Lexeme Id="Stem:shi" GlossId="3WYTjbYc" />
        </Cluster>
        <Cluster>
          <Range Index="27" Length="3" />
          <Lexeme Id="Word:shi" GlossId="QMZhM/oK" />
        </Cluster>
        <Cluster>
          <Range Index="25" Length="5" />
          <Lexeme Id="Phrase:a shi" GlossId="7GImpraY" />
        </Cluster>
        <Cluster>
          <Range Index="31" Length="4" />
          <Lexeme Id="Word:wuri" GlossId="wzox1LvY" />
        </Cluster>
        <Cluster>
          <Range Index="31" Length="4" />
          <Lexeme Id="Stem:wuri" GlossId="HZNoMMpr" />
        </Cluster>
        <Cluster>
          <Range Index="37" Length="7" />
          <Lexeme Id="Word:ndɨghɨn" GlossId="UueeJ1qM" />
        </Cluster>
        <Cluster>
          <Range Index="45" Length="4" />
          <Lexeme Id="Word:mbii" GlossId="UfUPqJOW" />
        </Cluster>
        <Cluster>
          <Range Index="45" Length="4" />
          <Lexeme Id="Stem:mbii" GlossId="P7b0jpT2" />
        </Cluster>
        <Cluster>
          <Range Index="50" Length="2" />
          <Lexeme Id="Word:ɗi" GlossId="DPU98lCE" />
        </Cluster>
        <Cluster>
          <Range Index="50" Length="2" />
          <Lexeme Id="Stem:ɗi" GlossId="R6/NolZZ" />
        </Cluster>
        <Cluster>
          <Range Index="53" Length="4" />
          <Lexeme Id="Word:naan" GlossId="//z9+y4o" />
        </Cluster>
        <Cluster>
          <Range Index="53" Length="4" />
          <Lexeme Id="Stem:naan" GlossId="//z9+y4o" />
        </Cluster>
        <Cluster>
          <Range Index="58" Length="4" />
          <Lexeme Id="Word:wuri" GlossId="X3W44pH8" />
        </Cluster>
        <Cluster>
          <Range Index="58" Length="4" />
          <Lexeme Id="Stem:wuri" GlossId="X3W44pH8" />
        </Cluster>
        <Cluster>
          <Range Index="63" Length="2" />
          <Lexeme Id="Word:le" GlossId="RZLnK57Q" />
        </Cluster>
        <Cluster>
          <Range Index="63" Length="2" />
          <Lexeme Id="Stem:le" GlossId="VHoOsRiZ" />
        </Cluster>
        <Cluster>
          <Range Index="66" Length="2" />
          <Lexeme Id="Word:mo" GlossId="2aJ5bkAV" />
        </Cluster>
        <Cluster>
          <Range Index="66" Length="2" />
          <Lexeme Id="Stem:mo" GlossId="2aJ5bkAV" />
        </Cluster>
        <Cluster>
          <Range Index="69" Length="3" />
          <Lexeme Id="Word:jir" GlossId="EuVxUJcg" />
        </Cluster>
        <Cluster>
          <Range Index="74" Length="2" />
          <Lexeme Id="Word:ɓe" GlossId="JjCJ3uk8" />
        </Cluster>
        <Cluster>
          <Range Index="77" Length="4" />
          <Lexeme Id="Word:naan" GlossId="//z9+y4o" />
        </Cluster>
        <Cluster>
          <Range Index="77" Length="4" />
          <Lexeme Id="Stem:naan" GlossId="//z9+y4o" />
        </Cluster>
        <Cluster>
          <Range Index="82" Length="2" />
          <Lexeme Id="Word:le" GlossId="RZLnK57Q" />
        </Cluster>
        <Cluster>
          <Range Index="82" Length="2" />
          <Lexeme Id="Stem:le" GlossId="VHoOsRiZ" />
        </Cluster>
        <Cluster>
          <Range Index="85" Length="2" />
          <Lexeme Id="Word:mo" GlossId="Gbpyilzw" />
        </Cluster>
        <Cluster>
          <Range Index="85" Length="2" />
          <Lexeme Id="Stem:mo" GlossId="Od73SPlt" />
        </Cluster>
        <Cluster>
          <Range Index="90" Length="3" />
          <Lexeme Id="Word:shi" GlossId="cQ/0QcmW" />
        </Cluster>
        <Cluster>
          <Range Index="90" Length="3" />
          <Lexeme Id="Stem:shi" GlossId="zHorKqbz" />
        </Cluster>
        <Cluster>
          <Range Index="88" Length="5" />
          <Lexeme Id="Phrase:a shi" GlossId="SjaQWLZI" />
        </Cluster>
        <Cluster>
          <Range Index="94" Length="4" />
          <Lexeme Id="Word:wuri" GlossId="wzox1LvY" />
        </Cluster>
        <Cluster>
          <Range Index="94" Length="4" />
          <Lexeme Id="Stem:wuri" GlossId="HZNoMMpr" />
        </Cluster>
        <Cluster>
          <Range Index="88" Length="1" />
          <Lexeme Id="Word:a" GlossId="6WdxiA6A" />
        </Cluster>
        <Cluster>
          <Range Index="25" Length="1" />
          <Lexeme Id="Word:a" GlossId="6WdxiA6A" />
        </Cluster>
      </VerseData>
    </item>
    <item>
      <string>JHN 1:4</string>
      <VerseData Hash="60DC986A">
        <Cluster>
          <Range Index="22" Length="4" />
          <Lexeme Id="Word:seen" GlossId="FxpcxeOW" />
        </Cluster>
        <Cluster>
          <Range Index="22" Length="4" />
          <Lexeme Id="Stem:seen" GlossId="FxpcxeOW" />
        </Cluster>
        <Cluster>
          <Range Index="28" Length="4" />
          <Lexeme Id="Word:seen" GlossId="FxpcxeOW" />
        </Cluster>
        <Cluster>
          <Range Index="28" Length="4" />
          <Lexeme Id="Stem:seen" GlossId="FxpcxeOW" />
        </Cluster>
        <Cluster>
          <Range Index="33" Length="5" />
          <Lexeme Id="Word:ɗiisi" GlossId="Qo16oV7v" />
        </Cluster>
        <Cluster>
          <Range Index="39" Length="2" />
          <Lexeme Id="Word:ni" GlossId="chk1yC/e" />
        </Cluster>
        <Cluster>
          <Range Index="39" Length="2" />
          <Lexeme Id="Stem:ni" GlossId="chk1yC/e" />
        </Cluster>
        <Cluster>
          <Range Index="42" Length="2" />
          <Lexeme Id="Word:jì" GlossId="XNzN3lZr" />
        </Cluster>
        <Cluster>
          <Range Index="42" Length="2" />
          <Lexeme Id="Stem:jì" GlossId="XNzN3lZr" />
        </Cluster>
        <Cluster>
          <Range Index="45" Length="2" />
          <Lexeme Id="Word:kɨ" GlossId="XnpMLw0H" />
        </Cluster>
        <Cluster>
          <Range Index="63" Length="2" />
          <Lexeme Id="Word:mo" GlossId="2aJ5bkAV" />
        </Cluster>
        <Cluster>
          <Range Index="63" Length="2" />
          <Lexeme Id="Stem:mo" GlossId="2aJ5bkAV" />
        </Cluster>
        <Cluster>
          <Range Index="56" Length="6" />
          <Lexeme Id="Prefix:n" GlossId="p6M/XpAL" />
          <Lexeme Id="Stem:gurum" GlossId="t4FCOHpd" />
        </Cluster>
        <Cluster>
          <Range Index="56" Length="6" />
          <Lexeme Id="Word:ngurum" GlossId="7uOzGDmF" />
        </Cluster>
        <Cluster>
          <Range Index="48" Length="7" />
          <Lexeme Id="Stem:pee" GlossId="xMzApNtG" />
          <Lexeme Id="Stem:ɓang" GlossId="LyA4u662" />
        </Cluster>
        <Cluster>
          <Range Index="48" Length="7" />
          <Lexeme Id="Word:peeɓang" GlossId="CliVL0NL" />
        </Cluster>
        <Cluster>
          <Range Index="15" Length="3" />
          <Lexeme Id="Word:kuk" GlossId="w+OJ90OU" />
        </Cluster>
        <Cluster>
          <Range Index="19" Length="2" />
          <Lexeme Id="Word:mu" GlossId="D5/R9ixx" />
        </Cluster>
        <Cluster>
          <Range Index="19" Length="2" />
          <Lexeme Id="Stem:mu" GlossId="Mqf97yhY" />
        </Cluster>
        <Cluster>
          <Range Index="13" Length="1" />
          <Lexeme Id="Word:a" GlossId="WT42eOvt" />
        </Cluster>
        <Cluster>
          <Range Index="5" Length="1" />
          <Lexeme Id="Word:a" GlossId="QEVzPhrw" />
        </Cluster>
        <Cluster>
          <Range Index="7" Length="2" />
          <Lexeme Id="Word:po" GlossId="8M8q08ZC" />
        </Cluster>
        <Cluster>
          <Range Index="7" Length="2" />
          <Lexeme Id="Stem:po" GlossId="QQUCKifP" />
        </Cluster>
        <Cluster>
          <Range Index="10" Length="2" />
          <Lexeme Id="Word:ni" GlossId="DKXEBqTO" />
        </Cluster>
        <Cluster>
          <Range Index="10" Length="2" />
          <Lexeme Id="Stem:ni" GlossId="BNNFu+/Y" />
        </Cluster>
      </VerseData>
    </item>
    <item>
      <string>JHN 1:5</string>
      <VerseData Hash="8C4292C6">
        <Cluster>
          <Range Index="16" Length="7" />
          <Lexeme Id="Stem:ɓang" GlossId="LyA4u662" />
          <Lexeme Id="Stem:pee" GlossId="xMzApNtG" />
        </Cluster>
        <Cluster>
          <Range Index="13" Length="2" />
          <Lexeme Id="Word:ni" GlossId="DKXEBqTO" />
        </Cluster>
        <Cluster>
          <Range Index="5" Length="7" />
          <Lexeme Id="Word:peeɓang" GlossId="CliVL0NL" />
        </Cluster>
        <Cluster>
          <Range Index="5" Length="7" />
          <Lexeme Id="Stem:pee" GlossId="xMzApNtG" />
          <Lexeme Id="Stem:ɓang" GlossId="LyA4u662" />
        </Cluster>
        <Cluster>
          <Range Index="16" Length="7" />
          <Lexeme Id="Word:ɓangpee" GlossId="mq71XxgI" />
        </Cluster>
        <Cluster>
          <Range Index="13" Length="2" />
          <Lexeme Id="Stem:ni" GlossId="BNNFu+/Y" />
        </Cluster>
        <Cluster>
          <Range Index="24" Length="4" />
          <Lexeme Id="Word:mɓut" GlossId="l3Kb9bRB" />
        </Cluster>
        <Cluster>
          <Range Index="24" Length="4" />
          <Lexeme Id="Stem:m" GlossId="r4ZjiYRb" />
          <Lexeme Id="Stem:ɓut" GlossId="UjLgbtt4" />
        </Cluster>
        <Cluster>
          <Range Index="29" Length="4" />
          <Lexeme Id="Stem:n" GlossId="fRaPiey+" />
          <Lexeme Id="Stem:koo" GlossId="F+M+nLlX" />
        </Cluster>
        <Cluster>
          <Range Index="29" Length="4" />
          <Lexeme Id="Word:nkoo" GlossId="JUY+h/Cy" />
        </Cluster>
        <Cluster>
          <Range Index="35" Length="4" />
          <Lexeme Id="Word:amma" GlossId="MOUHwOa5" />
        </Cluster>
        <Cluster>
          <Range Index="40" Length="2" />
          <Lexeme Id="Word:ba" GlossId="QqAQUdvE" />
        </Cluster>
        <Cluster>
          <Range Index="51" Length="2" />
          <Lexeme Id="Word:ni" GlossId="DKXEBqTO" />
        </Cluster>
        <Cluster>
          <Range Index="51" Length="2" />
          <Lexeme Id="Stem:ni" GlossId="BNNFu+/Y" />
        </Cluster>
        <Cluster>
          <Range Index="54" Length="3" />
          <Lexeme Id="Stem:mak" GlossId="G4ncY/FO" />
        </Cluster>
        <Cluster>
          <Range Index="54" Length="3" />
          <Lexeme Id="Word:mak" GlossId="G4ncY/FO" />
        </Cluster>
        <Cluster>
          <Range Index="58" Length="2" />
          <Lexeme Id="Word:se" GlossId="+XZGi8sA" />
        </Cluster>
        <Cluster>
          <Range Index="58" Length="12" />
          <Lexeme Id="Phrase:se koghorong" GlossId="ixygHl5N" />
        </Cluster>
        <Cluster>
          <Range Index="61" Length="9" />
          <Lexeme Id="Word:koghorong" GlossId="eNiO6Mlj" />
        </Cluster>
        <Cluster>
          <Range Index="61" Length="9" />
          <Lexeme Id="Stem:koghorong" GlossId="xQJ4kPWw" />
        </Cluster>
        <Cluster>
          <Range Index="58" Length="2" />
          <Lexeme Id="Stem:se" GlossId="+XZGi8sA" />
        </Cluster>
        <Cluster>
          <Range Index="71" Length="4" />
          <Lexeme Id="Word:nkaa" GlossId="SB2cnnkB" />
        </Cluster>
        <Cluster>
          <Range Index="76" Length="2" />
          <Lexeme Id="Word:ni" GlossId="chk1yC/e" />
        </Cluster>
        <Cluster>
          <Range Index="76" Length="2" />
          <Lexeme Id="Stem:ni" GlossId="chk1yC/e" />
        </Cluster>
        <Cluster>
          <Range Index="71" Length="4" />
          <Lexeme Id="Stem:n" GlossId="fRaPiey+" />
          <Lexeme Id="Stem:kaa" GlossId="V+WN31tu" />
        </Cluster>
        <Cluster>
          <Range Index="79" Length="3" />
          <Lexeme Id="Word:kas" GlossId="cxkywNrt" />
        </Cluster>
        <Cluster>
          <Range Index="43" Length="7" />
          <Lexeme Id="Stem:pee" GlossId="xMzApNtG" />
          <Lexeme Id="Stem:n" GlossId="y5rOwm4a" />
          <Lexeme Id="Stem:koo" GlossId="F+M+nLlX" />
        </Cluster>
        <Cluster>
          <Range Index="43" Length="7" />
          <Lexeme Id="Word:peenkoo" GlossId="wSC2iPpl" />
        </Cluster>
      </VerseData>
    </item>
    <item>
      <string>JHN 1:6</string>
      <VerseData Hash="C3EEA55E">
        <Cluster>
          <Range Index="5" Length="4" />
          <Lexeme Id="Word:naan" GlossId="//z9+y4o" />
        </Cluster>
        <Cluster>
          <Range Index="5" Length="4" />
          <Lexeme Id="Stem:naan" GlossId="//z9+y4o" />
        </Cluster>
        <Cluster>
          <Range Index="10" Length="3" />
          <Lexeme Id="Stem:lop" GlossId="3IqtZkar" />
        </Cluster>
        <Cluster>
          <Range Index="10" Length="3" />
          <Lexeme Id="Word:lop" GlossId="UYHJtYl0" />
        </Cluster>
        <Cluster>
          <Range Index="14" Length="3" />
          <Lexeme Id="Stem:mee" GlossId="O+qEMcWq" />
        </Cluster>
        <Cluster>
          <Range Index="14" Length="3" />
          <Lexeme Id="Word:mee" GlossId="FvQwDmZK" />
        </Cluster>
        <Cluster>
          <Range Index="18" Length="4" />
          <Lexeme Id="Stem:gwar" GlossId="AR1LN47Y" />
        </Cluster>
        <Cluster>
          <Range Index="18" Length="4" />
          <Lexeme Id="Word:gwar" GlossId="HvWdGA2D" />
        </Cluster>
        <Cluster>
          <Range Index="23" Length="2" />
          <Lexeme Id="Word:ɗi" GlossId="DPU98lCE" />
        </Cluster>
        <Cluster>
          <Range Index="23" Length="2" />
          <Lexeme Id="Stem:ɗi" GlossId="R6/NolZZ" />
        </Cluster>
        <Cluster>
          <Range Index="26" Length="3" />
          <Lexeme Id="Word:sum" GlossId="VlQzaxCz" />
        </Cluster>
        <Cluster>
          <Range Index="26" Length="3" />
          <Lexeme Id="Stem:sum" GlossId="7lJlgR89" />
        </Cluster>
        <Cluster>
          <Range Index="30" Length="4" />
          <Lexeme Id="Word:fɨri" GlossId="sp3uK4z9" />
        </Cluster>
        <Cluster>
          <Range Index="35" Length="1" />
          <Lexeme Id="Word:a" GlossId="WT42eOvt" />
        </Cluster>
        <Cluster>
          <Range Index="37" Length="4" />
          <Lexeme Id="Word:joon" GlossId="pCj4Ausr" />
        </Cluster>
      </VerseData>
    </item>
    <item>
      <string>JHN 1:7</string>
      <VerseData>
        <Cluster>
          <Range Index="5" Length="4" />
          <Lexeme Id="Word:wuri" GlossId="X3W44pH8" />
        </Cluster>
        <Cluster>
          <Range Index="5" Length="4" />
          <Lexeme Id="Stem:wuri" GlossId="X3W44pH8" />
        </Cluster>
        <Cluster>
          <Range Index="10" Length="2" />
          <Lexeme Id="Stem:jì" GlossId="XNzN3lZr" />
        </Cluster>
        <Cluster>
          <Range Index="10" Length="2" />
          <Lexeme Id="Word:jì" GlossId="XNzN3lZr" />
        </Cluster>
        <Cluster>
          <Range Index="15" Length="6" />
          <Lexeme Id="Word:mpeeku" GlossId="TQsSkm7i" />
        </Cluster>
        <Cluster>
          <Range Index="22" Length="4" />
          <Lexeme Id="Word:wuri" GlossId="X3W44pH8" />
        </Cluster>
        <Cluster>
          <Range Index="22" Length="4" />
          <Lexeme Id="Stem:wuri" GlossId="X3W44pH8" />
        </Cluster>
        <Cluster>
          <Range Index="27" Length="5" />
          <Lexeme Id="Stem:sat" GlossId="syHYRBSY" />
          <Lexeme Id="Stem:po" GlossId="QQUCKifP" />
        </Cluster>
        <Cluster>
          <Range Index="27" Length="5" />
          <Lexeme Id="Word:satpo" GlossId="me0wbwrt" />
        </Cluster>
        <Cluster>
          <Range Index="33" Length="2" />
          <Lexeme Id="Word:ɗi" GlossId="DPU98lCE" />
        </Cluster>
        <Cluster>
          <Range Index="33" Length="2" />
          <Lexeme Id="Stem:ɗi" GlossId="R6/NolZZ" />
        </Cluster>
        <Cluster>
          <Range Index="43" Length="2" />
          <Lexeme Id="Word:mo" GlossId="2aJ5bkAV" />
        </Cluster>
        <Cluster>
          <Range Index="43" Length="2" />
          <Lexeme Id="Stem:mo" GlossId="2aJ5bkAV" />
        </Cluster>
        <Cluster>
          <Range Index="36" Length="6" />
          <Lexeme Id="Prefix:n" GlossId="p6M/XpAL" />
          <Lexeme Id="Stem:gurum" GlossId="t4FCOHpd" />
        </Cluster>
        <Cluster>
          <Range Index="46" Length="4" />
          <Lexeme Id="Word:nkaa" GlossId="lO2e81FQ" />
        </Cluster>
        <Cluster>
          <Range Index="51" Length="7" />
          <Lexeme Id="Word:peeɓang" GlossId="CliVL0NL" />
        </Cluster>
        <Cluster>
          <Range Index="59" Length="2" />
          <Lexeme Id="Word:ni" GlossId="DKXEBqTO" />
        </Cluster>
        <Cluster>
          <Range Index="51" Length="7" />
          <Lexeme Id="Stem:pee" GlossId="xMzApNtG" />
          <Lexeme Id="Stem:ɓang" GlossId="LyA4u662" />
        </Cluster>
        <Cluster>
          <Range Index="46" Length="4" />
          <Lexeme Id="Stem:n" GlossId="fRaPiey+" />
          <Lexeme Id="Stem:kaa" GlossId="V+WN31tu" />
        </Cluster>
        <Cluster>
          <Range Index="59" Length="2" />
          <Lexeme Id="Stem:ni" GlossId="chk1yC/e" />
        </Cluster>
        <Cluster>
          <Range Index="63" Length="6" />
          <Lexeme Id="Word:mpeeku" GlossId="TQsSkm7i" />
        </Cluster>
        <Cluster>
          <Range Index="70" Length="5" />
          <Lexeme Id="Word:gurum" GlossId="LxPVBwme" />
        </Cluster>
        <Cluster>
          <Range Index="70" Length="5" />
          <Lexeme Id="Stem:gurum" GlossId="t4FCOHpd" />
        </Cluster>
        <Cluster>
          <Range Index="76" Length="2" />
          <Lexeme Id="Word:mo" GlossId="2aJ5bkAV" />
        </Cluster>
        <Cluster>
          <Range Index="76" Length="2" />
          <Lexeme Id="Stem:mo" GlossId="2aJ5bkAV" />
        </Cluster>
        <Cluster>
          <Range Index="70" Length="8" />
          <Lexeme Id="Phrase:gurum mo" GlossId="OvF0/jSv" />
        </Cluster>
        <Cluster>
          <Range Index="79" Length="6" />
          <Lexeme Id="Word:kɨling" GlossId="6MN8GuIB" />
        </Cluster>
        <Cluster>
          <Range Index="79" Length="6" />
          <Lexeme Id="Stem:kɨling" GlossId="6MN8GuIB" />
        </Cluster>
        <Cluster>
          <Range Index="87" Length="2" />
          <Lexeme Id="Word:ku" GlossId="tEj7rhh/" />
        </Cluster>
        <Cluster>
          <Range Index="90" Length="2" />
          <Lexeme Id="Word:mo" GlossId="LxjF2idy" />
        </Cluster>
        <Cluster>
          <Range Index="90" Length="2" />
          <Lexeme Id="Stem:mo" GlossId="aD1WoOyt" />
        </Cluster>
        <Cluster>
          <Range Index="93" Length="7" />
          <Lexeme Id="Word:cinzeen" GlossId="osFsWFwz" />
        </Cluster>
        <Cluster>
          <Range Index="101" Length="2" />
          <Lexeme Id="Word:ɗi" GlossId="DPU98lCE" />
        </Cluster>
        <Cluster>
          <Range Index="104" Length="3" />
          <Lexeme Id="Word:mpo" GlossId="Lk85ACoc" />
        </Cluster>
        <Cluster>
          <Range Index="104" Length="3" />
          <Lexeme Id="Stem:m" GlossId="r4ZjiYRb" />
          <Lexeme Id="Suffix:po" GlossId="GD98FzzG" />
        </Cluster>
        <Cluster>
          <Range Index="108" Length="2" />
          <Lexeme Id="Word:ɗi" GlossId="DPU98lCE" />
        </Cluster>
        <Cluster>
          <Range Index="108" Length="2" />
          <Lexeme Id="Stem:ɗi" GlossId="R6/NolZZ" />
        </Cluster>
        <Cluster>
          <Range Index="111" Length="4" />
          <Lexeme Id="Word:wuri" GlossId="X3W44pH8" />
        </Cluster>
        <Cluster>
          <Range Index="111" Length="4" />
          <Lexeme Id="Stem:wuri" GlossId="X3W44pH8" />
        </Cluster>
        <Cluster>
          <Range Index="116" Length="3" />
          <Lexeme Id="Word:sat" GlossId="syHYRBSY" />
        </Cluster>
        <Cluster>
          <Range Index="116" Length="3" />
          <Lexeme Id="Stem:sat" GlossId="syHYRBSY" />
        </Cluster>
        <Cluster>
          <Range Index="120" Length="2" />
          <Lexeme Id="Word:ni" GlossId="DKXEBqTO" />
        </Cluster>
        <Cluster>
          <Range Index="120" Length="2" />
          <Lexeme Id="Stem:ni" GlossId="BNNFu+/Y" />
        </Cluster>
        <Cluster>
          <Range Index="101" Length="2" />
          <Lexeme Id="Stem:ɗi" GlossId="R6/NolZZ" />
        </Cluster>
        <Cluster>
          <Range Index="93" Length="7" />
          <Lexeme Id="Stem:cin" GlossId="9DhDGV91" />
          <Lexeme Id="Stem:zeen" GlossId="NjjHQ4RV" />
        </Cluster>
        <Cluster>
          <Range Index="36" Length="6" />
          <Lexeme Id="Word:ngurum" GlossId="7uOzGDmF" />
        </Cluster>
      </VerseData>
    </item>
    <item>
      <string>JHN 8:29</string>
      <VerseData />
    </item>
    <item>
      <string>JHN 8:28</string>
      <VerseData>
        <Cluster>
          <Range Index="53" Length="13" />
          <Lexeme Id="Phrase:làa kɨ̀ gurum" GlossId="st4in+NX" />
        </Cluster>
        <Cluster>
          <Range Index="72" Length="20" />
          <Lexeme Id="Phrase:shiyeepyoghom ɗangɓe" />
        </Cluster>
        <Cluster>
          <Range Index="72" Length="13" />
          <Lexeme Id="Stem:shiyeep" />
          <Lexeme Id="Suffix:yoghom" GlossId="UkW+AS+Z" />
        </Cluster>
      </VerseData>
    </item>
    <item>
      <string>JHN 5:30</string>
      <VerseData />
    </item>
    <item>
      <string>JHN 8:16</string>
      <VerseData />
    </item>
    <item>
      <string>JHN 3:14</string>
      <VerseData>
        <Cluster>
          <Range Index="62" Length="7" />
          <Lexeme Id="Word:shiyeep" GlossId="53nMRWSK" />
        </Cluster>
        <Cluster>
          <Range Index="62" Length="7" />
          <Lexeme Id="Stem:shiyeep" />
        </Cluster>
      </VerseData>
    </item>
    <item>
      <string>JHN 4:35</string>
      <VerseData>
        <Cluster>
          <Range Index="46" Length="9" />
          <Lexeme Id="Phrase:waap mang" GlossId="0X0hRcxq" />
        </Cluster>
      </VerseData>
    </item>
  </Verses>
</InterlinearData>