﻿<?xml version="1.0" encoding="utf-8"?>
<InterlinearData ScrTextName="zz_SUR" GlossLanguage="English" BookId="SNG">
  <Verses>
    <item>
      <string>SNG 1:1</string>
      <VerseData />
    </item>
    <item>
      <string>SNG 4:16</string>
      <VerseData>
        <Cluster>
          <Range Index="78" Length="5" />
          <Lexeme Id="Word:mbong" GlossId="7JWzFATy" />
        </Cluster>
        <Cluster>
          <Range Index="207" Length="4" />
          <Lexeme Id="Stem:kyam" GlossId="niH7tWUP" />
        </Cluster>
        <Cluster>
          <Range Index="207" Length="4" />
          <Lexeme Id="Word:kyam" GlossId="t9pGKeBe" />
        </Cluster>
        <Cluster>
          <Range Index="212" Length="8" />
          <Lexeme Id="Phrase:laa ting" GlossId="GOZjM3Tg" />
        </Cluster>
      </VerseData>
    </item>
    <item>
      <string>SNG 4:2</string>
      <VerseData>
        <Cluster>
          <Range Index="22" Length="4" />
          <Lexeme Id="Stem:pyaa" GlossId="UrgaWcsv" />
        </Cluster>
        <Cluster>
          <Range Index="22" Length="4" />
          <Lexeme Id="Word:pyaa" GlossId="qmlHYwZR" />
        </Cluster>
        <Cluster>
          <Range Index="27" Length="1" />
          <Lexeme Id="Word:a" GlossId="WT42eOvt" />
        </Cluster>
        <Cluster>
          <Range Index="38" Length="2" />
          <Lexeme Id="Word:kɨ" GlossId="gYGthKa8" />
        </Cluster>
        <Cluster>
          <Range Index="58" Length="4" />
          <Lexeme Id="Prefix:n" />
          <Lexeme Id="Stem:sak" GlossId="kbhsDMY5" />
        </Cluster>
        <Cluster>
          <Range Index="63" Length="6" />
          <Lexeme Id="Word:shwoop" GlossId="uacsmZde" />
        </Cluster>
        <Cluster>
          <Range Index="92" Length="6" />
          <Lexeme Id="Stem:n" />
          <Lexeme Id="Stem:vwang" />
        </Cluster>
        <Cluster>
          <Range Index="11" Length="3" />
          <Lexeme Id="Word:fii" GlossId="IkKVxz3y" />
        </Cluster>
        <Cluster>
          <Range Index="18" Length="3" />
          <Lexeme Id="Word:tap" GlossId="i0jISuo0" />
        </Cluster>
      </VerseData>
    </item>
    <item>
      <string>SNG 6:6</string>
      <VerseData>
        <Cluster>
          <Range Index="61" Length="6" />
          <Lexeme Id="Stem:n" GlossId="rGGb0gEr" />
          <Lexeme Id="Stem:vwang" GlossId="yb48tU+d" />
        </Cluster>
        <Cluster>
          <Range Index="61" Length="6" />
          <Lexeme Id="Word:nvwang" GlossId="7re30nXV" />
        </Cluster>
        <Cluster>
          <Range Index="54" Length="6" />
          <Lexeme Id="Stem:yaghal" GlossId="aia34R7E" />
        </Cluster>
        <Cluster>
          <Range Index="54" Length="6" />
          <Lexeme Id="Word:yaghal" GlossId="OItB34pe" />
        </Cluster>
        <Cluster>
          <Range Index="23" Length="5" />
          <Lexeme Id="Stem:pɨyaa" />
        </Cluster>
      </VerseData>
    </item>
  </Verses>
</InterlinearData>