﻿<?xml version="1.0" encoding="utf-8"?>
<InterlinearData ScrTextName="zz_SUR" GlossLanguage="en" BookId="NEH">
  <Verses>
    <item>
      <string>NEH 7:21</string>
      <VerseData>
        <Cluster>
          <Range Index="11" Length="3" />
          <Lexeme Id="Word:kɨ̀" GlossId="WzORqb7y" />
        </Cluster>
        <Cluster>
          <Range Index="47" Length="2" />
          <Lexeme Id="Word:mo" GlossId="9D8Tkpvv" />
        </Cluster>
        <Cluster>
          <Range Index="24" Length="2" />
          <Lexeme Id="Word:mo" GlossId="9D8Tkpvv" />
        </Cluster>
      </VerseData>
    </item>
    <item>
      <string>NEH 9:0</string>
      <VerseData />
    </item>
    <item>
      <string>NEH 9:10</string>
      <VerseData>
        <Cluster>
          <Range Index="158" Length="7" />
          <Lexeme Id="Word:nyaghas" GlossId="Wnya4wvt" />
        </Cluster>
        <Cluster>
          <Range Index="158" Length="7" />
          <Lexeme Id="Stem:nyaghas" GlossId="OSpSEX/7" />
        </Cluster>
      </VerseData>
    </item>
    <item>
      <string>NEH 9:29</string>
      <VerseData>
        <Cluster>
          <Range Index="254" Length="7" />
          <Lexeme Id="Word:nyaghas" GlossId="sAloMUO6" />
        </Cluster>
        <Cluster>
          <Range Index="254" Length="7" />
          <Lexeme Id="Stem:nyaghas" GlossId="cRlWDk6E" />
        </Cluster>
      </VerseData>
    </item>
    <item>
      <string>NEH 8:0</string>
      <VerseData />
    </item>
    <item>
      <string>NEH 8:1</string>
      <VerseData>
        <Cluster>
          <Range Index="10" Length="8" />
          <Lexeme Id="Word:ɗiipovul" GlossId="ZGNOnqnq" />
        </Cluster>
        <Cluster>
          <Range Index="10" Length="8" />
          <Lexeme Id="Prefix:ɗii" />
          <Lexeme Id="Stem:povul" />
        </Cluster>
      </VerseData>
    </item>
    <item>
      <string>NEH 7:73</string>
      <VerseData />
    </item>
    <item>
      <string>NEH 2:0</string>
      <VerseData />
    </item>
    <item>
      <string>NEH 2:13</string>
      <VerseData />
    </item>
    <item>
      <string>NEH 2:12</string>
      <VerseData>
        <Cluster>
          <Range Index="231" Length="3" />
          <Lexeme Id="Word:ɗak" GlossId="sBKVZcXX" />
        </Cluster>
      </VerseData>
    </item>
  </Verses>
</InterlinearData>