﻿<?xml version="1.0" encoding="utf-8"?>
<InterlinearData ScrTextName="zz_SUR" GlossLanguage="English" BookId="HOS">
  <Verses>
    <item>
      <string>HOS 1:1</string>
      <VerseData />
    </item>
    <item>
      <string>HOS 1:2</string>
      <VerseData>
        <Cluster>
          <Range Index="123" Length="4" />
          <Lexeme Id="Word:ngaa" GlossId="t2MEBAkW" />
        </Cluster>
        <Cluster>
          <Range Index="123" Length="4" />
          <Lexeme Id="Stem:ngaa" GlossId="TfQQqhqU" />
        </Cluster>
      </VerseData>
    </item>
    <item>
      <string>HOS 2:1</string>
      <VerseData>
        <Cluster>
          <Range Index="228" Length="4" />
          <Lexeme Id="Word:ngaa" GlossId="t2MEBAkW" />
        </Cluster>
      </VerseData>
    </item>
    <item>
      <string>HOS 2:2</string>
      <VerseData />
    </item>
    <item>
      <string>HOS 2:5</string>
      <VerseData />
    </item>
    <item>
      <string>HOS 2:7</string>
      <VerseData />
    </item>
  </Verses>
</InterlinearData>