﻿<?xml version="1.0" encoding="utf-8"?>
<InterlinearData ScrTextName="zz_SUR" GlossLanguage="English" BookId="2TH">
  <Verses>
    <item>
      <string>2TH 2:0</string>
      <VerseData />
    </item>
    <item>
      <string>2TH 2:10</string>
      <VerseData>
        <Cluster>
          <Range Index="162" Length="3" />
          <Lexeme Id="Word:wal" GlossId="XhB99WHN" />
        </Cluster>
        <Cluster>
          <Range Index="166" Length="5" />
          <Lexeme Id="Prefix:n" GlossId="MnzIYWQK" />
          <Lexeme Id="Stem:zeen" GlossId="NjjHQ4RV" />
        </Cluster>
        <Cluster>
          <Range Index="166" Length="5" />
          <Lexeme Id="Word:nzeen" GlossId="kfTx49ms" />
        </Cluster>
      </VerseData>
    </item>
  </Verses>
</InterlinearData>