﻿<?xml version="1.0" encoding="utf-8"?>
<InterlinearData ScrTextName="zz_SUR" GlossLanguage="English" BookId="1TH">
  <Verses>
    <item>
      <string>1TH 4:16</string>
      <VerseData>
        <Cluster>
          <Range Index="222" Length="5" />
          <Lexeme Id="Word:nshee" GlossId="OLMrHxQP" />
        </Cluster>
        <Cluster>
          <Range Index="235" Length="1" />
          <Lexeme Id="Word:a" GlossId="6WdxiA6A" />
        </Cluster>
        <Cluster>
          <Range Index="237" Length="7" />
          <Lexeme Id="Word:peemúut" GlossId="M11nnvW+" />
        </Cluster>
      </VerseData>
    </item>
  </Verses>
</InterlinearData>